customerID,CustomerFeedback,HasFeedback,sentiment_label_roberta,sentiment_score_roberta,sentiment_num_roberta
7590-vhveg,,FALSE,,,
5575-gnvde,,FALSE,,,
3668-qpybk,,FALSE,,,
7795-cfocw,,FALSE,,,
9237-hqitu,,FALSE,,,
9305-cdskc,,FALSE,,,
1452-kiovk,,FALSE,,,
6713-okomc,,FALSE,,,
7892-pookp,"i recently decided to cancel my service after 28 months with the company. while i appreciated the fast and reliable fiber optic internet service provided, i found that the monthly charges of $104.80",TRUE,negative,0.8595966696739197,0
6388-tabgu,"i have been a customer with this dsl provider for over five years now and i have been satisfied with the service overall. the automatic bank transfer for payment has been convenient and hassle-free. the monthly charges of $56.15 are reasonable for the internet service i receive. i appreciate the consistency of the service and have not experienced any issues that would lead me to consider churning to a different provider. overall, i am happy with my experience as a long-term customer.",TRUE,positive,0.9511668682098389,2
9763-grskd,,FALSE,,,
7469-lkbci,"i have been a customer with this company for 16 months now and i am happy to say that i have not experienced any issues with their service. the monthly charges of $18.95 are affordable and the automatic credit card payment method makes it convenient for me to pay my bills on time. even though i do not have internet service with them, i have been satisfied with the overall customer experience. i am looking forward to continuing my contract with them for the remaining duration.",TRUE,positive,0.9540302753448486,2
8091-ttvax,,FALSE,,,
0280-xjgex,,FALSE,,,
5129-jlpis,,FALSE,,,
3655-snqyz,,FALSE,,,
8191-xwszg,,FALSE,,,
9959-wofkt,,FALSE,,,
4190-mfluw,,FALSE,,,
4183-myfrb,,FALSE,,,
8779-qrdmv,,FALSE,,,
1680-vdcww,,FALSE,,,
1066-jksgk,,FALSE,,,
3638-weabw,,FALSE,,,
6322-hrpfa,,FALSE,,,
6865-jznko,,FALSE,,,
6467-chfzw,,FALSE,,,
8665-utdhz,,FALSE,,,
5248-ygijn,,FALSE,,,
8773-hhuoz,"i recently decided to switch internet providers after being with this company for 17 months on a month-to-month contract. the dsl service was reliable for the most part, but i found the monthly charges of $64.7 to be a bit on the higher side compared to other providers in the area. additionally, having to mail a check for payment was a bit inconvenient for me. overall, i decided to churn and go with a different provider that offered better value for the price.",TRUE,neutral,0.5061725378036499,1
3841-nfecx,"i have been a customer with this company for over 6 years now and i have been extremely satisfied with the service. the fiber optic internet service is fast and reliable, and the monthly charges are reasonable for the quality of service provided. i appreciate the convenience of automatic credit card payments, as it ensures that my bill is always paid on time. overall, i have had a great experience with this company and would highly recommend them to others.",TRUE,positive,0.9784860610961914,2
4929-xihvw,"i have been a customer with this fiber optic internet service provider for 2 months now, and i am extremely satisfied with the service. the connection is fast and reliable, and i have not experienced any issues with downtime or slow speeds. the automatic payment method with my credit card makes it convenient to pay my monthly bill of $95.5. overall, i would highly recommend this service to others looking for a reliable internet provider.",TRUE,positive,0.9756871461868286,2
6827-ieauq,,FALSE,,,
7310-egvhz,"i have been a customer with this company for just one month, and so far i am very satisfied with the service. the month-to-month contract and automatic bank transfer payment method make it convenient for me to manage my account. although i do not have internet service with this company, the monthly charges of $20.2 are reasonable. i have not experienced any issues with billing or service, so i have no complaints. overall, i am happy with my experience as a new customer.",TRUE,positive,0.9595829844474792,2
3413-bmnze,,FALSE,,,
6234-raapl,,FALSE,,,
6047-yhpvi,,FALSE,,,
6572-adkrs,"i have been a customer with this company for almost 4 years now and i have been extremely satisfied with their fiber optic internet service. the speed and reliability have been top-notch, and i have had no issues with connectivity. the automatic credit card payment method makes it convenient for me to pay my monthly bill on time. even though the monthly charges",TRUE,positive,0.9756956696510315,2
5380-wjkov,"i have been a customer with this company for 34 months now, but unfortunately, i have decided to churn. the monthly charges of $106.35 for fiber optic internet service were reasonable, but i found the service to be inconsistent and unreliable. additionally, the payment method of electro",TRUE,negative,0.9199069142341614,0
8168-uqwwf,,FALSE,,,
8865-tnmnx,,FALSE,,,
9489-dedvp,,FALSE,,,
9867-jczsp,,FALSE,,,
4671-vjlcl,,FALSE,,,
4080-iiard,,FALSE,,,
3714-ntnfo,,FALSE,,,
5948-ujzlf,,FALSE,,,
7760-oypdy,"i recently switched to this fiber optic internet service provider and signed up for a month-to-month contract. however, after just 2 months of service, i decided to cancel due to a better deal",TRUE,neutral,0.6333339214324951,1
7639-liayi,,FALSE,,,
2954-pibko,,FALSE,,,
8012-soudq,"i have been a customer with this company for over 3 years now and i have been very satisfied with the service. the fiber optic internet is fast and reliable, and i have had no issues with connectivity. the monthly charges are reasonable at $90.25 and the option to pay with an electronic",TRUE,positive,0.9721549153327942,2
9420-lojkx,,FALSE,,,
6575-suvoi,,FALSE,,,
7495-ookfy,,FALSE,,,
4667-qonea,,FALSE,,,
1658-bygoy,,FALSE,,,
8769-kktph,,FALSE,,,
5067-xjqfu,"i have been a loyal customer of this internet service provider for over 5 years now, and i have been very satisfied with the fiber optic internet service they offer. the speed and reliability of the connection have been excellent, and i have had no issues with downtime or interruptions.

i appreciate the convenience of being able to pay my monthly bill with an electronic check, and the $108.45 monthly charge for the service is reasonable for the quality of internet i receive.

overall, i have had a positive experience with this provider and would recommend them to others looking for reliable and fast internet service.",TRUE,positive,0.9668075442314148,2
3957-sqxml,,FALSE,,,
5954-bdfsg,,FALSE,,,
0434-csfon,,FALSE,,,
1215-figmp,,FALSE,,,
0526-sxdjp,,FALSE,,,
0557-askvu,,FALSE,,,
5698-bqjoh,,FALSE,,,
5122-cyfxa,"i have been a customer with this dsl internet service provider for 3 months now on a month-to-month contract. i have been satisfied with the service so far and have not experienced any issues that would cause me to consider churning. the monthly charges of $75.3 are reasonable for the internet speed and reliability i am receiving. i appreciate the convenience of paying through electronic check. overall, i am happy with my experience and plan to continue using this service.",TRUE,positive,0.9055678248405457,2
8627-zygsz,,FALSE,,,
3410-yoqbq,,FALSE,,,
3170-nmyvv,,FALSE,,,
7410-oiedu,"""i have been a customer with this company for 10 months now and i am very satisfied with the service. the fiber optic internet is fast and reliable, and i have had no issues with connectivity. the mont",TRUE,positive,0.9741466641426086,2
2273-qckxa,,FALSE,,,
0731-ebjqb,,FALSE,,,
1891-qrqsa,,FALSE,,,
8028-pnxhq,"i have been a customer with this company for over five years now and i have been very satisfied with the service. the automatic bank transfer payment method makes it convenient for me to pay my bill on time every month. even though i do not have internet service with them, the monthly charges of $24.25 for my other services are very reasonable. i have no plans to leave this company anytime soon.",TRUE,positive,0.9477839469909668,2
5630-ahzil,,FALSE,,,
2673-cxqeu,,FALSE,,,
6416-jnvrk,"i have been with this dsl service provider for 46 months now and i have been overall satisfied with the service. the monthly charges of $55.65 are reasonable for the internet speed and reliability i receive. i appreciate the convenience of the automatic credit card payment method, as it ensures that my bills are always paid on time. i have not experienced any issues or outages that would make me consider switching providers. overall, i would recommend this service to others looking for a reliable and affordable internet option.",TRUE,positive,0.9558058381080627,2
5590-zskrv,i have been a customer with this company for 8 months now and i am very satisfied with the service. the monthly charges are reasonable at $54.65 and the dsl internet service has been reliable. i appreciate the flexibility of the month-to-month contract as it gives me the option to easily c,TRUE,positive,0.9741536974906921,2
0191-zhskz,,FALSE,,,
3887-pbqao,,FALSE,,,
5919-tmrgd,,FALSE,,,
8108-uxrqn,,FALSE,,,
9191-myqkx,,FALSE,,,
9919-ylnng,,FALSE,,,
0318-zopws,i have been a customer with this company for almost four years now and i have never experienced any issues with my service or billing. the automatic bank transfer payment method is convenient and ensure,TRUE,positive,0.8925427198410034,2
4445-zjnmu,,FALSE,,,
4808-ynleu,,FALSE,,,
1862-qrwpe,,FALSE,,,
2796-nnufi,,FALSE,,,
3016-ksvcp,,FALSE,,,
4767-hzzhq,,FALSE,,,
2424-wvhpl,,FALSE,,,
7233-pahhl,i have been a customer with this company for over 5 years now and i have been very satisfied with the service. the dsl internet service has been reliable and the monthly c,TRUE,positive,0.9767894148826599,2
6067-ngceu,,FALSE,,,
9848-jqjtx,,FALSE,,,
8637-xjivr,,FALSE,,,
9803-ftjcg,,FALSE,,,
0278-yxoog,,FALSE,,,
3212-kxocr,,FALSE,,,
4598-xlknj,,FALSE,,,
6380-arceh,,FALSE,,,
3679-xaspy,"i have been a customer with this company for one month now and so far i am very satisfied. the month-to-month contract option is convenient for me and the monthly charges of $19.45 are affordable. i do not have internet service with this company, so i cannot comment on that as",TRUE,positive,0.9322220683097839,2
7123-wquhx,"i have been a customer with this company for 38 months now and i am very satisfied with the service. the fiber optic internet service has been reliable and fast, and i have not experienced any issues with connectivity. the automatic bank transfer payment method is convenient and hassle-free. although the monthly charges are on the higher side at $95.0, i believe the quality of service justifies the cost. overall, i have had a positive experience and would recommend this company to others.",TRUE,positive,0.9723906517028809,2
5386-thslq,"i have been a loyal customer of this internet service provider for over five years now. i have been on a one-year contract with monthly charges of $45.55 for dsl internet service. i appreciate the convenience of automatic bank transfers for payment, as it ensures that my bill is always paid on time. i have had no issues with churn and overall, i am satisfied with the service provided.",TRUE,positive,0.919152558,2
3192-nqeca,,FALSE,,,
6180-ybiqi,,FALSE,,,
6728-dkuco,,FALSE,,,
9750-boohv,,FALSE,,,
8597-cwyhh,"""i have been a loyal customer with this company for over three and a half years now and have been very satisfied with their fiber optic internet service. the speed and reliability have been excellent, and i have had no issues with connectivity. the monthly charges are reasonable for the quality of service provided. i appreciate being able to pay by mailed check as it is convenient for me. overall, i have no complaints and would highly recommend this company to others.""",TRUE,positive,0.9741307497024536,2
2848-yxsmw,,FALSE,,,
0486-heczi,,FALSE,,,
4549-zdqyy,,FALSE,,,
5712-ahqnn,,FALSE,,,
4846-whafz,"i was a customer of this company for 37 months and overall i was satisfied with their fiber optic internet service. however, i ultimately decided to churn because i found a better deal with anot",TRUE,neutral,0.4498625099658966,1
5256-skjgo,i have been a customer with this company for over five years and have been satisfied with the dsl internet service they provide. the monthly charges are reasonable at $54.6 and i appreciate the,TRUE,positive,0.9661003947257996,2
3071-vbypo,,FALSE,,,
9560-bbzxk,,FALSE,,,
5299-ruloa,,FALSE,,,
8402-ooohj,,FALSE,,,
9445-zueqe,"i have been a customer with this company for 27 months now and i have been extremely satisfied with the service. the fiber optic internet service has been reliable and fast, with no issues or interruptions. the automatic credit card payment method makes it convenient for me to pay my monthly charges of $85.2 without having to worry about late fees. overall, i have had a great experience and have no complaints.",TRUE,positive,0.9709393382072449,2
1091-sozga,,FALSE,,,
2928-hldba,,FALSE,,,
0404-swrvg,,FALSE,,,
6497-tilvl,,FALSE,,,
7219-tlzho,,FALSE,,,
4622-ynkij,,FALSE,,,
4412-yltkf,,FALSE,,,
6734-psbaw,,FALSE,,,
3930-zgwve,,FALSE,,,
2639-ugmaz,,FALSE,,,
2876-gzyzc,,FALSE,,,
6207-wiolx,,FALSE,,,
8587-xyzsf,,FALSE,,,
3091-fyhki,,FALSE,,,
2372-hwuhi,"i recently switched to this dsl internet service provider two months ago on a month-to-month contract. unfortunately, i have decided to cancel my service due to the slow and unreliable internet connection. despite the affordable monthly charges of $44.35, the service did not meet my expectations. i experienced frequent disconnections and slow speeds, which made it difficult to work from home and stream videos. additionally, the payment method of electronic check was convenient, but it did not make up for the poor service quality. overall, i would not recommend this provider to others looking for a reliable internet connection.",TRUE,negative,0.9264832139015198,0
7799-lgrdp,,FALSE,,,
7850-vwjuu,,FALSE,,,
3774-vbnxy,,FALSE,,,
6217-kdywc,,FALSE,,,
0390-dcfdq,,FALSE,,,
3146-msegf,"i have been a customer with this company for 6 years now and have been satisfied with the service overall. the dsl internet service has been consistent and reliable, and the automatic credit card payment option has made it easy to man",TRUE,positive,0.9701996445655823,2
4080-ogpjl,,FALSE,,,
1095-wgngg,,FALSE,,,
2636-sjdou,"i have been a customer with this company for over five years now and i have been extremely satisfied with the service. the fiber optic internet is fast and reliable, and i have never experienced any downtime. the automatic payment method makes it convenient for me to pay my bill on time every month. the monthly charges are reasonable for the quality of service i receive. overall, i have no complaints and would highly recommend this company to others.",TRUE,positive,0.972491443,2
1131-qqzeb,"i have been a customer with this company for over 6 years now and i have been extremely satisfied with their service. the automatic bank transfer payment method is convenient and hassle-free. even though i do not have internet service with them, i find the monthly charges of $23.95 to be very reasonable. i am on a two-year contract and have no plans of churning anytime soon. overall, i highly recommend this company for their reliability and affordability.",TRUE,positive,0.9720097184181213,2
5716-ezxzn,,FALSE,,,
6837-bjydq,,FALSE,,,
2135-rxihg,"i recently switched to this internet provider and unfortunately had to cancel after only one month due to some unforeseen circumstances. the monthly charges were reasonable at $45.65 for dsl service. i appreciated the convenience of being able to pay with an electronic check. overall, i had a positive experience during my short tenure with this company.",TRUE,neutral,0.42831769585609436,1
6440-dkqge,,FALSE,,,
3466-byavd,,FALSE,,,
3780-yvmfa,,FALSE,,,
3874-eqoep,,FALSE,,,
1679-jrfbr,,FALSE,,,
9073-zziay,,FALSE,,,
3077-rsntj,,FALSE,,,
6551-gnydg,,FALSE,,,
9167-apmxz,,FALSE,,,
2749-ctkaj,"i have been a customer with this company for nearly two years now and i have been very satisfied with the service. the monthly charges are very reasonable at $20.15 and i appreciate the convenience of being able to pay by mailing a check. although i do not have internet service with this provider, i have had no issues with the service i do have. overall, i am happy with my experience and have no plans to switch providers.",TRUE,positive,0.9676979780197144,2
6371-nzyeg,,FALSE,,,
7554-newdd,,FALSE,,,
8992-vonjd,,FALSE,,,
0867-mkzvy,"i was a customer of this company for 20 months before deciding to cancel my service. i was on a month-to-month contract with monthly charges of $82.4 for fiber optic internet service. overall, the service was reliable and fast, but i ultimately decided to switch providers for a better deal. i appreciated being able to pay with electronic check, as it was convenient and easy to manage. overall, i had a positive experience with the company but found a better option that suited my needs better.",TRUE,neutral,0.4611023962497711,1
4482-ewfmi,,FALSE,,,
4648-ypbtm,"""i have been a customer with this company for over four years now and have been satisfied with the service overall. the dsl internet has been reliable and the monthly charges are reasonable at $73.9. i apprec",TRUE,positive,0.9685270190238953,2
2907-iljbn,,FALSE,,,
6345-fzoqh,,FALSE,,,
3376-bmgfe,"i had a positive experience with the fiber optic internet service provided by this company for the past 4 months. the speed and reliability were excellent and met my expectations. however, i recently decided to switch to another provider due to a better promotional offer. the automatic bank transfer for payment was conv",TRUE,positive,0.9386709928512573,2
5997-opvfa,,FALSE,,,
3445-hxxgf,,FALSE,,,
1159-wfsgr,,FALSE,,,
7654-ywjuf,,FALSE,,,
1875-qivme,,FALSE,,,
6727-iotlz,,FALSE,,,
0691-jvsya,"i have been a customer with this company for 53 months and have been using their fiber optic internet service. i have been satisfied with the service itself, as the speeds have been consistent and reliable. however, i recently decided to churn because i found a better deal with another provider. the monthly charges of $94.85",TRUE,positive,0.7922470569610596,2
5918-vukwp,"i have been a loyal customer for 32 months now and have been satisfied with the service provided. the automatic bank transfer payment method is convenient for me and i have had no issues with it. although i do not have internet service with this provider, the monthly charges of $20.55 for my other services are reasonable. overall, i have had a positive experience and have no complaints.",TRUE,positive,0.9321475028991699,2
1744-jhkys,,FALSE,,,
2656-fmokz,,FALSE,,,
2070-fnexe,,FALSE,,,
5947-sgkcl,,FALSE,,,
3712-pkxza,,FALSE,,,
6317-ypkdh,,FALSE,,,
6582-oivsp,,FALSE,,,
9367-wxlch,,FALSE,,,
5524-khnjp,"i have been a customer with this dsl provider for 33 months now and i have been satisfied with the service overall. the monthly charges of $74.75 are reasonable for the internet speeds i am receiving. the automatic credit card payment method makes it convenient for me to pay my bill on time every month. i have not experienced any issues with the service that would make me want to churn to a different provider. overall, i would recommend this provider to others looking for reliable dsl internet service.",TRUE,positive,0.9385886788368225,2
1918-zbfqj,"i recently decided to cancel my month-to-month contract with this internet service provider after being a customer for 13 months. the monthly charges of $79.25 for fiber optic internet were reasonable, but i found that the service",TRUE,negative,0.6327927112579346,0
1024-guald,,FALSE,,,
4827-usjhp,,FALSE,,,
8167-gjlrn,,FALSE,,,
0956-sycwg,,FALSE,,,
8017-uvszu,,FALSE,,,
7100-fqprv,,FALSE,,,
2472-ovkup,,FALSE,,,
2984-rgeya,,FALSE,,,
9680-niauv,,FALSE,,,
2146-egvdt,i have been a customer with this company for almost five years now and i have been very satisfied with the service. the automatic credit card payment method makes it easy to manage my account and i have never had any issues with billing. even,TRUE,positive,0.9685823321342468,2
2604-ijpdu,,FALSE,,,
9178-jhuvj,,FALSE,,,
6168-ybynp,,FALSE,,,
7255-ssfbc,"i have been a loyal customer with this company for six years now and have been extremely satisfied with the fiber optic internet service they provide. the automatic bank transfer payment method makes it convenient for me to pay my monthly bill without worrying about missing a payment. the monthly charges of $112.25 are reasonable for the high-speed internet service i receive. overall, i have had a positive experience with this company and have no intentions of churning anytime soon.",TRUE,positive,0.9565438032150269,2
3645-deygf,,FALSE,,,
9323-hgfwy,,FALSE,,,
8544-goqsh,,FALSE,,,
3363-dtivd,,FALSE,,,
7018-wbjnk,,FALSE,,,
9142-kzxop,,FALSE,,,
7674-ytafd,,FALSE,,,
6348-snfus,,FALSE,,,
1285-okipp,,FALSE,,,
7825-ecjrf,,FALSE,,,
1347-kttta,,FALSE,,,
7841-tzdmq,"i recently switched to this internet service provider two months ago and unfortunately, i have already decided to cancel my service. the monthly charges of $46.00 for dsl internet are reasonable, but i have experienced frequent outages and slow speeds during my short tenure.",TRUE,negative,0.9041537046432495,0
4195-nzgta,,FALSE,,,
7157-smcfk,,FALSE,,,
4709-lkhyg,,FALSE,,,
2504-dshih,,FALSE,,,
0699-ndkjm,"i have been a customer with this company for 57 months now and i have been very satisfied with the service. the monthly charges are reasonable at $58.75 for dsl internet service. i appreciate the convenience of automatic bank transfers for payment. overall, i have had no issues with the service and have no plans to churn anytime soon. highly recommend this company for reliable internet service.",TRUE,positive,0.9692520499229431,2
9286-bhdqg,,FALSE,,,
0230-wequw,,FALSE,,,
2040-ldiwq,,FALSE,,,
6496-jdssb,,FALSE,,,
9408-ssnvz,,FALSE,,,
4443-embna,,FALSE,,,
6469-mrvet,"i have only been a customer for a month, but so far i am satisfied with the service i have received. the monthly charges are reasonable at $20.2 and i appreciate the convenience of paying with an electronic check. however, i do wish there was an option for internet service as i currently do not have access to it through this provider. overall, i have had a positive experience and look forward to continuing my contract for the remainder of the year.",TRUE,positive,0.9238524436950684,2
0742-moabm,"i recently canceled my dsl internet service after 4 months with the company. while the monthly charges were reasonable at $50.05, i found the service to be unreliable and slow. additionally, having to pay by mailing a check each month was inconvenient and outdated. i ultimately decided to switch to a different provider that offered faster and more reliable service with easier payment options.",TRUE,negative,0.9122502207756042,0
5961-vusrv,"i have been a customer with this company for 12 months now and have had a positive experience overall. the automatic bank transfer payment method makes it convenient for me to pay my monthly charges of $19.35. even though i do not have internet service with this provider, the customer service has",TRUE,positive,0.9348604083061218,2
6778-jfcmk,i have been a customer with this internet service provider for 24 months now and i have been satisfied with the service overall. the monthly charges are reasonable at $50.6 and i,TRUE,positive,0.946767271,2
6341-jvqgf,,FALSE,,,
2232-dmlxu,,FALSE,,,
4811-jbuvu,,FALSE,,,
0945-tsonx,,FALSE,,,
2651-zcbxv,"i have been a loyal customer of this internet service provider for over four and a half years now and have been very satisfied with the service. the fiber optic internet is fast and reliable, and i have had no issues with downtime or slow speeds. the automatic payment meth",TRUE,positive,0.9724075794219971,2
3316-uwxuy,,FALSE,,,
8937-rdthp,,FALSE,,,
7083-miopc,,FALSE,,,
1984-gpteh,"i have been a loyal customer for almost 2 and a half years now and i have been satisfied with the service provided by this company. the monthly charges are very reasonable at $25.15 and i appreciate the convenience of the electronic check payment method. despite not having internet service with this company, i have had no issues with the service overall. i would recommend this company to others looking for affordable and reliable services.",TRUE,positive,0.964301348,2
1251-krreg,,FALSE,,,
0621-jfhol,,FALSE,,,
9903-lysab,,FALSE,,,
0094-oifmo,,FALSE,,,
9227-uaqft,,FALSE,,,
7301-abvad,,FALSE,,,
6614-fhdbo,,FALSE,,,
7576-aseju,,FALSE,,,
9058-hrzsv,"i have been a customer with this company for over 5 years now and i have been very satisfied with their service. the fiber optic internet is fast and reliable, and i have had no issues with connectivity. the monthly charges are reasonable at $94.4 and i appreciate the convenience of being able to pay with electronic check. overall, i have no complaints and would recommend this company to others.",TRUE,positive,0.9713330268859863,2
4522-akylr,,FALSE,,,
0221-wmxnq,,FALSE,,,
0303-uncip,,FALSE,,,
9947-otfqu,,FALSE,,,
0322-yinqp,,FALSE,,,
0959-whokv,,FALSE,,,
4075-jfpgr,,FALSE,,,
4629-nrxkx,,FALSE,,,
9514-jdski,,FALSE,,,
3282-ziszv,,FALSE,,,
3675-ydupj,,FALSE,,,
4111-bnxif,,FALSE,,,
7017-vfhay,"i have been a loyal customer of this company for over 5 years now and i have been extremely satisfied with their services. the fiber optic internet service has been reliable and fast, and i have never experienced any issues w",TRUE,positive,0.9776206612586975,2
6655-lhbyw,,FALSE,,,
4959-josrx,,FALSE,,,
5046-nuhwd,,FALSE,,,
7273-tefqd,,FALSE,,,
3606-twkgi,,FALSE,,,
7529-zdfxi,,FALSE,,,
7605-bdwdc,"""i have been a customer with this company for 31 months now and i am very satisfied with the dsl internet service they provide. the monthly charges of $49.85 are reasonable and the automatic bank transfer payme",TRUE,positive,0.9707843661308289,2
1950-ksvvj,,FALSE,,,
0123-crbrt,,FALSE,,,
6292-tosss,"i have been a loyal customer with this company for over four years now, and i have been very satisfied with their service. the automatic bank transfer for payment has been convenient and hassle-free. a",TRUE,positive,0.9816208481788635,2
3197-arfoy,,FALSE,,,
6323-aybrx,,FALSE,,,
7014-zzxaw,,FALSE,,,
4385-gzqxv,,FALSE,,,
7633-mvpuy,"i have been a loyal customer of this internet service provider for 57 months and i have been very satisfied with the service. the dsl internet has been reliable and the monthly charges of $59.75 are reasonable for the speed and quality of service i receive. the electronic check payment method is convenient for me and i have never had any issues with billing or payments. overall, i have had a positive experience with this company and would recommend them to others looking for a reliable internet service provider.",TRUE,positive,0.9691892266273499,2
6366-zgqgl,,FALSE,,,
4716-hhkqh,"i have been with this internet provider for 20 months now and i have been very satisfied with the service. the fiber optic internet is fast and reliable, and i have not experienced any issues with connectivity. the monthly charges of $107.05 are reasonable for the quality of service i am receivi",TRUE,positive,0.9703549742698669,2
5940-ahuhd,,FALSE,,,
6432-twqlb,,FALSE,,,
4484-glzou,,FALSE,,,
3179-gbrwv,,FALSE,,,
8645-kwhjo,,FALSE,,,
4130-mzlcc,,FALSE,,,
0314-tkosi,,FALSE,,,
8229-myejz,,FALSE,,,
2080-srcde,,FALSE,,,
9577-wjvcq,,FALSE,,,
9512-uibfx,"i recently decided to cancel my service after being with the company for 18 months on a month-to-month contract. while the fiber optic internet service was fast and reliable, i found the monthly charges of $95.15 to be quite high compared to other providers in the area. additionally, having to pay by mailing a check was inconvenient and outdated. overall, i was satisfied with the service itself but ultimately decided to switch to a more affordable and convenient option.",TRUE,negative,0.8078004121780396,0
6202-dyyfx,,FALSE,,,
3808-hfkde,,FALSE,,,
5583-sxdag,,FALSE,,,
3488-pgmqj,,FALSE,,,
3580-reoac,"i recently decided to cancel my dsl internet service after being a customer for 10 months. the monthly charges of $44.85 were affordable, but i found that the internet speed and reliability were not up to par with what i needed for my work and personal use. i also found the customer",TRUE,negative,0.8146204352378845,0
7534-bfesc,,FALSE,,,
3727-owvyd,i have been a customer with this company for 35 months now and i am pleased to say that i have not experienced any issues that would make me want to switch providers. the dsl internet service has been reliable and t,TRUE,positive,0.9371456503868103,2
2294-salne,,FALSE,,,
4847-tajyi,,FALSE,,,
1563-iwqex,"i have been a customer with this company for 12 months now and i am satisfied with the service. the monthly charges are reasonable at $19.7 and the month-to-month contract gives me flexibility. however, i do not use the internet service provided by the company. i prefer to pay my bills by mailing a check and have not experienced any issues with the payment process. overall, i am happy with the service and have no plans to churn.",TRUE,positive,0.8641505837440491,2
8203-xjzrc,,FALSE,,,
6556-dbkzf,,FALSE,,,
6851-wefyx,,FALSE,,,
2985-juubz,,FALSE,,,
6390-dsazx,"i recently signed up for the fiber optic internet service with this company on a month-to-month contract. unfortunately, after just one month, i decided to churn and cancel my service. the monthly charges of $73.6 were reasonable, but i found the payment method of mailing a check to be inconvenient. i ultimately decided to switch to a different provider that offered more convenient payment options. overall, the service itself was decent, but the payment process was a hassle for me.",TRUE,negative,0.8791263699531555,0
0895-lmrsf,"i have been a customer with this company for 23 months now and have been satisfied with their dsl internet service. the monthly charges of $64.9 are reasonable and the automatic bank transfer payment method is convenient. i have had no issues with churn and overall, i am happy with the service provided.",TRUE,positive,0.95805347,2
8098-llazx,"i recently switched to this fiber optic internet service provider about 4 months ago on a month-to-month contract. the monthly charges were reasonable at $95.45. however, i experienced some issues with the service and ultimately decided to cancel and churn to a different provider. the payment method of electronic",TRUE,negative,0.5195446014404297,0
8266-vbfql,i have been using the fiber optic internet service for the past 4 months and i am very satisfied with the speed and reliability. the monthly charges of $90.4 are reasonable for the quality of service i am receiving. i a,TRUE,positive,0.9644935131072998,2
8181-yhcmf,,FALSE,,,
2240-hsjqd,"i have been a customer with this company for almost 3 years now and i have been very satisfied with their service. the fiber optic internet has been reliable and fast, and i have had no issues with connectivity. the monthly charges are reasonable for the quality of service provided. i appreciate the option to pay by mailed check as it is convenient for me. overall, i have no complaints and would recommend this company to others.",TRUE,positive,0.9710056185722351,2
1248-dyxub,,FALSE,,,
0265-edxbd,"i have been a customer of this internet service provider for 32 months now on a month-to-month contract. i recently decided to churn and switch to a different provider due to the high monthly charges of $74.9. while the fiber optic internet service was fast and reliable, i found it difficult to keep u",TRUE,negative,0.858622134,0
4115-bnpjy,,FALSE,,,
3167-snqpl,,FALSE,,,
4091-tvocn,"i have been a customer with this dsl internet service provider for 4 years now and i have been very satisfied with the service. the monthly charges of $78.75 are reasonable for the quality of internet i receive. the automatic credit card payment method is convenient and ensures that i never miss a payment. overall, i have had no reason to consider churning and i am happy to continue using this service.",TRUE,positive,0.9607434868812561,2
1098-tdvuq,,FALSE,,,
7277-ozcgz,"i have been a customer with this company for 22 months now and have been very satisfied with the service. the fiber optic internet is fast and reliable, and i have had no issues with connectivity. the monthly charges of $89.05 are reasonable for the quality of service i receive. i appreciate being able to pay wit",TRUE,positive,0.9716911911964417,2
1557-emyvt,"i have been a customer with this company for 43 months now and i have been extremely satisfied with the service. the fiber optic internet service has been reliable and fast, and i have never experienced",TRUE,positive,0.97826457,2
2799-arnlo,,FALSE,,,
7563-biupc,,FALSE,,,
5027-yocxn,,FALSE,,,
3973-skmln,,FALSE,,,
2321-ombxy,,FALSE,,,
2840-xanrc,,FALSE,,,
6745-jefzb,"i have been a customer with this company for 35 months now and i have been very satisfied with the service. the fiber optic internet is fast and reliable, and i have never experienced any issues with connectivity. the monthly charges of $91.5 are reasonable for the quality of service i receive. i appreciate the convenience of automatic credit card payments, as",TRUE,positive,0.9685378670692444,2
5020-zstty,,FALSE,,,
9880-tdqac,,FALSE,,,
8705-wzcyl,,FALSE,,,
7102-jjvtx,,FALSE,,,
8626-ptqge,,FALSE,,,
4983-clmlv,,FALSE,,,
5701-yvsvf,,FALSE,,,
5804-lepim,,FALSE,,,
5697-gombf,,FALSE,,,
2739-cacdq,,FALSE,,,
9385-ehgdo,,FALSE,,,
9498-fimxl,,FALSE,,,
2379-gyflq,"i have been a loyal customer of this company for almost four years now, and i have been extremely satisfied with the service. the fiber optic internet is incredibly fast and reliable, and i have never experienced any interruptions in my service. the automatic credit card payment option is convenient and hassle-free, making it easy for me to stay on top of my monthly bills. although the monthly charges are a bit on the higher side, i believe the quality of service i receive is well worth the cost. overall, i have no complaints and would highly recommend this company to others.",TRUE,positive,0.9763617515563965,2
0122-oahpz,"i recently switched internet service providers after being with this company for 7 months. the fiber optic internet service was fast and reliable, but i ultimat",TRUE,neutral,0.49027207493782043,1
2868-snelz,,FALSE,,,
4322-rcymt,"i have been a customer with this dsl internet service provider for 68 months now, and unfortunately, i have decided to churn. while the monthly charges of $75.8 were reasonable, i encountered frequent connectivity issues and slow speeds that affected my work productivity. additionally, the one-year contract limited my flexibility in switching to a different provider. the automatic bank transfer payment method was convenient, but i ultimately decided to switch to a different provider for better internet service quality.",TRUE,negative,0.8831537961959839,0
6680-nenyn,,FALSE,,,
2088-iebau,,FALSE,,,
7982-vcelr,,FALSE,,,
1343-ehpyb,,FALSE,,,
6035-bxtty,,FALSE,,,
6885-pkoam,,FALSE,,,
7520-hqwju,,FALSE,,,
9639-bujxt,"i have been a customer with this company for over 5 years now and i have been very satisfied with the service provided. despite not having internet service, the monthly charges are very reasonable at $20.5. i appreciate the flexibility of being able to pay via mailed check a",TRUE,positive,0.9619424939155579,2
5924-sngkp,,FALSE,,,
0021-ikxgc,i have been using the fiber optic internet service for the past month and i am extremely satisfied with the speed and reliability. the $72.1 monthly charges are reasonable for the quality of service,TRUE,positive,0.9712401628494263,2
2034-gdrcn,,FALSE,,,
8966-snizf,i have been a customer with this company for 70 months now and i have been very satisfied with their service. the automatic bank transfer payment method makes it convenient for me to pay my month,TRUE,positive,0.972804606,2
6243-ozgfh,"i have been a customer with this dsl internet provider for 23 months now and i have been very satisfied with the service. the monthly charges of $44.95 are reasonable and the fact that i am on a month-to-month contract gives me flexibility. i appreciate being able to pay with electronic check, it makes the process quick and easy. overall, i have had no issues with the service and would recommend it to others.",TRUE,positive,0.9573929309844971,2
4654-dlamq,,FALSE,,,
0513-rbgpe,,FALSE,,,
5160-uxjed,,FALSE,,,
4115-nzrks,,FALSE,,,
0219-ytzue,,FALSE,,,
0623-iihug,,FALSE,,,
4572-dvcgn,,FALSE,,,
3351-ngxyi,,FALSE,,,
8984-eylll,,FALSE,,,
9057-mswco,,FALSE,,,
9833-tgfhx,,FALSE,,,
9294-tdipc,,FALSE,,,
5229-dtfyb,"i have been a customer with this company for 41 months now and i am extremely satisfied with the service. the fiber optic internet service is fast and reliable, and the automatic bank transfer pa",TRUE,positive,0.9838029146194458,2
0104-ppxdv,"i have been a customer with this dsl internet service provider for over 4 and a half years now and i have been very satisfied with the service. the monthly charges are reasonable at $50.3 and i appreciate the convenience of automatic credit card payments. the internet service has been reliable and i have had no issues with connectivity or speed. overall, i am happy with my experience and have no plans to switch providers.",TRUE,positive,0.9666855335235596,2
5176-lmjxe,,FALSE,,,
3583-krkmd,,FALSE,,,
1010-diauq,,FALSE,,,
9069-lgeul,"i have been a customer with this dsl provider for almost two years now and have been satisfied with the service overall. the monthly charges of $59.95 are reasonable for the internet speed and reliability i receive. the automatic bank transfer for payment has been convenient and hassle-free. i appreciate the flexibility of the month-to-month contract as it gives me the option to cancel at any time without penalty. overall, i have had a positive experience with this provider and would recommend them to others looking for reliable dsl internet service.",TRUE,positive,0.9549647569656372,2
7302-zhmhp,,FALSE,,,
9571-edebv,,FALSE,,,
3520-fjgcv,,FALSE,,,
6563-vrerx,,FALSE,,,
0259-gbzsh,"i recently signed up for fiber optic internet with this provider on a month-to-month contract. unfortunately, after just 2 months, i decided to cancel due to some issues with the service. while the speed and reliability were decent, i found the monthly charges of $85.65 to be a bit high compared to other providers in the area. additionally, i experienced some difficulties with the electronic check payment method, which was frustrating. overall, i was not fully satisfied with the service and ultimately decided to churn and switch to a different provider.",TRUE,negative,0.8972352743148804,0
6122-efvkn,"i have been a customer with this company for 24 months now and overall, i am satisfied with the service. the dsl internet service has been reliable and the monthly charges of $35.75 are reasonable. i have not experienced any issues with billing or service interruptions. the only downside for me is that i have to pay by mailed check, which can be a bit inconvenient at times. overall, i would recommend this company to others looking for affordable and reliable internet service.",TRUE,positive,0.9473811388015747,2
2805-edjpq,,FALSE,,,
6862-cqumb,,FALSE,,,
7156-mxbje,,FALSE,,,
6158-hdpxz,,FALSE,,,
9601-brxpo,,FALSE,,,
2863-imqdr,,FALSE,,,
5686-cmawk,,FALSE,,,
5651-crhkq,,FALSE,,,
6905-niqin,"i recently signed up for dsl internet service with this provider on a month-to-month contract. unfortunately, after just one month, i decided to c",TRUE,negative,0.8180513978004456,0
8204-yjcla,"i have been a loyal customer of this dsl internet service provider for 6 years now and i have never experienced any issues with my service. the automatic bank transfer payment method makes it easy for me to pay my monthly bill without any hassle. the monthly charge of $64.80 is reasonable for the reliable internet service that i receive. i am satisfied with my two-year contract and have no plans to switch providers. overall, i would highly recommend this company to anyone looking for a dependable internet service.",TRUE,positive,0.9275349974632263,2
5167-zffmm,,FALSE,,,
6583-szvgp,"i have been with this company for 4 years now and i am extremely satisfied with the service. the fiber optic internet is fast and reliable, and i have never experienced any issues with connectivity. the automatic bank transfer for payment makes it convenient for me to ensure my bills are always paid on time. the monthl",TRUE,positive,0.9724135398864746,2
4895-tmwir,,FALSE,,,
0533-bnwkf,,FALSE,,,
1708-pbboa,,FALSE,,,
8782-lkfpk,,FALSE,,,
5522-jbwmo,,FALSE,,,
3597-mvhjt,,FALSE,,,
9774-nrnau,,FALSE,,,
0224-rlwwd,"i have been a customer with this internet service provider for 2 months now and so far i am very satisfied with the service. the monthly charges are affordable at $44.3 and i appreciate the convenience of the electronic check payment method. the dsl internet service has been reliable and i have not experienced any issues with connectivity. overall, i am happy with my decision to choose this provider and have no plans to churn in the near future.",TRUE,positive,0.9710326194763184,2
9967-atrfs,,FALSE,,,
3951-njcvi,"i have been a customer with this company for over three years now and i am extremely satisfied with the service. the fiber optic internet is fast and reliable, and i have had no issues with connectivity. the monthly charges are reasonable for the quality of service i am receiving. i appreciate the convenience of the electronic check payment method and have had no problems with billing. overall, i would highly recommend this company to others looking for reliable internet service.",TRUE,positive,0.9754937291145325,2
2977-cebsx,,FALSE,,,
0177-pxbat,,FALSE,,,
6599-cebnn,,FALSE,,,
2519-erqoj,,FALSE,,,
5876-qmyld,,FALSE,,,
2277-axsdc,,FALSE,,,
9442-jtwdl,,FALSE,,,
0979-phulv,,FALSE,,,
3067-svmtc,,FALSE,,,
5495-gpsrw,,FALSE,,,
7606-bphhn,,FALSE,,,
4742-drora,,FALSE,,,
0111-klbqg,,FALSE,,,
4800-vhzki,,FALSE,,,
7989-chgtl,,FALSE,,,
0334-gddso,,FALSE,,,
4163-ncjak,"i have been a customer with this company for 46 months and have not experienced any issues with churn. i have been on a one year contract with monthly charges of $24.45, which i find to",TRUE,positive,0.49581286311149597,2
5233-aozuf,,FALSE,,,
5973-ejgdp,,FALSE,,,
1996-dbmus,"i have been a loyal customer with this company for 4 years now and i have been very satisfied with the service. the fiber optic internet has been reliable and fast, and the automatic bank transfer payment method makes it convenient for me to pay my monthly bill. the monthly charges of $70.65 are reasonable for the quality of service i receive. overall, i have no complaints and i would highly recommend this company to others.",TRUE,positive,0.9735844135284424,2
7916-vccpb,i have been a customer with this fiber optic internet service provider for 16 months now and have been very satisfied with the service. the monthly charges of $73.25 are reasonable for the quality of internet i receive. i appreci,TRUE,positive,0.9625476002693176,2
4686-gefrm,,FALSE,,,
5249-qyhex,,FALSE,,,
0578-skvmf,,FALSE,,,
5564-nemqo,,FALSE,,,
2233-fagxv,"i have been a customer with this company for 5 months now and have been satisfied with the service overall. the monthly charges are reasonable at $24.3, and i appreciate the flexibility of the month-to-month contract. i do not have internet service with this provider, so i cannot speak to that aspect. i prefer to pay by mailing a check, and the process has been smooth and hassle-free. overall, i have had a positive experience with this company and have no complaints.",TRUE,positive,0.9198499917984009,2
5605-iygfg,,FALSE,,,
7663-ztegj,,FALSE,,,
3935-tbrzz,,FALSE,,,
8111-bkvds,,FALSE,,,
2055-sifss,,FALSE,,,
2806-mlnti,,FALSE,,,
8734-dkstz,,FALSE,,,
4360-pnrqb,"i have been a customer with this fiber optic internet service provider for 18 months now and i am extremely satisfied with the service. the speed and reliability of the internet connection have been consistently excellent. the automatic bank transfer payment method is convenient and hassle-free. although the monthly charges are a bit on the higher side at $75.6, i believe it is worth it for the quality of service i am receiving. overall, i have no complaints and would highly recommend this provider to others.",TRUE,positive,0.9812342524528503,2
6152-onasv,,FALSE,,,
9063-zgtuy,,FALSE,,,
7781-hvgmk,,FALSE,,,
2181-uaesm,,FALSE,,,
2957-lolho,,FALSE,,,
6048-njxhx,,FALSE,,,
2320-slkmb,,FALSE,,,
4980-urkxc,,FALSE,,,
4376-kfvrs,,FALSE,,,
5886-vlqvu,,FALSE,,,
3577-amvux,i have been a customer with this dsl internet service provider for one month now and so far i have had a positive experience. the internet service has been reliable and i have not experienced any issues with connectivity. the monthly charges of $55.05 are reasonable for the service i am receiving. i appreciate the optio,TRUE,positive,0.9584447145462036,2
0771-wlcla,,FALSE,,,
5628-rkifk,"i have been a customer with this company for nearly 4 years now and i have been extremely satisfied with the service. the fiber optic internet is fast and reliable, and i have never experienced any downtime. the monthly charges are reasonable for the quality of service i receive. i appreciate the convenience of the automatic credit card payments, as it ensures that my service is never interrupted. overall, i have no complaints and would highly recommend this company to others.",TRUE,positive,0.972159743,2
0206-tbwlc,,FALSE,,,
2937-fthur,,FALSE,,,
1910-fmxjm,,FALSE,,,
7752-xusci,"i have been a customer with this company for 5 years and i have been satisfied with the fiber optic internet service. however, i recently decided to switch providers due to the high monthly charges of $105.90 on a month-to-month contract. i would have preferred a lower rate or a discount for being a long-time customer. additionally, the payment method of electronic check was convenient for me. overall, i have had a positive experience with the service but the pricing ultimately led me to churn.",TRUE,positive,0.49773311614990234,2
4110-pfeuz,,FALSE,,,
0732-ocqoc,,FALSE,,,
5168-mswxt,,FALSE,,,
1090-eselr,,FALSE,,,
8592-pltmq,,FALSE,,,
5760-wrahc,i have been a customer for 22 months and have been on a month-to-month contract with dsl internet service. i have never experienced any issues with my service and have not had any reason to consider switching providers. the mo,TRUE,positive,0.6485944390296936,2
8847-geooq,,FALSE,,,
0256-lthvj,"i have been a customer for 28 months with the month-to-month contract for fiber optic internet service. unfortunately, i have decided to churn as i have found a better deal with another provider. the monthly charges of $81.05 were reasonable, but i ultimately decided to switch due to better offers elsewhere. i appreciated the convenience of paying with electronic check, but ultimately price was the deciding factor for me to leave.",TRUE,negative,0.6374874114990234,0
4785-fcifb,,FALSE,,,
8313-ndoia,,FALSE,,,
5149-cuzuj,,FALSE,,,
0942-kowsm,,FALSE,,,
4237-clsmm,,FALSE,,,
1452-voqch,"i have been using the fiber optic internet service for the past month and i am extremely satisfied with the speed and reliability. the monthly charges of $75.1 are reasonable for the quality of service i am receiving. i appreciate the convenience of paying through electronic check. overall, i am happy with my decision to go with this provider and have no plans to switch in the near future.",TRUE,positive,0.96942085,2
4719-umsiy,,FALSE,,,
6614-vbegu,,FALSE,,,
0880-tkatg,,FALSE,,,
3811-vbybz,"i recently decided to switch internet providers after 7 months with this company. while the fiber optic connection was fast and reliable, i found the monthly charges of $99.8 to be a bit pricey for my budget. additionally, i prefer to pay",TRUE,negative,0.5939591526985168,0
1480-bkxga,,FALSE,,,
2996-xauvf,"i have been a loyal customer with this company for over 5 years now, and i have been consistently satisfied with the dsl internet service they provide. the monthly charges are reasonable at $40.05, and i appreciate being able to pay by mailing a check. i have not experienced any issues with my service or billing, so i have no reason to consider churning. overall, i am happy with my experience as a customer.",TRUE,positive,0.9600494503974915,2
9076-axyik,"i have been a customer with this company for over 5 years now and i am extremely satisfied with the service. the fiber optic internet is fast and reliable, and i have never experienced any issues with connectivity. the monthly charges are reaso",TRUE,positive,0.9788554310798645,2
5968-xqive,"i have been a customer with this company for 6 years now and have been extremely satisfied with their service. the fiber optic internet service has been reliable and fast, allowing me to work from home without any issues. the monthly charges are reasonable at $89.7 and i appreciate the convenience of paying with electronic check. overall, i have no complaints and would highly recommend this company to others.",TRUE,positive,0.9750725030899048,2
8896-razcr,,FALSE,,,
4640-uhdos,,FALSE,,,
4933-ikulf,"i have been a customer with this company for 17 months now and i have been satisfied with the service overall. the monthly charges are reasonable at $20.65 and i appreciate the option to pay by mailed check. however, i do not use the internet service provided by th",TRUE,positive,0.8971904516220093,2
3583-ekapl,"i recently signed up for dsl internet service with this provider on a month-to-month contract. unfortunately, after just 1 month, i decided to churn and switch to a different provider. the monthly charges of $55 were reasonable, but i experienced frequent interruptions in service and slow speeds. additionally, the payment method of electronic check was convenient, but overall i was not satisfied with the quality of the internet service provided. i would not recommend this provider to others.",TRUE,negative,0.8885661959648132,0
1304-bccfo,i have been a customer with this dsl internet service provider for 9 months now on a month-to-month contract. i have been satisfied with the service overall and have not experienced any issues that would make me want to cancel. the monthly charges of $70.05 are reasonable for the speed and reliability,TRUE,positive,0.8923367857933044,2
4104-pvrps,,FALSE,,,
9399-aplbt,,FALSE,,,
2359-kmgli,,FALSE,,,
3780-ddgse,,FALSE,,,
4431-edmiq,"i have been a customer with this dsl provider for 7 months now on a month-to-month contract. i have been satisfied with the service overall and have not experienced any issues that would make me want to churn. the monthly charges of $75.7 are reasonable for the internet service i am receiving. i appreciate the convenience of being able to pay with electronic check. overall, i am happy with my experience as a customer so far.",TRUE,positive,0.9030507206916809,2
0306-jaele,,FALSE,,,
6227-hwpwx,,FALSE,,,
0486-lgcch,,FALSE,,,
0447-bemng,,FALSE,,,
4612-ssvhj,,FALSE,,,
5168-mqqca,"i have been a loyal customer with this company for 6 years now and have been very satisfied with the service overall. the fiber optic internet service has been reliable and fast, and i have had no issues with connectivity or speed. the automatic bank transfer payment method makes it convenient for me to pay my monthly bill without having to worry about remembering to do so. the monthly charges of $108.5 are reasonable for the quality of service i receive. i have no complaints and would recommend this company to others.",TRUE,positive,0.9627556204795837,2
5949-xikae,,FALSE,,,
7971-hlvxi,,FALSE,,,
9094-azphk,,FALSE,,,
3649-jpugy,,FALSE,,,
8372-juxui,,FALSE,,,
3552-ctcyf,,FALSE,,,
6778-ysnih,,FALSE,,,
0388-eopex,,FALSE,,,
5756-ozrio,,FALSE,,,
6579-jpicp,,FALSE,,,
8205-otchb,,FALSE,,,
4134-bsxlx,,FALSE,,,
0505-spoow,,FALSE,,,
6235-vdhom,,FALSE,,,
7783-ykgdv,,FALSE,,,
2830-lewoa,"i have been a customer with this company for over 5 years now and i have been extremely satisfied with the service. the fiber optic internet service has been fast and reliable, and the monthly charges are reasonable for the quality of service i receive. i appreciate the convenience of automatic credit card payments, as it ensures that my bill is always paid on time. overall, i have had a positive experience with this company and have no plans to switch providers.",TRUE,positive,0.9758548140525818,2
5006-mxvrn,,FALSE,,,
1264-bywms,i have been a customer with this company for over 4 years now and recently decided to churn due to personal reasons. i have always been on a month-to-month contract with them and have been satisfied with the service provided. the monthly charges of $96.8 for fiber optic internet were reasonable and the payment method of electronic check was convenient for me. i have had a positive experience overall and would consider returning as a customer in the future.,TRUE,positive,0.8352560997009277,2
9658-wyufb,,FALSE,,,
8327-wkmie,,FALSE,,,
6917-fijhc,,FALSE,,,
5329-krdtm,,FALSE,,,
7797-ejmdp,,FALSE,,,
3530-vwvgu,,FALSE,,,
2013-sgdxk,,FALSE,,,
6368-nwmce,,FALSE,,,
3633-cdbuw,,FALSE,,,
0707-hovvn,,FALSE,,,
8580-qvloc,"i have been a customer with this dsl internet provider for 6 years now, but unfortunately, i have decided to churn. the monthly charges of $92.45 were a",TRUE,negative,0.896216094,0
3956-mgxog,,FALSE,,,
9274-uarkj,"i have been a customer with this internet service provider for 15 months now and have been very satisfied with their fiber optic service. the automatic bank transfer payment method makes it convenient for me to pay my monthly charges of $83.2. i appreciate that i am on a month-to-month contract, as it gives me flexibility in case i need to make changes in the future. overall, i have had a positive experience with this provider and have no plans to churn.",TRUE,positive,0.9565514326095581,2
4077-hwuyd,,FALSE,,,
2012-nwrpa,,FALSE,,,
8808-eleho,,FALSE,,,
0103-csitq,,FALSE,,,
3506-lcjdc,,FALSE,,,
8671-kkkos,,FALSE,,,
7305-zwmaj,,FALSE,,,
9518-xxbxe,,FALSE,,,
3934-hxcfz,,FALSE,,,
6578-krmaw,,FALSE,,,
4860-ijude,"i have been a customer with this company for 13 months now and i am very satisfied with the service. the fiber optic internet is fast and reliable, and i have had no issues with connectivity. the automatic credit card payment method is convenient for me and i appreciate not having to worry about remembering to pay my bill each month. the monthly charges of $7",TRUE,positive,0.9705060720443726,2
7666-wkron,,FALSE,,,
9688-ygxvr,,FALSE,,,
0423-udijq,,FALSE,,,
1945-xisks,,FALSE,,,
4910-aqffx,,FALSE,,,
2154-kvjff,,FALSE,,,
5360-ljcnj,,FALSE,,,
2607-fbdff,,FALSE,,,
9647-ergbe,,FALSE,,,
3428-xzmaz,,FALSE,,,
1100-ddvrv,,FALSE,,,
0378-tovms,,FALSE,,,
4355-hbjhh,,FALSE,,,
6728-wyqbc,,FALSE,,,
9058-cbreo,,FALSE,,,
9029-fegvj,,FALSE,,,
7216-kaoid,,FALSE,,,
0318-quuob,"i recently signed up for fiber optic internet with this provider on a month-to-month contract. unfortunately, after just one month, i decided to cancel due to moving to a new area. the monthly charges of $80.55 were reasonable for the speed and reliability of the internet service. i appreciated being able to pay with electronic check, as it was convenient and hassle-free. overall, i had a positive experience with this provider and would consider using them again in the future if the opportunity arises.",TRUE,neutral,0.4373197555541992,1
6145-nnpno,,FALSE,,,
5520-fvewj,"i recently canceled my service with this company after being a customer for 12 months. the monthly charges of $84.50 were reasonable for fiber optic internet service. however, i found the month-to-month contract to be restrictive and decided to switch to a different provider with a more flexible contract option. the electronic check pa",TRUE,negative,0.8050872087478638,0
5339-tjfek,,FALSE,,,
5572-zdxhy,,FALSE,,,
2074-guhpq,"i have been a customer with this company for 17 months now and i am very satisfied with their service. the fiber optic internet service has been reliable and fast, and i have had no issues with connectivity. the monthly charges of $92.7 are reasonable for the quality of service i am receiving. i appreciate the convenience of the automatic credit card payment method. overall, i have no complaints and i would recommend this company to others.",TRUE,positive,0.9752593040466309,2
4625-xmoym,"i have been a loyal customer with this company for 6 years now and have been satisfied with their services. the automatic bank transfer for payment makes it convenient for me to stay on top of my bills without having to worry about missing a payment. although i do not have internet service with them, the monthly charges for my other services are very affordable at $26.25. overall, i have had a positive experience and have not had any reason to consider churning.",TRUE,positive,0.9227654933929443,2
5827-mwczk,,FALSE,,,
1385-tqozw,"i have been a customer with this service provider for 9 months now and have been on a month-to-month contract with automatic credit card payments. i do not have internet service with them, but i have been satisfied with the service overall. the monthly charges of $20.45",TRUE,positive,0.7106325626373291,2
5914-xrfqb,,FALSE,,,
4329-ypddq,,FALSE,,,
4804-ncpet,,FALSE,,,
3750-ckvkh,"i recently switched to this fiber optic internet service provider two months ago and unfortunately, i have already decided to churn. while the speed and reliability of the internet serv",TRUE,negative,0.8645605444908142,0
5944-ugllk,,FALSE,,,
8063-gbatb,"i have been a customer with this company for 27 months now, and unfortunately, i have decided to churn. while the fiber optic internet service was fast and reliable, i found the monthly charges",TRUE,negative,0.8874771595001221,0
7787-bntzm,"i have been a customer with this company for 6 months now and i am pleased to say that i have had no issues with their service. the automatic bank transfer payment method makes it convenient for me to pay my monthly bill of $20.15 on time. even though i do not have internet service with them, i am satisfied with the overall experience and have no plans to churn. keep up the good work!",TRUE,positive,0.963119626,2
2252-isrnh,,FALSE,,,
9415-tpkrv,,FALSE,,,
5322-teujk,"i have been a loyal customer of this fiber optic internet service provider for over 6 years now and i must say that i am extremely satisfied with the service. the connection is always reliable and fast, and i have never experienced any disruptions or downtim",TRUE,positive,0.9795330166816711,2
4547-kqrtm,,FALSE,,,
4877-evatk,,FALSE,,,
1866-dioqz,,FALSE,,,
8375-kvthk,,FALSE,,,
2697-nqbpf,,FALSE,,,
3709-oijea,,FALSE,,,
7639-supcw,,FALSE,,,
1386-zikuv,"i have been a customer with this company for 7 months now and i am very satisfied with their service. the month-to-month contract option works well for me as i have flexibility with my payment. the monthly charges of $18.95 are affordable and reasonable. i do not have internet service with them, so i cannot speak to that aspect of the",TRUE,positive,0.9551423192024231,2
0599-xnydo,,FALSE,,,
6377-whaox,"i have been a customer with this company for 5 years now and i am extremely satisfied with the service i have received. the fiber optic internet service is fast and reliable, and i have never experienced any issues with connectivity. the monthly charges are reason",TRUE,positive,0.9745883941650391,2
6855-vlgos,"i have been a customer with this company for 6 years now and i have been very satisfied with the service. the monthly charges are very reasonable at $20.55 and i appreciate the convenience of paying with electronic check. although i don't have internet service with this company, i have found the overall customer service to be excellent. i have no plans to churn and will continue to be a loyal customer.",TRUE,positive,0.9713760018348694,2
8999-xxgns,,FALSE,,,
8746-oqqrw,"i have been a customer with this company for 4 months now on a month-to-month contract. i am satisfied with the monthly charges of $25.25 and appreciate the convenience of being able to pay with a mailed check. however, i do wish that internet service was included in my plan. overall, i am happy with my experience and have no plans to churn at this time.",TRUE,positive,0.8622944951057434,2
3181-mizbn,i have been a customer for 16 months with a month-to-month contract and have never experienced any issues with my service. the monthly charges are very affordable at $19.75 and i appreciate the conve,TRUE,positive,0.8950166702270508,2
0471-arvmx,,FALSE,,,
7766-cltic,"""i have been a customer with this company for 10 months now on a month-to-month contract with dsl internet service. i have been satisfied with the service overall. the monthly charges of $60.95 are reasonable for the speed and reliability of the internet connection. i prefer to pay by mailing a check each month, which has been a smooth process. i have not experienced any issues with service interruptions or billing errors. overall, i am happy with my experience as a customer and have no plans to churn.""",TRUE,positive,0.905284584,2
5650-yliba,,FALSE,,,
0825-cppqh,"""i have been a customer with this company for over 6 years now and i have been very satisfied with their service. the automatic payment method makes it convenient for me to pay my bill on time every month. even though i do not have internet service with them, the month",TRUE,positive,0.9568236470222473,2
9084-oaykl,,FALSE,,,
6122-ljada,"i have been a customer with this company for over 5 years and have been satisfied with the service provided. the dsl internet service has been reliable and the monthly charges of $90.15 are reasonable for the speed and quality of service received. i appreciate the convenience of the automatic credit card payment method. overall, i have no complaints and am happy to continue my contract with this company.",TRUE,positive,0.9656129479408264,2
2400-xiwio,,FALSE,,,
7524-vrlpl,"""i have been a loyal customer for almost six years now and have been consistently satisfied with the dsl internet service provided by this company. the automatic credit card payment option makes it convenient for me to p",TRUE,positive,0.9564120769500732,2
1069-xaiem,"""i recently signed up for fiber optic internet with this company on a month-to-month contract. the monthly charges were $85.05 and i paid using electronic check. unfortunately, after just 1 month of service, i decided to cancel due to unreliable connection and slow speeds. i was disappointed with the service and ultimately decided to switch to a different provider. i hope they can improve their service for future customers.""",TRUE,negative,0.8664904832839966,0
7569-nmzyq,,FALSE,,,
5201-ussqz,,FALSE,,,
2105-phwon,,FALSE,,,
1494-ejzdw,,FALSE,,,
4884-tvuqf,,FALSE,,,
8003-ewndz,,FALSE,,,
1897-rcfum,,FALSE,,,
9256-jtbnz,"i have been a customer with this company for 11 months now and i am very satisfied with their service. the monthly charges of $20.3 are affordable and the automatic bank transfer payment method makes it convenient for me to pay my bill on time. even though i do not have internet service with them, i have not experienced any issues with my contract being month-to-month. overall, i am happy with my experience and would recommend this company to others.",TRUE,positive,0.965860903,2
4658-hcohw,,FALSE,,,
2211-rmnho,i have been a customer with this dsl internet service provider for over 5 years now and i am extremely satisfied with the service. the auto,TRUE,positive,0.9769336581230164,2
2432-tfsmk,,FALSE,,,
3440-jpscl,,FALSE,,,
4929-roart,,FALSE,,,
1834-abkhq,"i have been a customer with this dsl internet service provider for over four years now and i have been very satisfied with the service. the monthly charges are reasonable at $50.95 and i appreciate the convenience of automatic bank transfers for payment. i have never experienced any issues with the service and have no plans to switch providers in the near future. overall, i am a happy and loyal customer.",TRUE,positive,0.9691444635391235,2
1741-wtpon,,FALSE,,,
3932-ijwdz,,FALSE,,,
1240-hcboh,,FALSE,,,
3594-kadlu,,FALSE,,,
8065-bvepf,,FALSE,,,
3796-enzgf,,FALSE,,,
1734-zmntz,,FALSE,,,
2853-cwqfq,,FALSE,,,
0813-taxxs,i have been a loyal customer with this company for over 4 and a half years now and i have been very satisfied with the dsl internet service that i have been receiving. the monthly charges are fair and i appreciate the convenience of automa,TRUE,positive,0.9739262461662292,2
2519-twkfs,,FALSE,,,
2889-fpwrm,"i have been a customer with this internet service provider for six years now, and i have been satisfied with the fiber optic internet service they offer. the automatic bank transfer payment method has been convenient for me, as i don't have to worry about remembering to pay my bill each month.

however, i recently decided to switch to a different provider due to their competitive pric",TRUE,positive,0.9214403629302979,2
0626-qxngv,,FALSE,,,
6723-cegqi,,FALSE,,,
6987-xqsjt,"i have been a customer with this company for over four and a half years on a month-to-month contract with fiber optic internet service. i recently decided to switch providers due to finding a better deal elsewhere. the monthly charges were reasonable at $79.50, and i appreciated the convenience of paying with electronic check. overall, i had a positive experience with the service but ultimately chose to churn for a better offer.",TRUE,positive,0.7677354216575623,2
4732-rrjzc,,FALSE,,,
9499-xpzxm,,FALSE,,,
4338-eycer,"i have been a customer with this internet service provider for 21 months now on a month-to-month contract. i have been satisfied with the dsl internet service they provide, especially for the affordable monthly charge of $54.6. i appreciate the convenience of automatic bank transfer for payment. overall, i have had a positive experience with this provider and have no plans to churn in the near future.",TRUE,positive,0.9486161470413208,2
3007-fdpea,,FALSE,,,
6350-xfygw,,FALSE,,,
4290-bsxux,"i recently canceled my fiber optic internet service after only 3 months of being a customer. i was on a month-to-month contract with monthly charges of $79.65. the automatic bank transfer payment method was convenient, but unfortunately, i decided to switch to a different provider",TRUE,negative,0.8716883063316345,0
8513-olygy,,FALSE,,,
0311-qywss,i have been a customer with this dsl internet service provider for 6 months now and i am very satisfied with the service. the monthly charges are reasonable at $49.45 and the payment method of electronic check is convenient for me. the internet connection has been reliable,TRUE,positive,0.97586751,2
8705-dwkti,"i have been a customer with this company for over 4 years now and have been extremely satisfied with the service. the fiber optic internet is lightning fast and reliable, making it perfect for my work from home needs. the automatic credit card payment method is convenient and hassle-free. the monthly charges are reasonable for the quality of service provided. overall, i have had no reason to consider churning and would highly recommend this company to others.",TRUE,positive,0.978300154,2
8755-iwjhn,,FALSE,,,
0325-xbfac,,FALSE,,,
4480-qqrhc,,FALSE,,,
0929-peclo,,FALSE,,,
3680-cthuh,,FALSE,,,
1202-kkgfu,,FALSE,,,
6112-kthfq,,FALSE,,,
1852-xemdw,,FALSE,,,
2462-xiijb,"i recently decided to cancel my service with this provider after 5 months of being a customer. the monthly charges of $92.50 for fiber optic internet were reasonable, but i ultimately decided to switch to a different provider for a better deal. i appreciated being able to pay with electronic check, as it made the billing process convenient. overall, my experience with this provider was satisfactory, but i found a better option for my needs.",TRUE,neutral,0.48677805066108704,1
4760-xohvn,,FALSE,,,
1820-djfph,"i have been a customer with this company for 6 years now and i have had a great experience overall. the automatic bank transfer payment method has been convenient and hassle-free. although i do not have internet service with this company, the monthly charges for my other services are very reasonable at $24.05. i appreciate the two-year contract option as it has allowed me to lock in a good rate for an extended period of time. overall, i am satisfied with the service and have no plans to churn.",TRUE,positive,0.96331495,2
9426-sxnhe,,FALSE,,,
9068-fhqhd,"i have been a customer with this company for 40 months now and have been very pleased with the service. the automatic bank transfer payment method is convenient and hassle-free. despite not having internet service, i have found the monthly charges of $20.15 to be reasonable for the services i do receive. overall, i have no complaints and have no intentions of churning in the near future. keep up the good work!",TRUE,positive,0.9685759544372559,2
1269-foywn,,FALSE,,,
9470-yfuyi,i have been a loyal customer with this company for over 6 years now and i have been very satisfied with the dsl internet service. the automati,TRUE,positive,0.975890577,2
7817-boqpw,,FALSE,,,
7402-eyfxx,,FALSE,,,
1853-udxbw,,FALSE,,,
9895-vfoxh,,FALSE,,,
5458-cqjta,"i have been a customer with this company for over 5 years now, and i have been generally satisfied with the service. the dsl internet has been reliable and the monthly charges of $74.8 are",TRUE,positive,0.9603550434112549,2
1230-qajdw,,FALSE,,,
5701-zikje,i have been a customer with this company for 13 months now and i have been satisfied with the service overall. the monthly charges of $50.55 for dsl internet service are reasonable and the connection has been reliable. i appreciate the f,TRUE,positive,0.9640976786613464,2
5219-yiptk,,FALSE,,,
5032-miykt,,FALSE,,,
7396-vjuzb,,FALSE,,,
9717-qebgu,"i have been using the fiber optic internet service for the past 2 months and i am very satisfied with the speed and reliability. the monthly charges of $70.3 are reasonable for the quality of service i am receiving. the electronic check payment method is convenient and hassle-free. overall, i have had a positive experience with the service and have no plans to switch providers.",TRUE,positive,0.9655165076255798,2
5172-rkocb,,FALSE,,,
6509-tsgwn,"i have been a customer with this company for 37 months on a month-to-month contract, and i have never experienced any issues that would make me want to churn. i do not use their internet service, but i have found their monthly charges of $26.45 to be very reasonable. i appreciate being able to pay by mailing a check, as it is my preferred payment method. overall, i am satisfied with the service and would recommend it to others.",TRUE,positive,0.8091516494750977,2
3540-rzjyu,,FALSE,,,
3178-cifot,,FALSE,,,
2091-mjtfx,,FALSE,,,
4530-ndrku,,FALSE,,,
5985-tbabq,,FALSE,,,
9800-ontfe,,FALSE,,,
6743-hhqpf,,FALSE,,,
8455-hiraq,,FALSE,,,
6616-aalsr,,FALSE,,,
0883-eibti,,FALSE,,,
9415-znbsx,,FALSE,,,
4018-kjyuy,i have been a customer with this company for 22 months now and i am extremely satisfied with their service. the month-to-month contract is convenient for me as i have the flexibility to cancel an,TRUE,positive,0.9733958840370178,2
0722-troqr,,FALSE,,,
7571-yxdad,"i recently switched to this fiber optic internet service provider about 2 months ago, opting for a month-to-month contract with a monthly charge of $74.9. while the internet speed and reliability were satisfactory, i ultimate",TRUE,neutral,0.5940158367156982,1
3884-uebxb,i have been a customer with this company for over 5 years and have been satisfied with the dsl internet service provided. the automatic bank transfer payment method has been convenient and hassle-free. the monthly char,TRUE,positive,0.9570935368537903,2
8780-rsyyu,,FALSE,,,
5537-uxxvs,,FALSE,,,
1791-pqhbb,,FALSE,,,
8701-dglvh,"i have been a loyal customer for over four years now and have been satisfied with the service provided by this company. the monthly charges are affordable at $20.45 and i appreciate the option to pay by mailed check. while i do not use the internet service, i have found the overall customer experience to be positive. i have not experienced any issues that would make me consider switching providers. overall, i am happy with the service and plan to continue with this company.",TRUE,positive,0.9584381580352783,2
8741-lqobk,,FALSE,,,
3393-fmzpv,,FALSE,,,
8082-ghxop,,FALSE,,,
6402-zfppi,"i have been with this company for 25 months on a month-to-month contract with fiber optic internet service. the monthly charges of $102.80 were reasonable for the quality of service provided. however, i recently decided to churn as i found a better",TRUE,negative,0.4852793514728546,0
0980-fexwf,,FALSE,,,
7486-ksrvi,"i have been a customer with this company for over 3 years now, and i recently decided to cancel my service. while the fiber optic internet service was fast and reliable, i found that the monthly charges of $100.0 were bec",TRUE,negative,0.8554053902626038,0
3011-wqksz,,FALSE,,,
8443-wvpss,"i have been a customer with this company for 10 months on a month-to-month contract with a monthly charge of $99.85 for fiber optic internet service. unfortunately, i have decided to churn and cancel my service. while the inter",TRUE,negative,0.9163488149642944,0
3006-ximln,"i recently switched to this fiber optic internet service provider two months ago on a month-to-month contract. the monthly charges were reasonable at $94.2, and i set up automatic bank transfers for payments. however, i ultimately decided to churn because the service did not meet my expectations in terms of speed and reliability. i was disappointed with the overall experience and will be looking for a new provider.",TRUE,negative,0.6207149624824524,0
8218-ffjds,,FALSE,,,
1986-phgzf,,FALSE,,,
9965-yokzb,,FALSE,,,
0504-hhapi,,FALSE,,,
9360-omdzz,"i have been a customer with this company for 24 months now and i am very satisfied with their fiber optic internet service. the monthly charges of $94.1 are reasonable for the quality of service i receive. i appreciate the convenience of paying with electronic check and have had no issues with billing or payments. overall, i have no complaints and am happy to continue my month-to-month contract with this company.",TRUE,positive,0.9674757719039917,2
6305-ylbmm,"i have been a customer for nearly six years and have always been satisfied with the fiber optic internet service provided by this company. however, i recentl",TRUE,positive,0.6624845862388611,2
0345-xmmug,,FALSE,,,
8024-xnafq,,FALSE,,,
3647-gmgdh,,FALSE,,,
2988-gbivw,"i have been a customer with this company for 70 months and have been extremely satisfied with their fiber optic internet service. the connection is always reliable and fast, allowing me to stream movies, work from home, and video chat without any interruptions. the monthly charge of $90.85 is reasonable for the quality of service i receive. i appreciate being able to pay with electronic check, as it is convenient and hassle-free. overall, i have no complaints and have no plans to churn in the foreseeable future. great job, keep up the good work!",TRUE,positive,0.9740670323371887,2
2832-scuco,,FALSE,,,
7036-zzkbd,"i have been a loyal customer for over 2 and a half years now and i have been very satisfied with the dsl internet service provided by this company. the monthly charges of $66.4 are reasonable for the speed and reliability of the internet connection. i appreciate the convenience of automatic credit card payments and have never had any issues with billing. overall, i am happy with the service and have no complaints.",TRUE,positive,0.9652895927429199,2
3791-lgqcy,"i have been a customer with this internet service provider for 56 months on a month-to-month contract with automatic bank transfers. while the fiber optic internet service has been reliable and fast, i recently decided to churn due to the in",TRUE,negative,0.6942779421806335,0
0265-psuae,,FALSE,,,
0463-txoak,,FALSE,,,
0594-uftul,,FALSE,,,
9509-mpyod,,FALSE,,,
9128-cpxki,,FALSE,,,
0129-kptwj,"i have been a customer with this company for 6 years now and have been very satisfied with their service. the fiber optic internet is fast and reliable, and i have never experienced any issues with connectivity. the monthly charges are reasonable at $94.65, and i appreciate the convenience of paying with an electronic check. overall, i have no complaints and would highly recommend this company to others.",TRUE,positive,0.9701759815216064,2
8166-zztfs,,FALSE,,,
5855-eibde,,FALSE,,,
5365-llfyv,,FALSE,,,
5956-yhhrx,,FALSE,,,
6008-naixk,,FALSE,,,
2956-ggucq,,FALSE,,,
1928-bxyiv,,FALSE,,,
5760-fxfvo,i have been a customer with this fiber optic internet service provider for the past 6 months on a month-to-month contract. i have been satisfied with the internet service and have not experienced any issues with connectivity or speed. the monthly charges of $78.95,TRUE,positive,0.8677427768707275,2
6595-cokxz,,FALSE,,,
0961-zwlvi,,FALSE,,,
5181-oabfk,,FALSE,,,
4007-nhvhi,,FALSE,,,
7816-vghto,,FALSE,,,
5871-dgtxz,,FALSE,,,
7550-wiqva,,FALSE,,,
7544-zvikx,,FALSE,,,
0016-qljis,"i have been a loyal customer for over 5 years now and i have been satisfied with the dsl internet service provided by this company. the monthly charges are reasonable at $90.45 and i appreciate the option to pay by mailed check. i have not experienced any issues with my service and have no plans to churn. overall, i am happy with the service and would recommend it to others.",TRUE,positive,0.9580932259559631,2
7508-dqakk,"i have been a loyal customer with this internet provider for over 5 years now and have been very satisfied with the service. the dsl internet has been reliable and the monthly charges of $86.4 are reasonable. i appreciate the convenience of automatic credit card payments and have had no issues with billing. overall, i am happy with my experience and have no complaints.",TRUE,positive,0.9705356955528259,2
5176-olskt,,FALSE,,,
9356-axgmp,,FALSE,,,
3556-bvqgl,,FALSE,,,
0362-zbzwj,,FALSE,,,
8979-camgb,"i have been a customer with this company for 64 months now and i have been extremely satisfied with their service. the fiber optic internet service has been reliable and fast, allowing me to stream movies and work from home without any issues. the monthly charges of $102.1 are fair for the quality of service i receive. i appreciate being able to pay with an electronic check, as it is convenient and easy to manage. overall, i have no complaints and would highly recommend this company to others.",TRUE,positive,0.9735581278800964,2
4211-mmazn,,FALSE,,,
7581-ebbou,,FALSE,,,
4274-owwyo,,FALSE,,,
5073-rzgbk,,FALSE,,,
1541-etjzo,,FALSE,,,
2192-ckrlv,i have been a customer with this company for 6 years now and i have been very satisfied with the service provided. the dsl internet service has been reliable and the monthly charges are affordable at $49.2. i appreciate t,TRUE,positive,0.9778113961219788,2
3154-hmwuu,,FALSE,,,
6119-spudb,,FALSE,,,
6522-oiqsx,,FALSE,,,
7813-zggaw,,FALSE,,,
8748-hfwbo,,FALSE,,,
1052-qjibv,,FALSE,,,
1319-ylzjg,,FALSE,,,
4106-hadhq,,FALSE,,,
0723-fdlay,,FALSE,,,
3050-rllxc,,FALSE,,,
9298-wgmrw,,FALSE,,,
2369-uapkz,,FALSE,,,
3088-lhefh,,FALSE,,,
2778-oclgr,,FALSE,,,
6583-kqjlk,,FALSE,,,
8544-jnbox,,FALSE,,,
6681-zsexg,,FALSE,,,
6139-zzrbq,,FALSE,,,
6116-rfvhn,,FALSE,,,
0637-kvdlv,,FALSE,,,
8884-feewr,,FALSE,,,
3125-rahbv,,FALSE,,,
6633-mpwbs,,FALSE,,,
0373-aivnj,i have been a customer with this dsl internet service provider for 9 months now and i have been satisfied with the service overall. the monthly charges are reasonable at $39.55 and i a,TRUE,positive,0.9539102911949158,2
8785-epncg,,FALSE,,,
1682-vcoio,,FALSE,,,
5729-klzar,,FALSE,,,
2072-zvjjx,"i have been a customer with this company for 68 months now and i have been really satisfied with the service. the automatic bank transfer payment method makes it convenient for me to pay my monthly charges of $25.25 without any hassle. even though i do not have internet service with them, i have not experienced any issues with their customer service or billing. overall, i am happy with my experience and would recommend this company to others.",TRUE,positive,0.9601395726203918,2
8849-ayptr,,FALSE,,,
9518-imlhk,,FALSE,,,
1582-rafml,,FALSE,,,
3646-itdgm,,FALSE,,,
8740-cryfy,,FALSE,,,
3569-vldhh,,FALSE,,,
8224-kdlkn,,FALSE,,,
7594-lznwr,,FALSE,,,
4001-tsbtv,,FALSE,,,
2962-xpmcq,"i recently signed up for dsl internet service with this provider on a month-to-month contract. after just 2 months, i decided to churn due to slow and unreliable intern",TRUE,negative,0.8501118421554565,0
8727-xdpud,i have been a customer with this company for 37 months now and i am very satisfied with the service. the dsl internet service has been reliable and the monthly charges of $35.8 are very affordable. i appreciate the convenience of automatic credit,TRUE,positive,0.9822084307670593,2
1043-uxovo,,FALSE,,,
1064-fbxnk,,FALSE,,,
3996-znwyk,,FALSE,,,
2878-dhmin,,FALSE,,,
7762-onljy,,FALSE,,,
1678-fyzow,,FALSE,,,
5795-bkoye,,FALSE,,,
8627-ehgip,"i have been a customer with this company for 44 months now, however, i have decided to churn. i have been on a one-year contract with a monthly charge of $53.95 for dsl internet service. i have always paid via mailed check. overall, i have been satisfied with the service provided, but i have found a better deal elsewhere which is why i have decided to switch providers.",TRUE,neutral,0.5378804206848145,1
7402-pwyjj,,FALSE,,,
5480-tbgph,,FALSE,,,
0018-nyrou,"i have been a customer with this internet provider for 5 months now and i am extremely satisfied with the service. the fiber optic internet is fast and reliable, allowing me to stream movies and work from home without any issues. the monthly charges of $68.95 are fair for the quality of service i receive. i appreciate being able to pay with electronic check, as it is convenient and easy to manage. overall, i have had a great experience and have no plans to churn.",TRUE,positive,0.9722588062286377,2
7501-vtylj,,FALSE,,,
7608-rgiro,,FALSE,,,
0480-bixde,"i have been a customer with this fiber optic internet service provider for 19 months now and i have had a great experience so far. the internet connection is reliable and fast, and i have had no issues with downtime or slow speeds. the monthly charges of $96.8 are reasonable for the quality of",TRUE,positive,0.9763908386230469,2
5895-qsxod,"i have been a customer with this company for 9 months now and i am very satisfied with the service. the fiber optic internet is fast and reliable, and i have had no issues with connectivity. the monthly charges are reasonable at $70.05, and the month-to-month contract gives me the flexibility i need. i prefer to pay by mailed check and have had no problems with the payment process. overall, i am happy with the service and have no plans to churn.",TRUE,positive,0.9642216563224792,2
9814-aoudh,,FALSE,,,
6175-irfit,,FALSE,,,
8760-zrhke,,FALSE,,,
1622-hshsf,"i have only been a customer with this company for one month, but so far everything has been smooth. i appreciate the month-to-month contract option as it gives me flexibility. the monthly charges of $19.55 are reasonable. the only downside is that internet service is not included, but i was aware of that when i signed up. i prefer to pay by mailed check and have had no issues with the payment process. overall, i am satisfied with my experience so far.",TRUE,positive,0.9396729469299316,2
8854-ccvsq,,FALSE,,,
6749-utdvx,,FALSE,,,
5542-dhsxl,"i have been with this dsl internet service provider for 4 months now on a month-to-month contract. i have found the service to be reliable and the monthly charges of $54.7 to be reasonable. the payment method of mailing a check is convenient for me. overall, i am satisfied with the service and have no plans to churn.",TRUE,positive,0.9331014156341553,2
9102-oxkfy,,FALSE,,,
0511-jteoy,"i recently signed up for the fiber optic internet service with this provider on a month-to-month contract. however, after only one month of service, i decided to churn as i found a better deal elsewhere. the monthly charges of $71.1 were reasonable, but the payment method of mailed check was a bit inconvenient for me. overall, the service was reliable and fast, but i ultimately decided to switch providers for a better deal.",TRUE,neutral,0.527506411,1
5216-wasfj,,FALSE,,,
7808-dvwep,i have been a customer with this company for 3 months now and i am very satisfied with the service. the automatic bank transfer payment method is convenient and hassle-free. the monthl,TRUE,positive,0.9814256429672241,2
7067-ksazt,,FALSE,,,
2284-vflkh,,FALSE,,,
0366-nqshs,,FALSE,,,
6532-ylwsi,,FALSE,,,
3807-bpomj,"""i have been a customer with this company for over four and a half years and have been extremely satisfied with the service. the fiber optic internet is fast and reliable, and the monthly charges are reasonable for the quality of service provided. i appreciate the convenience of",TRUE,positive,0.9799269437789917,2
3892-nxazg,,FALSE,,,
4948-wbbkl,"i have been a customer with this company for 36 months now and i am very satisfied with their service. the fiber optic internet service is reliable and fast, making it worth the monthly charge of $74.9. i appreciate the convenience of automatic bank transfers for payment as it ensures that i never miss a payment. overall, i have had a positive experience with this company and have no intentions of churning anytime soon.",TRUE,positive,0.9758368730545044,2
4182-bgsiq,,FALSE,,,
9300-agznl,,FALSE,,,
0988-aadsa,,FALSE,,,
9972-nktfd,i have been a customer with this dsl internet service provider for 28 months now and i have to say that i am extremely satisfied with the service. the monthly charges of $54.65 are very reasonable for the quality of internet i receive. the automatic bank transfer payment method is convenient and hassle-free. i have had no issues with the service and have not experienced any churn. i would highly recommend this provider to anyone looking for reliable and affordable internet service.,TRUE,positive,0.9761375784873962,2
3717-lnxkw,"i have been a customer with this company for 38 months now and i am very satisfied with the service. the fiber optic internet service has been reliable and fast, and i have had no issues with conne",TRUE,positive,0.9763399958610535,2
5734-ejkxg,,FALSE,,,
2207-ryyrl,,FALSE,,,
6729-fzwsy,,FALSE,,,
9695-idrzr,"i have been a customer with this company for over 2 and a half years and have been very satisfied with the service. the fiber optic internet has been fast and reliable, and i have had no issues with billing or payments thanks to the automatic credit card payment method. the monthly charges of $116.15 are reasonable for the quality of service i receive. overall, i have no complaints and would recommend this company to others.",TRUE,positive,0.9658041596412659,2
8144-dghxp,,FALSE,,,
7814-leeve,i have been a customer with this company for just over a month now and so far i have had a positive experience. the automatic bank transfer payment method is convenient for me and i appreciate not having to worry about remembering to pay,TRUE,positive,0.9605186581611633,2
1112-cunao,,FALSE,,,
5175-aobhi,,FALSE,,,
5174-rngbh,,FALSE,,,
8631-wuxgy,,FALSE,,,
7270-bdioa,,FALSE,,,
9565-jsnfm,,FALSE,,,
5906-dvapm,"i have been a loyal customer of this dsl internet service provider for over four and a half years now. i have been on a one-year contract with monthly charges of $75.0, which i find to be reasonable for the quality of service i receive. the automatic credit card payment method makes it convenient for me to pay my bill on time without any hassle.

i have had no issues with the internet service provided, and i am satisfied with the speed and reliability of the connection. i have not experienced any disruptions or outages, and the customer service has been responsive whenever i have had any questions or concerns.

overall, i am happy with my experience as a customer and would recommend this provider to others looking for a reliable dsl internet service.",TRUE,positive,0.9165127277374268,2
6654-qgbzz,,FALSE,,,
8348-jlbug,,FALSE,,,
0607-daahe,,FALSE,,,
5641-dmbfj,"i have been a customer with this company for 58 months now and i am pleased to say that i have never experienced any issues with my service. the dsl internet service has been reliable and the monthly charges of $84.3 are reasonable for the quality of service i receive. i appreciate the convenience of paying through electronic check as well. overall, i am satisfied with my experience as a customer and have no intentions of churning anytime soon.",TRUE,positive,0.9601592421531677,2
9200-nlnpd,,FALSE,,,
2664-xjzno,,FALSE,,,
9732-kpkbw,,FALSE,,,
3339-eaqnv,,FALSE,,,
0921-ohlvp,,FALSE,,,
3389-ygyai,,FALSE,,,
9560-argqj,,FALSE,,,
8350-nymvi,,FALSE,,,
1600-dilpe,"i have been a customer with this dsl internet provider for 12 months now and i am overall satisfied with the service. the monthly charges of $45.0 are reasonable for the internet speed and reliability i receive. i appreciate the convenience of automatic bank transfers for payment. i have not experienced any issues with the service or billing, so i have no reason to consider churning. overall, i would recommend this provider to others looking for a reliable and cost-effective internet service.",TRUE,positive,0.9573373198509216,2
0536-esjep,"""i have been a customer with this dsl internet service provider for over four and a half years now and i have had a positive experience overall. the automatic bank transfer payment method makes it convenient for me to pay my monthly charges of $74.55 on t",TRUE,positive,0.9369597434997559,2
4654-gguii,,FALSE,,,
6478-hrrcz,"i have been a customer with this company for over two and a half years now and have been satisfied with the service overall. the dsl internet service has been reliable and consistent, and",TRUE,positive,0.9649834632873535,2
8510-bbwmu,"i have been a loyal customer of this company for 41 months now and i have not experienced any issues with churning. i am satisfied with the one-year contract type and the affordable monthly charges of $19.75. however, i do not use the internet service provided by the company. i pr",TRUE,positive,0.7232873439788818,2
6857-tkdjv,,FALSE,,,
2360-rdgro,,FALSE,,,
0584-bjqgz,"i have been a customer with this internet provider for 25 months now and i am very satisfied with the service. the monthly charges of $78.35 for dsl internet are reasonable and the automatic bank transfer payment method makes it convenient for me to pay my bill on time. i have not experienced any issues with the service and have not thought about switching to another provider. overall, i am happy with the internet service and would recommend it to others.",TRUE,positive,0.9616584181785583,2
5134-ikday,,FALSE,,,
1360-xfjmr,"i have been a customer with this company for almost 6 years now and have been extremely satisfied with their service. the fiber optic internet is blazing fast and reliable, and the automatic payment method makes it easy to manage my bills. the monthly charges are reasonable for the quality of service i receive. i have never had any issues with my connection and have never felt the need to switch to another provider. overall, i would highly recommend this company to anyone looking for a reliable internet service provider.",TRUE,positive,0.9766532778739929,2
3070-dveyc,"""i recently decided to switch internet providers after being with this company for 7 months on a month-to-month contract. the monthly charges of $73.75 were reasonable for the fiber optic internet service i received. however, i found it inconvenient to have to mail in a check for payment each month. this extra step added unnecessary hassle to my billing process. overall, the service was reliable but the payment method was a drawback for me.""",TRUE,negative,0.5768320560455322,0
5730-riito,,FALSE,,,
9058-mjlzc,"i have been a customer for 24 months now and have been very satisfied with the fiber optic internet service provided by this company. the monthly charges of $94.6 are reasonable for the quality of service i receive. i appreciate the convenience of paying with electronic check and have had no issues with billing or payments. overall, i have had a positive experience and have no plans to switch providers.",TRUE,positive,0.956165612,2
5707-orndz,,FALSE,,,
0902-xkxpn,,FALSE,,,
5177-rvznu,i have been a customer with this company for 37 months now and i have been satisfied with their service. the automatic bank transfer payment method is convenient for me and i have never had any issues with billing. even though i do not use the,TRUE,positive,0.963468075,2
0056-epfbg,i have been a customer with this dsl internet service provider for 20 months now and i have been very satisfied with the service. the monthly charges are affordable at $39.4 and i appreciate the convenience of automatic credit,TRUE,positive,0.9782498478889465,2
8993-izeux,"i have been a customer with this company for 7 months now and i am very satisfied with the service. the fiber optic internet is fast and reliable, and i have had no issues with connectivity. the automatic bank transfer payment method is convenient and hassle-free. the monthly",TRUE,positive,0.9763076305389404,2
8696-jkznu,,FALSE,,,
5380-afssk,"i recently switched to fiber optic internet service with this provider about 5 months ago, opting for a month-to-month contract at a monthly rate of $93.90. while the service itself has been",TRUE,neutral,0.7877036929130554,1
8190-ztqfb,,FALSE,,,
0931-mhtem,"i have been a customer with this company for over four and a half years now and i have been extremely satisfied with the service. the fiber optic internet service has been reliable and fast, and i have had no issues with my connection. the automatic credit card payment method has m",TRUE,positive,0.9726243615150452,2
2055-pdadh,"i recently switched to this fiber optic internet service provider about 3 months ago on a month-to-month contract. i was initially impressed with the speed and reliability of the service. however, after experiencing consistent technical issues and disruptions in my service, i have decided to churn and look for a more reliable",TRUE,neutral,0.48731571435928345,1
7515-lodfu,,FALSE,,,
0440-uedai,"i have been a customer with this company for over four years now and i am extremely satisfied with the service i have received. the fiber optic internet service has been fast and reliable, and i have never experienced any issues with connectivity. the",TRUE,positive,0.9783309698104858,2
1337-bozwo,,FALSE,,,
0868-vjrdr,,FALSE,,,
8714-euhjo,"i recently decided to cancel my service after being with this company for 31 months. while the fiber optic internet service was reliable and fast, i found that the monthly charges of $91.15 were becoming too expensive for me. additionally, i preferred the flexibility of a month-to-month contract rather than being tied down to a long-term commitment. i also appreciated being able to pay my bills conveniently through electronic check. overall, i had a positive experience with the company but ultimately had to cancel due to cost considerations.",TRUE,negative,0.5932314991950989,0
6344-sfjvh,i have been with this dsl internet service provider for 20 months now on a month-to-month contract with automatic credit card payments. i have never experienced any issues with billing or service interruptions. the monthly charges are very affordable at $24.9 and the speed and reliability of the internet connection have been satisfactory. i have no plans to switch providers as i am happy with the service i am receiving.,TRUE,positive,0.8933066129684448,2
3950-vpyjb,,FALSE,,,
8041-tmeid,,FALSE,,,
7321-znsla,"i have been a customer of this dsl internet service provider for the past 13 months and i am pleased to say that i have not experienced any issues that would make me want to churn. the monthly charges of $40.55 are reasonable and the service provided has been reliable. 

i appreciate the option to pay by mailed check as it is convenient for me. overall, i am satisfied with the service and would recommend it to others who are looking for a reliable internet service provider.",TRUE,positive,0.9167248606681824,2
6941-kxrrv,,FALSE,,,
3721-cneys,,FALSE,,,
8727-jqfhv,,FALSE,,,
9475-nndgc,,FALSE,,,
1355-kusbg,,FALSE,,,
3688-fthlt,,FALSE,,,
0899-liibw,,FALSE,,,
2568-oiady,,FALSE,,,
1384-rcuxw,,FALSE,,,
5825-xjocm,i have been a customer with this dsl provider for four years now and i am very satisfied with the service. the monthly charges are reasonable at $64.4 and i appreciate the convenience of automatic bank transfers for payment. the internet service has been r,TRUE,positive,0.9700714945793152,2
6848-yldfr,,FALSE,,,
8125-qpfjd,,FALSE,,,
2320-ykqbo,,FALSE,,,
1193-rtslk,i have been a customer with this company for over 3 years now and i recently decided to cancel my service. the monthly charges wer,TRUE,negative,0.8540273904800415,0
2302-antdp,,FALSE,,,
5923-gxuoc,,FALSE,,,
4973-rlzvi,,FALSE,,,
7869-zydst,,FALSE,,,
4501-uykbc,,FALSE,,,
1215-exrmo,,FALSE,,,
2305-mrglv,,FALSE,,,
8404-viomb,,FALSE,,,
5233-geeax,,FALSE,,,
2359-kltek,,FALSE,,,
5304-efjlp,,FALSE,,,
2673-zalnp,"i have been a customer with this company for 7 months now and i have had a positive experience so far. the monthly charges are reasonable at $19.9 and i appreciate being able to pay by mailing a check. however, i do wish they offered internet service as part of their package. overall, i am satisfied with the service and have no plans to churn.",TRUE,positive,0.9348334074020386,2
9184-galil,,FALSE,,,
4393-rycre,"i have been a customer with this company for 44 months now and have been very satisfied with their service. the fiber optic internet service has been reliable and fast, and i have not experienced any issues with connectivity. the monthly charges of $106.05 are reasonable for the quality of service provided. i appreciate the convenience of paying with electronic check and have had no problems with my payments being processed. overall, i have no complaints and would recommend this company to others.",TRUE,positive,0.9644471406936646,2
9746-mdmbk,,FALSE,,,
3162-zjzfu,,FALSE,,,
8404-gfgcz,,FALSE,,,
8875-akbyh,,FALSE,,,
4432-adrlb,,FALSE,,,
0533-ucaau,,FALSE,,,
1394-suiuh,,FALSE,,,
3521-mnklv,,FALSE,,,
2533-tibix,"i have been a customer with this internet service provider for 15 months now and i am very satisfied with the service. the monthly charges are affordable at $30.2 and i appreciate the convenience of the automatic bank transfer payment method. the dsl internet service has been reliable and i have not experienced any issues with connectivity. overall, i have had a positive experience and would recommend this provider to others.",TRUE,positive,0.9732239842414856,2
8993-phfwd,,FALSE,,,
1565-rhdjd,,FALSE,,,
7137-rylpp,,FALSE,,,
3765-jxvky,"i recently signed up for the fiber optic internet service with this company on a month-to-month contract. however, after just one month, i decided to cancel and churn to a different provi",TRUE,negative,0.5742043256759644,0
5092-stpkp,,FALSE,,,
7330-wzlnc,,FALSE,,,
0114-pegzz,,FALSE,,,
3359-dsrka,,FALSE,,,
8639-nhqei,,FALSE,,,
7161-dfhuf,,FALSE,,,
3957-lxolk,"i recently decided to cancel my service after being a customer for 28 months. while i have been generally satisfied with the fiber optic internet service provided, the monthly charges of $106.15 have become too expensive for me to justify continuing. additionally, i found the payment method of electronic check to be inconvenient and would have preferred more options for payment. overall, i would have considered staying with the company if there were more affordable pricing options available.",TRUE,negative,0.8452012538909912,0
3720-dbrwl,"i have been a customer with this company for over four years now and i have been very satisfied with the service. the dsl internet has been reliable and the monthly charges are reasonable for the speed and quality of service i receive. i appreciate the convenience of the automatic credit card payments and have had no issues with billing. overall, i have had a positive experience and would recommend this company to others.",TRUE,positive,0.9719461798667908,2
6635-myyyz,"i have been a customer with this dsl internet provider for 30 months now, but unfortunately, i have decided to churn. despite being on a one-year contract with monthly charges of $85.35, i have found th",TRUE,negative,0.8698397874832153,0
8565-wuxzu,,FALSE,,,
5281-buzgt,i have been a customer with this company for 36 months on a month-to-month contract. i recently decided to churn because i found a better deal with another provider. the monthly cha,TRUE,negative,0.703068197,0
4994-obrsz,,FALSE,,,
0562-fgdcr,,FALSE,,,
2436-qbzfp,,FALSE,,,
3420-yjlqt,,FALSE,,,
6040-cgacy,,FALSE,,,
6582-plfuu,,FALSE,,,
8242-pdsgj,,FALSE,,,
0264-cnitk,"i have been a customer with this company for over 6 years and have been satisfied with their service. i appreciate the convenience of automatic bank transfers for payment and the affordable monthly charges of $20.1. while i do not have internet service with them, i have had no issues with my current contract type of two years. overall, i have had a positive experience with this company and would recommend them to others.",TRUE,positive,0.9443945288658142,2
0089-iiqko,,FALSE,,,
7839-nuiaa,i have been a loyal customer for over 5 years with the month-to-month contract for dsl internet service. i have never experienced any issues with my service and have always found the $59.8 monthly charge to be reasonable. i appreciate the convenience of paying w,TRUE,positive,0.9325780868530273,2
6075-qmnrr,,FALSE,,,
5378-ikeeg,,FALSE,,,
5966-emazu,"""i have been a customer with this company for over five years now and have been consistently satisfied with their fiber optic internet service. the speeds are reliable and i have never experienced any major outages. the mont",TRUE,positive,0.9512150883674622,2
0440-ekdcf,,FALSE,,,
4774-hhggs,"i have been a customer with this company for 30 months now and i have been satisfied with the service overall. the monthly charges are affordable at $19.05 and i appreciate the option to pay by mailing a check. however, i do wish they offered internet servi",TRUE,positive,0.9425137639045715,2
2718-gaxqd,,FALSE,,,
2055-bfocc,,FALSE,,,
8180-akmjv,,FALSE,,,
4298-oyifc,i have been a customer with this company for 15 months now and i am very satisfied with the service. the fiber optic internet is fas,TRUE,positive,0.9684877395629883,2
5566-soezd,"i have been a customer with this internet service provider for 27 months now and i am very satisfied with the service. the fiber optic internet is fast and reliable, allowing me to stream movies,",TRUE,positive,0.9803104996681213,2
9842-efsyy,,FALSE,,,
2272-wuspa,,FALSE,,,
4584-lbnmk,,FALSE,,,
3898-guyts,,FALSE,,,
0930-ehuza,,FALSE,,,
6413-xkkpu,,FALSE,,,
9975-skrnr,,FALSE,,,
3703-kbkzp,,FALSE,,,
1449-xqemt,,FALSE,,,
2626-urjfx,i recently cancelled my service with this company after 4 months. i was on a month-to-month contract with monthly charges of $50.9 for dsl internet service. i found the speed and reliability of the internet to be lacki,TRUE,negative,0.9048659801483154,0
4973-mgton,"i have been a customer with this company for over 6 years now and i have been very satisfied with the dsl internet service they provide. the monthly charges are reasonable at $84.4 and i appreciate the convenience of automatic credit card payments. i have not experienced any issues with billing or service interruptions during my 71 months of tenure. overall, i am a happy customer and have no plans to churn.",TRUE,positive,0.9620308876037598,2
3682-yeuws,"i have been a customer with this company for 10 months now and have been on a month-to-month contract with no issues. the monthly charges are reasonable at $24.4. i do not have internet service with this company but have been satisfied with the other services provided. i prefer to pay by mailed check and have had no problems with billing or payments. overall, i am happy with my experience as a customer with this company.",TRUE,positive,0.8422559499740601,2
1223-unpks,i have been a customer with this company for 20 months now and i have been satisfied with the service overall. the monthly charges are affordable at $20.05 and i appreciate the convenience of being able to pay by mailing a check. ho,TRUE,positive,0.9649767875671387,2
2612-rridn,,FALSE,,,
4735-asgma,,FALSE,,,
3446-qdszf,,FALSE,,,
3669-lvwzb,,FALSE,,,
6892-ezdtg,,FALSE,,,
5117-ifgps,,FALSE,,,
7379-fniuj,"i have been a customer with this company for 2 months now and i am extremely satisfied with the service i have received. the fiber optic internet service is fast and reliable, and i have had no issues with connectivity. the monthly charges of $100.2 are reasonable for",TRUE,positive,0.975611687,2
1627-afwvj,,FALSE,,,
9725-scpzg,,FALSE,,,
5884-gcymi,,FALSE,,,
3217-fzdmn,,FALSE,,,
4486-efaeb,"i have been a customer with this company for 13 months now and i am very satisfied with the service. the month-to-month contract option is convenient for me and the monthly charges of $20.4 are affordable. even though i do not use their internet service, i appreciate the variety of payment methods available, including electronic check. overall, i have had a positive experience and have not experienced any issues that would make me want to churn. i would recommend this company to others.",TRUE,positive,0.9664373993873596,2
0060-fualy,i have been a loyal customer of this company for 59 months now and i am extremely satisfied with the fiber optic internet service they provide. the monthly charges of $94.75 are reasonable for the high-speed and reliable internet connection i receive. the convenience of payi,TRUE,positive,0.9763110280036926,2
7853-gvudz,"i signed up for this service with high hopes, but unfortunately i had to churn after only one month. the lack of internet service was a deal breaker for me, and i ended up having to find another provider. the monthly charges were reasonabl",TRUE,negative,0.918304443,0
7480-qnvzj,,FALSE,,,
6954-ooyzz,,FALSE,,,
7088-fbawu,,FALSE,,,
8313-afgbw,,FALSE,,,
3943-kdree,,FALSE,,,
9239-zbzzv,,FALSE,,,
3097-idvpu,,FALSE,,,
4398-hscjh,,FALSE,,,
2197-omwgi,,FALSE,,,
2303-pjyhn,,FALSE,,,
9795-vowon,,FALSE,,,
1237-wiyyz,,FALSE,,,
1987-auelq,i have been a loyal customer with this company for over 6 years now and i have been very satisfied with their services. the automatic credit card payment option has made it convenient for me to pay my monthly bill without a,TRUE,positive,0.9739651679992676,2
7852-lecyp,,FALSE,,,
4430-uzipo,,FALSE,,,
4822-lptyj,,FALSE,,,
8165-cbkxo,,FALSE,,,
6527-pzfpv,"i have been a customer with this company for 24 months now and i am very satisfied with the service. the $20.8 monthly charges for my one-year contract are very reasonable and the automatic credit card payment method makes it convenient for me to pay my bill on time. although i do not have internet service with this company, i have had no issues with my other services and have not experienced any reason to consider churning. overall, i am happy with the service and would recommend it to others.",TRUE,positive,0.9641790986061096,2
4855-snkmy,,FALSE,,,
9593-cvzkr,,FALSE,,,
8595-siznc,,FALSE,,,
8008-hawed,,FALSE,,,
7124-ugsur,,FALSE,,,
1862-skory,,FALSE,,,
5236-xmzjy,,FALSE,,,
4827-dpadn,"i have been a loyal customer with this company for 6 years now and i have never experienced any issues with my internet service. the dsl connection has been reliable and the monthly charges of $83.3 are affordable for the level of service i receive. i appreciate the convenience of automatic bank transfers for payment as it ensures that my bill is always paid on time. overall, i am very satisfied with my experience with this company and have no plans to switch providers.",TRUE,positive,0.9387674331665039,2
2694-ciumo,,FALSE,,,
5846-abobj,,FALSE,,,
1439-lcgvl,,FALSE,,,
0909-sdhnu,,FALSE,,,
4647-xxzam,,FALSE,,,
1502-xfcvr,,FALSE,,,
7740-kkcxf,,FALSE,,,
5360-xgyaz,"""i have been a customer with this company for 6 years now and i have been very satisfied with the service. the dsl internet service has been reliable and the mo",TRUE,positive,0.9700542092323303,2
9692-tusxh,"i recently decided to cancel my service with this company after being a customer for 18 months. while the fiber optic internet service was fast and reliable, i found that the monthly charges of $96.05 were a bit too high for my budget. i also prefer to have more flexibility with my contract, so i opted for a month-to-month agreement. however, i found that the payment method of electronic check was not as convenient for me as i had hoped. overall, while the service itself was good, i ultimately decided to switch to a different provider that offered more affordable pricing and payment options.",TRUE,negative,0.8102484941482544,0
7912-syrqt,,FALSE,,,
3557-htywr,i have been a customer with this company for almost four years now and i have been very satisfied with the service. the dsl internet service,TRUE,positive,0.9726303219795227,2
4816-jbhov,"i recently signed up for dsl internet service with this provider about 2 months ago on a month-to-month contract. however, i have decided to churn and switch to a different provider. while the monthly charges were reasonable at $44.7, i experienced frequent outages and slow speeds with the internet service. additionally, i found the payment method of electronic check to be inconvenient and would have preferred more options. overall, i was not satisfied with the service and will be looking for a better alternative.",TRUE,negative,0.8016589879989624,0
8920-navay,,FALSE,,,
1699-tldlz,,FALSE,,,
5600-pdujf,,FALSE,,,
8292-tyspy,,FALSE,,,
0567-xrhcu,,FALSE,,,
1867-bdvfh,,FALSE,,,
2067-qytcf,,FALSE,,,
2359-qwqul,"i have been a customer with this company for 39 months now, and i have been generally satisfied with the service. the fiber optic internet has been reliable and fast, which is important to me as i work from home. however, i recently decided to switch to a different provider due to a better promotional offer. the monthly charges of $104.7 were a bit high for me, and i found a better deal elsewhere. the automatic credit card payment method was convenient and hassle-free. overall, i had a positive experience with this company but ultimately decided to churn for a better deal.",TRUE,positive,0.9167710542678833,2
9103-tcihj,,FALSE,,,
7407-sujiz,,FALSE,,,
9150-kpbjq,,FALSE,,,
0052-dckon,,FALSE,,,
3654-armgp,,FALSE,,,
9699-ubqfs,,FALSE,,,
9367-tcuyn,"i have been a customer with this company for 12 months now on a month-to-month contract. i do not have internet service with them, but i have been consistently paying my monthly charges of $20.1 through mailed checks. overall, i have had a positive experience with this company and have not experienced any issues that would make me want to churn. i appreciate the convenience of the month-to-month contract and the reasonable monthly charges.",TRUE,positive,0.5178114175796509,2
1261-fwtte,,FALSE,,,
3528-hfriq,,FALSE,,,
0708-sjdis,,FALSE,,,
4140-wjaww,,FALSE,,,
2073-qbvbi,,FALSE,,,
6928-ontrw,,FALSE,,,
3320-veoyc,,FALSE,,,
5231-fiqpa,"i have been a customer with this company for over 3 years now and have had a positive experience overall. the monthly charges are very affordable at $19.85 and i appreciate the option to pay with a mailed check. although i do not have internet service with this provider, i have not experienced any issues with my current plan. i am satisfied with the service and have no plans to switch providers at this time.",TRUE,positive,0.950202465,2
6617-wlbqc,,FALSE,,,
2599-cipqe,,FALSE,,,
6653-cbbom,,FALSE,,,
8774-gsbun,,FALSE,,,
7326-rigqz,,FALSE,,,
1401-fthfq,,FALSE,,,
3247-zvouo,"i recently canceled my service with this provider after being a customer for 10 months on a month-to-month contract. the monthly charges of $85.55 for fiber optic internet were reasonable, but i ultimately decided to switch to a different provider due to some issues with the reliability of the service. i appreciated the convenience of paying with electronic che",TRUE,negative,0.7857567071914673,0
0254-fnmci,,FALSE,,,
1848-lbzhy,,FALSE,,,
6101-imrmm,,FALSE,,,
8118-tjafg,,FALSE,,,
5429-lwcmv,,FALSE,,,
7298-izwly,"i have been a customer with this company for just over a month now and i have been pleased with their service so far. i appreciate the option for a month-to-month contract as it gives me flexibility. the monthly charges are reasonable at $19.4 and i have had no issues with payment using a mailed check. while i do not currently have internet service with this company, i am satisfied with the overall experience.",TRUE,positive,0.9645242094993591,2
9758-mfwgd,,FALSE,,,
3955-jbzzm,,FALSE,,,
1268-asbga,,FALSE,,,
8943-urtmr,,FALSE,,,
4815-tumeq,,FALSE,,,
4713-lzdrv,,FALSE,,,
9909-idlek,,FALSE,,,
4092-ofqzs,,FALSE,,,
1561-bwhin,"i have been a customer with this company for 19 months now and i am pleased to say that i have not experienced any issues that would lead me to consider churning. the $19.8 monthly charges for my one-year contract are reasonable and affordable. although i do not have internet service with this company, i am satisfied with the payment method of mailing a check. overall, i am a happy and satisfied customer.",TRUE,positive,0.9014710187911987,2
4325-nfskc,,FALSE,,,
9927-dswdf,,FALSE,,,
9500-ltvbp,,FALSE,,,
7252-ntgss,,FALSE,,,
8149-aiqcg,,FALSE,,,
1360-jyxkq,,FALSE,,,
2955-psxoe,,FALSE,,,
7762-urzqh,"i have been a customer with this company for over 5 years and have been using their fiber optic internet service. the service itself has been reliable and fast, but unfortunately i have decided to churn du",TRUE,negative,0.5566316246986389,0
0899-wzrsd,,FALSE,,,
3255-grxmg,,FALSE,,,
4828-fazpk,,FALSE,,,
6094-zivkx,,FALSE,,,
6925-baygl,,FALSE,,,
3262-eidhv,"""i have been a loyal customer with this internet service provider for 6 years now and have had a two-year contract with them. the monthly charges of $84.7 for dsl internet service have been reasonable and the automatic credit card payment method makes it convenient for me to pay my bill on time. i have not experienced any issues with the service and have not considered switching providers. overall, i am satisfied with the service and would recommend it to others.""",TRUE,positive,0.9251439571380615,2
7354-oijlx,,FALSE,,,
1376-hhbdv,,FALSE,,,
6907-nzzij,,FALSE,,,
6133-ozile,i have been a customer with this dsl internet provider for the past 18 months on a month-to-month contract. i have had no issues with their service and have never experienced any interru,TRUE,positive,0.8236671090126038,2
4135-frwkj,,FALSE,,,
2911-urefd,"i recently decided to cancel my dsl internet service after being with the provider for 39 months on a month-to-month contract. the monthly charges of $55.9 were reasonable, but i ultimately chose to switch to a different provider for a better internet connection. i appreciated being",TRUE,negative,0.4672819972038269,0
3744-zrrdz,,FALSE,,,
5673-tiyib,,FALSE,,,
6551-zcots,,FALSE,,,
7191-adrgf,,FALSE,,,
5018-lxqqg,,FALSE,,,
6892-bogqe,"i have been a customer with this company for over 6 years now and have never experienced any issues with my service. the automatic bank transfer payment method makes it convenient for me to stay up to date on my bills. even though i do not have internet service with this provider, i am",TRUE,positive,0.853519857,2
1602-ijqqe,,FALSE,,,
4628-wqcqq,,FALSE,,,
1746-tgtwv,,FALSE,,,
5995-snnew,,FALSE,,,
8050-wybnd,,FALSE,,,
2821-warnz,"i have been a customer with this company for almost 4 years now and i have been very satisfied with their service. the automatic credit card payment method has been convenient and hassle-free. even though i do not have internet service with them, the monthly charges of $19.45 for my contract type have been reasonable. i have not experienced any issues with churn and i plan on continuing my contract with them in the future. overall, i would highly recommend this company to others.",TRUE,positive,0.9624903798103333,2
4879-gzlfh,,FALSE,,,
1644-irksf,,FALSE,,,
8314-htwve,i have been a customer with this company for 7 months now and have not experienced any issues with churn. i am on a two-year contract with a monthly charge of $19.85. unfortunat,TRUE,neutral,0.4460535943508148,1
9402-roumj,,FALSE,,,
2507-qzpqs,,FALSE,,,
7159-nokyq,i have been a loyal customer of this company for over five years now and i have been very satisfied with the service. the fiber optic internet service ha,TRUE,positive,0.9758397340774536,2
5707-zmdjp,"""i have been a customer with this company for over four years now and i have been very satisfied with the service. the dsl internet has been reliable and the monthly charges are reasonable. i appreciate being able to pay by mailing a check, as it is convenient for me. overall, i have had a positive experience and would recommend this company to others.""",TRUE,positive,0.9739617705345154,2
8779-yiqqa,"i have been a customer with this company for 21 months now and i have been very satisfied with the service. even though i do not have internet service with them, i have found the monthly charges of $19.",TRUE,positive,0.925804615,2
7136-ihzja,,FALSE,,,
8966-oiqhg,,FALSE,,,
7074-stdcn,,FALSE,,,
3705-psngl,"i have been a customer with this company for 45 months on a one year contract. unfortunately, i have decided to churn as i am not satisfied with the lac",TRUE,negative,0.9129817485809326,0
8739-qottn,"i have been a customer with this company for 2 months now and i am pleased to say that i have not experienced any issues that would lead me to cancel my service. the month-to-month contract option works well for me as i have the flexibility to make changes as needed. the monthly charges of $20.35 are reasonable for the services provided. i do not have internet service with this company, so i cannot comment on that aspect. i prefer to pay by mailed check and have not had any problems with the payment process. overall, i am satisfied with my experience as a customer so far.",TRUE,positive,0.8566960096359253,2
1399-oupjn,,FALSE,,,
0277-bksqp,,FALSE,,,
6502-hcjti,"i recently switched internet providers after being with this company for 7 months. the fiber optic service was fast and reliable, but the monthly charges of $94.7 were a bit steep for my budget. the automatic credit card payment method was convenient, but i ultimately decided",TRUE,neutral,0.5013747215270996,1
2606-rmdhz,,FALSE,,,
5774-xztqc,"i have been a customer with this company for 7 months now on a month-to-month contract. i do not have internet service with them, so my monthly charges are $20.45 which i pay through mailed checks. i have not experienced any issues with the company and have not had any reason to churn. overall, i am satisfied with the service and pricing.",TRUE,neutral,0.45971211791038513,1
2676-sslto,,FALSE,,,
6266-qhojz,,FALSE,,,
7269-jiscy,,FALSE,,,
0363-svhyr,,FALSE,,,
8547-nsbbo,,FALSE,,,
8258-gstjk,,FALSE,,,
6861-okbce,,FALSE,,,
9940-rhlfb,"i recently switched to this fiber optic internet service provider and unfortunately, i had to cancel after just one month due to some unforeseen circumstances. while the service itself was reliable and fast, i found the monthly charges to be a bit high compared to other providers in the area. the option to pay with an electronic check was convenient and easy to set up. overall, i had a positive experience with the service but ultimately had to cancel due to financial reasons. i would consider using this provider again in the future if the pricing was more competitive.",TRUE,negative,0.4610259532928467,0
6591-qgoyb,,FALSE,,,
9070-bckqp,"i have been a customer with this internet service provider for 6 years now and i am very satisfied with the service. the fiber optic internet is fast and reliable, and i have had no issues with connectivity. the automatic credit card payment makes it convenient for me to pay my monthly bill on time. the monthly charges of $110.15 are reasonable for the quality of service i receive. overall, i have no complaints and would recommend this provider to others.",TRUE,positive,0.9704138040542603,2
6421-szvem,,FALSE,,,
1328-euzhc,,FALSE,,,
2995-uprys,,FALSE,,,
8878-ryuki,,FALSE,,,
9633-denpu,,FALSE,,,
7811-jivpf,,FALSE,,,
7113-hipfi,i have been a customer with this company for 66 months now and i have been very satisfied with the service. the dsl internet service has been reliable and the monthly charges of $65.85 are reasonable for th,TRUE,positive,0.9747729897499084,2
8541-qvfkm,"i have been a customer with this company for 8 months now, and i am extremely satisfied with their service. the fiber optic internet is fast and reliable, and i have had no issues w",TRUE,positive,0.981058657,2
6686-ypghk,,FALSE,,,
1383-ezrwl,,FALSE,,,
9258-cnwac,,FALSE,,,
5371-vylsx,,FALSE,,,
6374-afwox,,FALSE,,,
4759-trplw,,FALSE,,,
5317-flpjf,,FALSE,,,
7621-vpnet,,FALSE,,,
6034-ymtob,,FALSE,,,
8563-iioxk,,FALSE,,,
4903-cnozc,,FALSE,,,
4353-hyojd,,FALSE,,,
8020-bwhyl,,FALSE,,,
7267-frmjw,,FALSE,,,
2982-vpsgi,"i recently decided to cancel my service with this company after being a customer for 11 months. while the fiber optic internet service was fast and reliable, i found the monthly charges of $",TRUE,negative,0.8747105598449707,0
4188-frabg,,FALSE,,,
8199-zllsa,,FALSE,,,
4128-etesu,,FALSE,,,
0620-dlslk,,FALSE,,,
4625-ewptf,,FALSE,,,
5980-noplp,,FALSE,,,
3850-okinf,,FALSE,,,
6892-xpfpu,,FALSE,,,
8010-ezlou,,FALSE,,,
1156-zfydo,"""i have been a customer with this company for 1 month now and i am quite satisfied with the service so far. the monthly",TRUE,positive,0.9525225758552551,2
3295-yvusr,"i have been a customer with this fiber optic internet service provider for 2 months now and i am very satisfied with the service. the connection has been reliable and fast, and i have not experienced any issues with downtime or slow speeds. the monthly charges of $72.6 are reasonable for the quality of service i am receiving. i appreciate the option to pay by mailed check as it is convenient for me. overall, i am happy with my experience and have no plans to switch providers in the near future.",TRUE,positive,0.9654613733291626,2
8016-ncfvo,i have been a customer with this company for over 4 years now and have been very satisfied with their service. the fiber optic internet is fast a,TRUE,positive,0.9785555601119995,2
4119-zypzy,"i have been a customer with this company for over 6 years now and i am extremely satisfied with the service i have received. the fiber optic internet service has been reliable and fast, allowing me to stream movies, work from home, and play online games without any issues. the monthly charges are reasonable for the quality of service provided, and i appreciate the convenience of paying with electronic check. overall, i have had a positive experience with this company and would highly recommend them to others.",TRUE,positive,0.9762311577796936,2
5549-zghfb,,FALSE,,,
7577-swifr,,FALSE,,,
0303-wmmrn,"i have been a customer with this company for 5 months now and i am satisfied with the service so far. the month-to-month contract gives me flexibility and the monthly charges of $19.25 are affordable. even though i do not have internet service with them, the payment method of mailing a check is convenient for me. overall, i have had no issues and am happy with my experience as a customer.",TRUE,positive,0.9502983093261719,2
6408-otubz,,FALSE,,,
5204-hmgyf,,FALSE,,,
1078-tdcrn,,FALSE,,,
3727-ovpry,,FALSE,,,
3797-fkogq,,FALSE,,,
7622-nxqzr,,FALSE,,,
6196-hbobz,"""i have been a customer with this company for over 5 years now and i have been extremely satisfied with the service. the fiber optic internet is fast and reliable, and the monthly charges are reasonable for the quality of service. i have had no issues with billing or connectivity, and i appreciate the convenience of paying with electronic check. overall, i would highly recommend this company to others looking for a reliable internet service provider.""",TRUE,positive,0.9753714203834534,2
3970-xgjdu,"i have been a loyal customer with this company for over five years now and have been extremely satisfied with the service. the automatic payment method makes it easy to manage my bills, and the low monthly charges for my two-year contract are very reasonable. although i do not h",TRUE,positive,0.9651252627372742,2
7017-vfuly,,FALSE,,,
5562-yjqgt,"i have been a customer with this company for 2 months now and i am happy to say that i have had no issues with their service. the monthly charges are very reasonable at $20.35 and i appreciate the convenience of the automatic credit card payment method. even though i do not have internet service with them, i am satisfied with the overall experience and plan to continue with their month-to-month contract.",TRUE,positive,0.9637593030929565,2
8807-opmbm,,FALSE,,,
5439-wikxb,,FALSE,,,
9874-qlclh,,FALSE,,,
8294-uimba,,FALSE,,,
8109-yuohe,i have been a customer with this company for 17 months now and i am pleased to say that i have not experienced any issues that would make me want to leave. the dsl intern,TRUE,positive,0.8824582099914551,2
5840-nvdcg,,FALSE,,,
8092-nltgf,,FALSE,,,
5928-qldhb,,FALSE,,,
9840-efjqb,,FALSE,,,
0696-uktox,,FALSE,,,
4801-kfykl,,FALSE,,,
3472-oaoor,,FALSE,,,
6135-ozqva,i have been a customer with this dsl internet service provider for 7 months now and i am pleased to say that i have not experienced any issues that would make me want to cancel my service. th,TRUE,positive,0.893627405,2
8062-ybdoe,,FALSE,,,
2252-jhjge,,FALSE,,,
4188-pcpig,i have been a customer with this dsl internet provider for over four and a half years now and i have been quite satisfied with the service overall. the monthly char,TRUE,positive,0.9451429843902588,2
6000-apylu,,FALSE,,,
7105-benqf,"i have been a customer with this company for 15 months now and i am very satisfied with the service. the dsl internet service has been reliable and the monthly charges of $64.85 are reasonable. i appreciate being able to pay by mailing a check as it is convenient for me. i have not experienced any issues with customer service or billing. overall, i am happy with my experience and do not plan on churning anytime soon.",TRUE,positive,0.9671639800071716,2
7721-dvekz,,FALSE,,,
3566-vvorz,,FALSE,,,
9507-hsmmz,i have been a customer with this company for over four years now and have been satisfied with the service overall. the monthly charges are affordable at $20.0 and i a,TRUE,positive,0.9432213306427002,2
2480-sqiob,"i have been a customer with this dsl internet provider for 4 months now and i am very satisfied with the service. the monthly charges are affordable at $44.8 and the payment method of electronic check is convenient for me. the internet speed is reliable and i have not experienced any issues with connectivity. i appreciate the flexibility of the month-to-month contract as well. overall, i have had a positive experience with this provider and would recommend them to others.",TRUE,positive,0.9702045917510986,2
0947-idhrq,,FALSE,,,
7813-tkcvo,,FALSE,,,
0128-mkwsg,,FALSE,,,
3672-yitqd,,FALSE,,,
4350-ztlpi,,FALSE,,,
9048-jvyvf,,FALSE,,,
0361-hjrdx,,FALSE,,,
5727-myate,,FALSE,,,
3823-kynqy,,FALSE,,,
8988-ecpjr,,FALSE,,,
7570-welny,,FALSE,,,
3021-vlnrj,,FALSE,,,
3776-ektkm,"i recently signed up for dsl internet service with this provider on a month-to-month contract. unfortunately, after just one month of service, i decided to cancel due to slow speeds and frequent outages. the monthly charges of $36.45 were reasonable, but the unreliable service was not worth the cost. i paid using electronic check, which was convenient, but i ultimately decided to switch to a different provider for more reliable internet service.",TRUE,negative,0.8997361660003662,0
2080-caznm,,FALSE,,,
1028-ffnjk,,FALSE,,,
6907-flber,i have been a customer with this company for 1 month now and i am happy to say that i have not experienced any issues,TRUE,positive,0.9360792636871338,2
3001-unbtl,,FALSE,,,
5982-psmkw,"i have been a customer with this dsl internet service provider for 23 months now and i am overall satisfied with the service. the monthly charges of $91.1 are reasonable for the speed and reliability of the internet connection. i appreciate the convenience of the automatic credit card payment method, as it ensures that my bill is always paid",TRUE,positive,0.9684801697731018,2
3507-gasnp,,FALSE,,,
7096-znbzi,"i have been a loyal customer for 6 years now and have never experienced any issues with my service. the automatic payment with my credit card makes it convenient for me to stay on top of my bills. even though i do not have internet service, i am satisfied with the affordable monthly charges. i have no plans to switch providers anytime soon.",TRUE,positive,0.8792608380317688,2
1902-xbtfb,,FALSE,,,
1676-mqaoa,,FALSE,,,
0786-ivlaw,"i have been a customer with this company for 66 months now and i have been extremely satisfied with their service. the fiber optic internet service has been reliable and fast, and i have had no issues with connectivity. the automatic bank transfer for payment has been convenient and hassle-free. the monthly charges of $108.1 are reasonable for the quality of service that i receive. overall, i have had a positive experience with this company and would highly recommend them to others.",TRUE,positive,0.9742915034294128,2
7566-dsrlq,,FALSE,,,
0643-oklrp,"""i've been a customer for almost 4 years now and have been generally satisfied with the service provided. however, i recently decided to switch to a different provider due to their competitive pricing and better promotional offers. the $80.35 monthly charges for fiber optic internet were a bit on the higher side compared to what other providers were offering. overall, the service was reliable and the payment method through electronic check was convenient. i would consider returning in the future if there are better pricing options available.""",TRUE,positive,0.9087294936180115,2
7245-jmttq,,FALSE,,,
6050-ijrhs,"i have been a customer with this company for over 5 years now and i have been extremely satisfied with the service. the fiber optic internet service has been reliable and fast, and t",TRUE,positive,0.9807368516921997,2
6202-jvyeu,,FALSE,,,
8591-tkmzh,"i have been a loyal customer for almost 5 years now and have been very satisfied with the fiber optic internet service provided. the monthly charges are reasonable for the quality of service i receive. i appreciate the option to pay by mailed check as it is convenient for me. overall, i have no complaints and have no plans to switch providers.",TRUE,positive,0.9558690190315247,2
0734-oxwbt,,FALSE,,,
4282-acrxs,,FALSE,,,
0365-trtpy,,FALSE,,,
7349-almux,i have been a customer with this dsl internet service provider for 37 months now and i must say i am very satisfied with the service. the monthly charges of $65.6 are reasonable for the quality of internet i receive. i ap,TRUE,positive,0.9711042046546936,2
9381-ndkme,,FALSE,,,
6502-kugll,,FALSE,,,
1841-ysjgv,,FALSE,,,
2794-ximmo,,FALSE,,,
8382-shqeh,"""i recently decided to cancel my service after 8 months with this company. while the fiber optic internet service was reliable and fast, i found that the monthly charges of $84.90 were a bit higher than i would have liked. additionally, the payment method of electronic check was convenient, but i ultimately decided to switch to a different provider that offered a better promotional rate. overall, i had a positive experience with the internet service itself, but the pricing and contract terms were not ideal for me in the long run.""",TRUE,negative,0.7596516609191895,0
3511-bftjw,,FALSE,,,
7668-xcfyv,,FALSE,,,
2983-zanrp,"i recently switched to this fiber optic internet service provider and unfortunately, i have decided to churn after only 2 months. the monthly charges of $73.55 were reasonable, but i experienced frequent outages and slow speeds. the automatic bank transfer payment method was convenient, but i expected better reliability and performance for the price i was paying. i will be looking for a more reliable internet service provider for my needs.",TRUE,negative,0.850673258,0
7845-urhjn,"i recently cancelled my service with this company after being a customer for 8 months on a month-to-month contract. i was paying $20.15 per month for a service that did not include internet. i had set up automatic bank transfers for payment, which was convenient. however, i ultimately decided to churn because i needed internet service and found a better deal with another provider. overall, my experience with this company was satisfactory, but i had to make a business decision that better suited my needs.",TRUE,negative,0.7547340393066406,0
3034-zbeqn,,FALSE,,,
5018-hekfo,,FALSE,,,
3976-nldez,,FALSE,,,
2282-ygnor,,FALSE,,,
5336-ufnzp,"i have been a customer with this company for over five years now and have always been satisfied with the service provided. the fiber optic internet service is fast and reliable, and i appreciate the convenience of being able to pay my monthly bill with an electronic check. the monthly charges are reasonable for the quality of service i receive. overall, i have no complaints and would highly recommend this company to others.",TRUE,positive,0.971123993,2
6854-exgsf,,FALSE,,,
1241-ezfmj,,FALSE,,,
9233-psyho,"i have been a loyal customer of this company for 45 months now and i have been extremely satisfied with their service. the fiber optic internet service is fast and reliable, and i have never experienced any issues with connectivity. the automatic bank transfer payment method makes it convenient for me to pay my mont",TRUE,positive,0.9733743071556091,2
5376-pcknb,,FALSE,,,
8044-bgwpi,,FALSE,,,
4060-ldnlu,,FALSE,,,
3589-ppvkw,i have been a customer with this dsl internet service provider for the past 9 months on a month-to-month contract. i have never experienced any issues with my service and have never had to deal with any unexpected charges. th,TRUE,positive,0.7397257089614868,2
8327-lzkas,,FALSE,,,
5887-ikkyo,i have been a loyal customer for 58 months now and i am extremely satisfied with the fiber optic internet service provided by this company. the monthly charges of $94.35 are reasonable for the quality of service i receive. i appreciate the conven,TRUE,positive,0.9716070890426636,2
1075-bgwoh,,FALSE,,,
1755-rmcxh,,FALSE,,,
0302-joivn,,FALSE,,,
3858-xhyjo,"i have been a customer with this company for 40 months now and i am extremely satisfied with the service i have received. the fiber optic internet service has been reliable and fast, allowing me to stream videos, work from home, and stay connected with friends and family without any issues. the automatic bank transfer payment method makes it convenient for me to pay my monthly bill on time without having to worry about late fees. the monthly charges of $105.75 are reasonable for the quality of service i am receiving. overall, i have no complaints and would highly recommend this company to others.",TRUE,positive,0.9732889533042908,2
4299-simns,,FALSE,,,
7025-iwfht,"i have been a customer with this company for over three years now and i have been extremely satisfied with the service. the fiber optic internet service has been reliable and fast, and i have had no issues with connectivity. the monthly charges are reasonable for the quality of service i receive. i ap",TRUE,positive,0.9736626148223877,2
6261-lhrtg,,FALSE,,,
7841-fcrqd,,FALSE,,,
2056-evgzl,"i have been a customer with this company for over 5 years now and i am extremely satisfied with their service. the fiber optic internet is fast and reliable, and i have had no issues with outages or slow speeds. the automatic credit card payment method is convenient and ensures that i never miss a payment. the monthly charges of $105.75 are reasonable for the quality of service i receive. i have no complaints and would highly recommend this company to others.",TRUE,positive,0.9746237397193909,2
8777-mbmts,,FALSE,,,
7753-usqyq,,FALSE,,,
5366-ijeqj,i recently decided to switch internet providers after being with this company for 20 months on a month-to-month contract. the monthly charges of $88.7 were reasonable for the fiber opt,TRUE,neutral,0.6472009420394897,1
7661-cpurm,"i have been a customer with this fiber optic internet service provider for 19 months now and i have had a great experience overall. the connection has been reliable and fast, and i have not experienced any issues with downtime or slow speeds. the monthly charges of $87.7 are reasonable for the quality of service i am receiving. i appreciate the convenience of the automatic credit card payment method, as it ensures that my bills are always paid on time. overall, i am satisfied with my experience and would recommend this provider to others.",TRUE,positive,0.9690303802490234,2
6233-hxjmx,,FALSE,,,
5902-wblse,,FALSE,,,
1981-inrfu,"""i recently switched to this fiber optic internet service provider just 2 months ago and unfortunately, i have already decided to churn. the monthly charges of $79.75 were reasonable for the speed and reliability of the service. however, i encountered frequent outages and slow speeds during peak hours which became frustrating. additionally, the process of setting up the electronic",TRUE,negative,0.8029017448425293,0
4971-puyqo,,FALSE,,,
3239-tphpz,i have been a customer with this company for 12 months now and have been satisfied with the service overall. the monthly charges are reasonable at $20.05 and i appreciate the convenience of paying through elec,TRUE,positive,0.9646987318992615,2
5115-gzdel,,FALSE,,,
3338-cvveh,"i have been a customer with this company for 12 months now and i am extremely satisfied with the service i have received. the fiber optic internet service is fast and reliable, and i have had no issues with connectivity. the monthly charges of $94.55 are reasonable for the quality of service i am receiving. i appreciate being able to pay with electronic check, as it is convenient and easy to manage. overall, i have had a positive experience and have no plans to churn in the near future.",TRUE,positive,0.9676746726036072,2
8485-gjcdn,,FALSE,,,
2615-yvmyx,,FALSE,,,
2851-sterv,,FALSE,,,
4393-geadv,,FALSE,,,
8486-ayeqh,"i have been a customer with this company for over 2 and a half years now and have been very satisfied with their services. the fiber optic internet service has been reliable and fast, and i have not experienced any issues with connectivity. the monthly",TRUE,positive,0.9706683158874512,2
1527-sxdpn,"i have been a customer with this company for over four years now, and i have been overall satisfied with their fiber optic internet service. however, i recently decided to switch providers due to a better deal being offered elsewhere. the monthly charges of $96.25 were reasonable",TRUE,positive,0.8832739591598511,2
6029-wtipc,,FALSE,,,
8634-cilsz,"i have been a customer with this company for almost six years now, and i have been generally satisfied with the service. the fiber optic internet is fast and reliable, and i have had very few issues with downtime. however, i recently decided to switch providers due to a better deal being offered by a competitor. the monthly charges were starting to add up, and i found a cheaper option elsewhere. the automatic bank transfer payment method was convenient, but ultimately, i needed to make a change to save money. overall, i would recommend this company for their reliable internet service, but be sure to shop around for better deals to save money in the long run.",TRUE,positive,0.9253031015396118,2
5419-jkznq,i have been a customer with this internet service provider for 30 months now and have been very satisfied with the fiber optic internet service. the speeds are consistently fast and reliable. the monthly charges of $,TRUE,positive,0.9791513681411743,2
2495-kznfb,,FALSE,,,
1409-phxtf,i have been a customer with this company for over four and a half years and overall i have been satisfied with the service. the fiber optic internet is fast,TRUE,positive,0.9691218137741089,2
4560-wqaqw,,FALSE,,,
9591-yvteb,,FALSE,,,
9309-bzgnt,,FALSE,,,
4274-drsqt,,FALSE,,,
2027-dnkiv,,FALSE,,,
8075-gxiub,,FALSE,,,
2885-hijdh,,FALSE,,,
5424-rlqlc,,FALSE,,,
6682-qjdgb,"i have been a customer with this company for over 3 years now, but unfortunately, i have decided to churn. the monthly charges of $55.25 for dsl internet service were reasonable, but i found the service to be inconsistent at times. additionally, having to pay by mailing",TRUE,negative,0.8999295830726624,0
6507-dtjzv,,FALSE,,,
8780-ixsts,,FALSE,,,
7673-bqgku,,FALSE,,,
6723-wsnty,,FALSE,,,
9530-ehpoh,,FALSE,,,
2725-iwwba,,FALSE,,,
0345-hkjvm,,FALSE,,,
1061-pnthc,,FALSE,,,
0394-yondk,,FALSE,,,
6574-mcoeh,i have been a customer with this internet service provider for 33 months now and i am very satisfied with the service. the monthly charges of $79.15 for dsl internet are reasonable and the payment method of electronic,TRUE,positive,0.9743384718894958,2
7399-qhbjs,i have been a satisfied customer with this dsl internet service provider for the past 6 years. the monthly charges are reasonable at $66.75 and i appreciate the convenience of automatic credit card pay,TRUE,positive,0.974477232,2
3049-solay,,FALSE,,,
0997-ytlny,i have been a customer with this dsl internet service provider for 19 months now and have been satisfied with the service overall. the monthly charges of $48.8 are reason,TRUE,positive,0.9054916501045227,2
3317-hrtnn,,FALSE,,,
9479-hynyl,i have been a loyal customer with this company for over six years now and have been satisfied with the dsl internet service,TRUE,positive,0.9370982050895691,2
3235-etoob,,FALSE,,,
9708-kfdby,,FALSE,,,
8058-intph,,FALSE,,,
3642-gktct,,FALSE,,,
0774-rmnuw,,FALSE,,,
1334-pdukm,i have been a customer with this company for over 5 years now and i am extremely satisfied with their service. the fiber optic internet is fast,TRUE,positive,0.9859322309494019,2
0756-mpzrl,,FALSE,,,
2242-mfotg,,FALSE,,,
2927-cvult,,FALSE,,,
2144-bfdso,,FALSE,,,
8745-pvesg,,FALSE,,,
7647-gyykx,,FALSE,,,
5647-fxotp,"i have been a customer with this company for 5 years now and i am very happy with the service. the fiber optic internet service has been reliable and fast, and i have had no issues with my billing or payments. the monthly charges are reasonable for the quality of service provided. i appreciate the convenience of paying with electronic check and overall i have been satisfied with my experience. i have no plans to switch providers in the foreseeable future.",TRUE,positive,0.9726271033287048,2
5569-ouicf,,FALSE,,,
8821-xnhvz,,FALSE,,,
2082-ojvtk,,FALSE,,,
9700-ispup,,FALSE,,,
9839-etqoe,i have been a loyal customer with this dsl internet provider for over 3 years now. i appreciate the flexibility of the m,TRUE,positive,0.931124747,2
6078-vesfr,,FALSE,,,
9027-tmatr,i have been a customer with this dsl internet service provider for over three and a half years now and i have been very satisfied with the service. the monthly charges are reasonable at $78.8 and i appreciate,TRUE,positive,0.9769001007080078,2
5940-nfxkv,,FALSE,,,
1941-hosam,,FALSE,,,
9110-hsgtv,,FALSE,,,
0704-vcumb,,FALSE,,,
6171-ztvyb,,FALSE,,,
8053-wwdro,"i was a customer with this company for 6 months on a month-to-month contract with monthly charges of $19.5. i opted for automatic bank transfer for payment. unfortunately, i had to churn because the internet service was not available in my area. it would have been great if the company had checked for service availability before signing me up. overall, i was satisfied with the pricing and payment method, but the lack of internet service was a major drawback.",TRUE,negative,0.8265060782432556,0
9564-kclhr,,FALSE,,,
1935-imvbb,,FALSE,,,
2535-pbcgc,,FALSE,,,
2082-ceflt,,FALSE,,,
1470-psxnm,,FALSE,,,
1213-ngcun,,FALSE,,,
2498-xldzr,,FALSE,,,
9866-occke,,FALSE,,,
5338-yhwyt,i have been a customer with this company for 37 months now and i have been very satisfied with the service. the dsl internet service has been reliable and the monthly charges of $61.45 are reasonable. i appreciate the convenience of the automat,TRUE,positive,0.9793040752410889,2
7718-upskj,"i have been a loyal customer of this fiber optic internet service provider for nearly six years now and i have been extremely satisfied with the service. the connection is reliable and fast, and i have never experienced any issues with downtime. the automatic credit card payment method makes it convenient for me to pay my monthly bill without any hassle. the monthly charges are reasonable for the quality of service i receive. i highly recommend this provider to anyone in need of a reliable internet connection.",TRUE,positive,0.9670414924621582,2
8731-wbbmb,,FALSE,,,
1448-cywkc,"i have been a customer with this company for almost five years now and i have been extremely satisfied with the service. the fiber optic internet is fast and reliable, and i have never experienced any issues with connectivity. the automatic credit card payments make it convenient for me to pay my bill on time every month. the monthly charges are reasonable for the quality of service i receive. overall, i have no complaints and would highly recommend this company to others.",TRUE,positive,0.9713780283927917,2
7901-iidqv,,FALSE,,,
2690-dvrvk,,FALSE,,,
5688-kztsn,,FALSE,,,
1270-xkucc,,FALSE,,,
0334-zfjsr,,FALSE,,,
2894-qojrx,,FALSE,,,
5747-pmbsq,"i recently decided to switch internet providers after being with this company for 10 months on a month-to-month contract. the monthly charges were $92.50, which i found to be a bit expensive for the service provided. while the fiber optic internet was fast and reliable, i ultimately decided to churn because i found a better deal with another provider. i also found the payment method of mailing a check to be inconvenient compared to more modern options available with other companies. overall, i had a decent experience with this company but ultimately decided to leave for better pricing and payment options.",TRUE,negative,0.7377806901931763,0
5583-ejxrd,,FALSE,,,
4565-evzmj,,FALSE,,,
3143-jqegi,"i recently canceled my service with this provider after being a customer for 13 months on a month-to-month contract. the monthly charges of $88.35 for fiber optic internet were reasonable, but i ultimately decided to switch to a different provider for better customer service and reliability. i appreciated the convenience of paying with an electronic check, but unfortunately, it wasn't enough to keep me as a satisfied customer.",TRUE,negative,0.8112554550170898,0
6386-szzkh,"i recently decided to switch internet providers after being with my previous provider for almost four years. despite being on a two year contract with monthly charges of $107.95, i ultimately decided to churn due to issues with the reliability and speed of the fiber optic internet service. i was disappointed with the service considering the amount i was paying each month. the automatic bank transfer payment method was convenient, but ultimately not worth it for the subpar service i was receiving. i hope to find a better internet provider in the future.",TRUE,negative,0.8651626706123352,0
3327-ybakm,,FALSE,,,
9441-qhevc,,FALSE,,,
6705-lnmdd,,FALSE,,,
2580-asvvy,,FALSE,,,
3370-gqeal,,FALSE,,,
5032-uspkf,,FALSE,,,
2982-ihmft,,FALSE,,,
3521-syvor,,FALSE,,,
4254-qpede,,FALSE,,,
6283-gitpx,,FALSE,,,
9526-jawyf,,FALSE,,,
0771-chwsk,"i have been a customer with this company for over five and a half years and have been very satisfied with their dsl internet service. the automatic credit card payment option makes it easy to manage my monthly charges and i have never experienced any issues with billing. the monthly charge of $74.6 is reasonable for the service provided. overall, i have had a positive experience with this company and would recommend their services to others.",TRUE,positive,0.946487308,2
9788-hngut,,FALSE,,,
9495-rediy,,FALSE,,,
5375-xldof,,FALSE,,,
1172-viybp,,FALSE,,,
5649-vukmc,,FALSE,,,
6559-pdzlr,"i have been a customer with this company for 26 months now and i have been extremely satisfied with the service. the fiber optic internet is fast and reliable, and i have had no",TRUE,positive,0.9712634086608887,2
8992-obvdg,"i have been a customer with this dsl internet service provider for 21 months now and have been pleased with the service overall. the monthly charges of $61.65 are reasonable for the speed and reliability of the internet connection. i appreciate the flexibility of the month-to-month contract and have had no issues with billing or payment using a mailed check. the internet service has been consistent and i have not experienced any outages or disruptions. overall, i am satisfied with the service and have no plans to churn in the near future.",TRUE,positive,0.9502342343330383,2
4273-mbhya,,FALSE,,,
4724-wxvwf,,FALSE,,,
5701-guxdc,,FALSE,,,
1460-uzprj,i have been a customer with this company for 5 years now and have been satisfied with the service overall. i appreciate the affordable monthly charges and the fact that i don't have to deal with any issues related to internet service.,TRUE,positive,0.9538576006889343,2
6082-gljix,,FALSE,,,
5143-egqfk,"i recently decided to cancel my service with this company after being a customer for 10 months. the monthly charges of $29.65 for dsl internet service were reasonable, but i found the service to be unreliable and slow at times. the payment method of electronic check was co",TRUE,negative,0.9204866290092468,0
4919-ikaty,"i recently cancelled my service with this company after being a customer for 5 months on a month-to-month contract. the monthly charges of $84.50 were reasonable for the fiber optic internet service i received. however, i found the process of making payments through electronic check to be cumbersome and inconvenient. overall, i was satisfied with the internet service itself, but ultimately decided to switch providers due to the payment method issue.",TRUE,negative,0.8234241604804993,0
2495-tthbq,"i have been a customer with this company for 4 months now and have been satisfied with the service so far. i have not experienced any issues with billing or service interruptions. the monthly charges are reasonable at $20.4 and i appreciate the option to pay by mailed check. i do not have internet service with this company, so i cannot speak to the quality of that aspect. overall, i am happy with my experience as a customer and have no plans to churn in the near future.",TRUE,positive,0.900199294,2
0485-zbsln,i have been a loyal customer for over five years now and have been extremely satisfied with the service provided by this company. the automatic credit card payment option makes it easy for me to stay on top of my bills and i appreciate the affordable monthly char,TRUE,positive,0.9736548662185669,2
3810-pjuhr,,FALSE,,,
9050-qlroh,"i recently decided to cancel my fiber optic internet service after being a customer for 18 months. the monthly charges of $90.7 were becoming too expensive for me, especially since i was on a month-to-month contract. although the service itself was reliable and fast, i found a more affordable option with a different provider. i appreciated the convenience of automatic credit card paymen",TRUE,negative,0.6343576908111572,0
0847-hgrml,,FALSE,,,
8232-ctlko,,FALSE,,,
9227-ybaxe,,FALSE,,,
6168-wfvvf,,FALSE,,,
9860-lisiz,,FALSE,,,
0112-qawrz,,FALSE,,,
0877-sdmbn,,FALSE,,,
2786-gcdpi,,FALSE,,,
4043-mkdtv,,FALSE,,,
8065-ykxkd,,FALSE,,,
9637-eiheq,,FALSE,,,
9229-rqabd,,FALSE,,,
8313-ktihg,,FALSE,,,
5320-brkgk,,FALSE,,,
6284-kmnuf,"i have been a customer with this company for over four and a half years and have been consistently satisfied with the service provided. the fiber optic internet service has been reliable and fast, allowing me to work from home without any issues. the monthly charges are reasonable for the quality of service received. i appreciate the convenience of paying with electronic check as it is quick and easy. overall, i have no complaints and would recommend this company to others.",TRUE,positive,0.9643482565879822,2
9689-ptnpg,,FALSE,,,
9465-rwmxl,,FALSE,,,
6229-uolql,,FALSE,,,
2362-ibooy,,FALSE,,,
3137-lupix,,FALSE,,,
0843-wtbxe,"i have been a customer for over four years with the fiber optic internet service and have generally been satisfied with the reliability and speed. however, i recently decided to switch providers due to the increasing monthly charges. despite being on a month-to-month contract, the $85.45 monthly fee became too expensive for me. i appreciated the convenience of the automatic bank transfer payment method, but ultimately had to make a change to save money.",TRUE,neutral,0.4765828847885132,1
6143-jqkea,,FALSE,,,
8676-ooqej,,FALSE,,,
5515-idejj,,FALSE,,,
9701-cdxhr,,FALSE,,,
7450-nwrtr,"i decided to cancel my service after being with the company for a year. the monthly charges of $99.45 were becoming too expensive for me, especially since i was only on a month-to-month contract. the fiber optic internet service was good while i had it, but i found a more affordable option elsewhere. i appreciated being able to pay with electronic check, but ultimately the cost was the deciding factor in my decision to churn.",TRUE,negative,0.7698168754577637,0
8124-nzvgj,i have been a customer with this internet service provider for 6 months now and i am pleased to say that i have not experienced any issues with the service. the monthly charges are affordable at $49.25 and the dsl internet service has been reliable. i appreciate the option to pay by mail,TRUE,positive,0.9539647698402405,2
2162-frzaa,,FALSE,,,
5376-deqcp,"i recently switched to this fiber optic internet service provider but unfortunately, i had to cancel after only one month. the monthly charges of $70.6 were reasonable, but i had issues with the reliability of the service. the connection would often drop unexpectedly, causing frustration and inconvenience. additionally, the payment method of electronic check was convenient, but i ultimately decided to switch to a different provider due to the inconsistent service. i hope the company can improve their reliability in the future.",TRUE,negative,0.8636721968650818,0
5118-mueyh,,FALSE,,,
9095-hfafx,,FALSE,,,
5627-tvbpp,,FALSE,,,
2379-enzgv,i recently canceled my service with this company after being a customer for 6 months. i was on a month-to-month contract and was paying $84.85 a month for fiber optic internet.,TRUE,negative,0.9115346074104309,0
3936-qqfll,,FALSE,,,
2589-aycrp,i have been a loyal customer with this company for 50 months now and have had a positive experience overall. the automatic bank transfer for payment is convenient and hassle-free. the monthly charges of $19.75 for my one-year contract are,TRUE,positive,0.9653158187866211,2
4067-hlyqi,,FALSE,,,
5124-eogye,"i have been a customer with this company for over 2 and a half years and have had a positive experience overall. even though i do not have internet service with them, i have never had any issues with billing or customer service. the monthly charges are very reasonable at $20.45 and i appreciate that i can pay with a mailed check. i have no plans to switch providers in the near future.",TRUE,positive,0.9040887951850891,2
5057-rkglh,,FALSE,,,
0292-wegch,,FALSE,,,
8910-ichiu,,FALSE,,,
4097-yodcf,"i have been a customer with this company for over 2 and a half years now and i have been very satisfied with the service they provide. the fiber optic internet service has been fast and reliable, allowing me to stream movies, work from home, and video chat with no interruptions. the monthly charges are reasonable for the quality of service i receive. i appreciate the conven",TRUE,positive,0.970832884,2
9715-wzclw,,FALSE,,,
9786-ywnhu,,FALSE,,,
6407-gsjnl,,FALSE,,,
6005-obzph,"i have been a customer with this company for 26 months, and unfortunately, i have decided to churn. i was on a month-to-month contract with monthly charges of $89.15 for",TRUE,negative,0.8957870006561279,0
4049-zpald,,FALSE,,,
7932-wptds,,FALSE,,,
3733-uocwf,,FALSE,,,
6833-jmzyp,,FALSE,,,
2722-vojql,"i have been a customer with this company for over five years and have been very satisfied with the fiber optic internet service. however, i recently decided to switch providers due to the high monthly charges. i had been on a one-year contract with automatic credit card payments, but i found a better deal elsewhere. overall, i was happy with the service provided, but the cost was ultimately the deciding factor in my decision to churn.",TRUE,positive,0.7020019292831421,2
1310-qritu,,FALSE,,,
8961-qdzzj,"""i have been a customer with this company for 57 months now and i have been extremely satisfied with the fiber optic internet service they provide. the monthly charges of $95.0 are reasonable for the quality of service i receive. i apprec",TRUE,positive,0.9747868180274963,2
9715-sbvsu,i have been a customer with this dsl internet provider for the past 14 months and i have been satisfied with the service overall. the monthly charges are reasonable at $61.4 and i appreciate the convenience of the automatic bank transfer payment method. the internet service has been reliable and i have not experienced any issues with connectivity. i am happy with my decision to sign a two-year contract and have no plans to churn in the near future.,TRUE,positive,0.9567903876304626,2
8490-bxheo,i have been a customer with this fiber optic internet service provider for 18 months now on a month-to-month contract. i have not experienced any issues with my service and have not had any reason to consider switching providers. the automatic credit ca,TRUE,positive,0.5107514262199402,2
7173-tetgo,,FALSE,,,
7929-skfgk,,FALSE,,,
2300-rqgoi,,FALSE,,,
3563-svylg,,FALSE,,,
5228-excet,,FALSE,,,
6435-vwccy,"i have been a customer with this company for 65 months now and i am very satisfied with their service. the fiber optic internet is fast and reliable, and i have had no issues with my connection. the automatic credit card payment method is convenient and hassle-free. the monthly charges of $92.7 are reasonable for the quality of service that i receive. overall, i have had a positive experience with this company and would recommend them to others.",TRUE,positive,0.9729521870613098,2
4998-ikfse,,FALSE,,,
8630-qsgxk,,FALSE,,,
2455-uslmv,,FALSE,,,
7394-fkdnk,,FALSE,,,
9488-fvzcc,i have been a loyal customer with this dsl internet service provider for six years now and i have had a contract with them for two years. i have never experienced any issues with my service and my monthly charges of $79.5 are reasonable. the automatic bank transfer payment method is convenient for me and i have never had any issues with billing. i am satisfied with the service and plan to continue using it in the future.,TRUE,positive,0.9339085817337036,2
6331-lwdtq,,FALSE,,,
5995-wwkkg,,FALSE,,,
1597-fzreh,,FALSE,,,
7879-cgsfv,,FALSE,,,
9921-ezkby,,FALSE,,,
7432-ffvar,,FALSE,,,
7246-zgqdf,,FALSE,,,
7000-wcevq,"i recently decided to cancel my service after being a customer for 20 months. the monthly charges of $61.60 for dsl internet service were reasonable, but i found that the speeds were inconsistent and often slower than i would have liked. additionally, i preferred to pay via mailed check, but found that the process was not as convenient as i would have hoped. overall, i have decided to switch to a different provider that better meets my needs.",TRUE,negative,0.8852209448814392,0
0727-iwkvk,,FALSE,,,
5959-belxa,"i recently decided to cancel my service after being a customer for 32 months. while the fiber optic internet service was reliable and fast, i found that the monthly charges",TRUE,negative,0.8283994197845459,0
4456-rhsnb,,FALSE,,,
3512-izikn,,FALSE,,,
2481-sboyw,,FALSE,,,
7109-mfbyv,,FALSE,,,
1833-tcxkk,"i have been a customer with this internet service provider for 45 months now and i have been very satisfied with the service. the fiber optic internet is fast and reliable, and i have had no is",TRUE,positive,0.9706876873970032,2
1832-peuts,,FALSE,,,
6141-ooxuq,i recently signed up for internet service with this provider but unfortunately had to cancel after only one month due to moving to a new location. the monthly charges were reasonable at $19.65 and i appreciated the flexibility of the month-to-month contract. h,TRUE,neutral,0.46482884883880615,1
8660-buetv,,FALSE,,,
0580-piqhm,,FALSE,,,
5696-ceiqj,,FALSE,,,
7503-zguzj,"i recently signed up for fiber optic internet with this provider on a month-to-month contract. unfortunately, after only 1 month of service, i decided to cancel due to unforeseen circumstances. the monthly charges of $84.65 were reasonable for the speed and reliability of the fiber optic internet. however, i was disappointed that the only payment method available was mailing a check, as it was inconvenient for me. overall, i had a short but satisfactory experience with this provider.",TRUE,negative,0.8053897023200989,0
1696-hxowk,"i have been a loyal customer with this company for over 6 years now and have been extremely satisfied with the service provided. the fiber optic internet service has been reliable and fast, and i have never experienced any issues with connectivity. the monthly charges are reasonable for the quality of service received. whi",TRUE,positive,0.9671552181243896,2
3026-atzyv,,FALSE,,,
4012-ycfai,,FALSE,,,
2506-tnfco,,FALSE,,,
9970-qbcda,,FALSE,,,
8718-ptmez,,FALSE,,,
9496-ivvrp,,FALSE,,,
2207-obznx,,FALSE,,,
2657-vpxta,,FALSE,,,
6551-vljmv,"i have been a customer with this company for over 2 and a half years and i have been very satisfied with the service. the automatic credit card payments make it easy to manage my monthly bill and i have never had any issues with billing. even though i do not have internet service with this company, the $20.05 monthly charge for whatever services i do have is very reasonable. overall, i am happy with my experience as a customer and have no plans to churn in the near future.",TRUE,positive,0.9471125602722168,2
1221-ghzep,,FALSE,,,
9289-lbqvu,,FALSE,,,
6142-vsjqo,,FALSE,,,
3458-idmfk,,FALSE,,,
6933-fhbzc,"""overall, i have been satisfied with the dsl internet service provided by this company for the past 26 months. the monthly charges of $56.05 are reasonable for the speed and reliability of the connection. i appreciate being able to pay by mailing a check, as it is convenient for me. i have not experienced any issues with the service and have not felt the need to churn to a different provider. i am happy with the one-year contract and plan to continue using this company for my internet needs.""",TRUE,positive,0.9519270658493042,2
0221-nauxk,,FALSE,,,
9770-kxgqu,,FALSE,,,
6437-ukhmv,,FALSE,,,
6538-pochl,,FALSE,,,
6726-nnfwd,,FALSE,,,
3002-wqzwt,i have been a customer of this fiber optic internet service provider for almost 2 and a half years now and i have been extremely satisfied with the service. the speed and reliability of the connection have been excelle,TRUE,positive,0.9797322750091553,2
4277-udief,,FALSE,,,
1208-nbvfh,"i have been a customer with this internet provider for 20 months now and i have been very satisfied with the service. the dsl internet is reliable and the monthly charges of $49.6 are very reasonable. i appreciate the convenience of being able to pay with electronic check each month. overall, i have had no issues with the service and i plan to continue using this provider in the future.",TRUE,positive,0.9701018929481506,2
4912-piguy,,FALSE,,,
1114-cenim,,FALSE,,,
6060-drtnl,,FALSE,,,
2725-ttriq,,FALSE,,,
3374-ttztk,,FALSE,,,
8990-zxlsu,,FALSE,,,
2275-rbyqs,,FALSE,,,
8473-vuvjn,"i recently switched to this fiber optic internet service provider and unfortunately, i have already decided to churn after only 1 month. the monthly charges of $73.65 were reasonable, but i experienced frequent outages and slow speeds. additionally, i found the payment method of electronic check to be inconvenient compared to other options. i was disappointed with the overall service and will be looking for a different provider for my internet needs.",TRUE,negative,0.9110162854194641,0
6289-cpnld,,FALSE,,,
5536-slhpm,i have been a customer with this company for 55 months on a month-to-month contract with a monthly charge of $77.75 for fiber optic internet service. i recently decided to churn because i found a better d,TRUE,negative,0.7971994280815125,0
4419-ujmus,,FALSE,,,
7794-jasdg,,FALSE,,,
7609-ybpxg,,FALSE,,,
5519-teeuh,,FALSE,,,
7856-ganil,"i have been a loyal customer of this company for 45 months now and i must say i am extremely satisfied with the service. the fiber optic internet service has been reliable and fast, and i have never experienced any disruptions. the automatic bank transfer payment method makes it convenient for me to make payments on time without any hassle. even though the monthly charges are a bit on the higher side at $98.7, i believe the quality of service justifies the cost. overall, i am happy with my experience and have no intentions of churning in the near future.",TRUE,positive,0.9667869210243225,2
0804-xbfbv,,FALSE,,,
2676-oxppq,,FALSE,,,
3703-ttepd,"i have been a customer with this company for 21 months now and i have been satisfied with the service overall. the monthly charges of $65.35 for dsl internet are reasonable and the automatic bank transfer payment method is convenient for me. i have had no issues with the service and have not experienced any disruptions or outages. overall, i would recommend this company to others looking for reliable internet service.",TRUE,positive,0.9526719450950623,2
2799-tslag,,FALSE,,,
0196-vulgz,,FALSE,,,
8837-vvwlq,"i recently decided to leave this company after being a customer for 8 months. the monthly charges of $84.95 for fiber optic internet service were reasonable, but i ultimately chose to switch providers due to some issues with reliability and customer service. i found the payment method of electronic check to be convenient, but unfortunately it wasn't enough to keep me as a satisfied customer. overall, i would recommend this company for their affordable pricing, but be aware that there may be some issues with service quality and support.",TRUE,negative,0.7993369698524475,0
2696-nartr,,FALSE,,,
2208-nkvvh,,FALSE,,,
7614-qvwql,,FALSE,,,
1976-cfocs,,FALSE,,,
4631-oacrm,,FALSE,,,
7139-jzfvg,i have been a loyal customer for 5 years now and have been very satisfied with the dsl internet service provided by this company. the automatic bank transfer payment method makes it convenient for me to pay my monthly charges of $60.5 without a,TRUE,positive,0.9577919244766235,2
4987-gqwpo,,FALSE,,,
3755-jbmnh,,FALSE,,,
1757-tcatg,,FALSE,,,
6345-ulyrw,,FALSE,,,
4776-xskyq,,FALSE,,,
8048-dsdfq,"i have been a customer with this company for just over a month now and so far, i am satisfied with the service. the month-to-month contract works well for me as i have the flexibility to cancel at any time. the monthly charges are reasonable at $20.2 and i appreciate the option to pay by mailed check. although i do not currently have internet service with this company, i have had no issues with my service thus far. overall, i am happy with my experience as a customer.",TRUE,positive,0.9453536868095398,2
5753-qqwpw,,FALSE,,,
6010-ddppw,,FALSE,,,
1809-dmjhq,"i recently cancelled my dsl internet service after being a customer for 5 months on a month-to-month contract. the monthly charges of $46.0 were reasonable, but i found that the internet speeds were not",TRUE,negative,0.8619388937950134,0
6693-frirw,,FALSE,,,
6586-mygkd,,FALSE,,,
3173-nvmpx,"i have been a customer of this dsl internet service for 9 months now, and i am pleased to say that i have not experienced any issues that would make me want to chu",TRUE,positive,0.9205488562583923,2
0248-pghbz,,FALSE,,,
0623-gdisb,"i have been a customer with this company for just one month now and so far, i am quite satisfied with the service. the dsl internet connection has been reliable and i have not experienced any issues with connectivity. the monthly charges of $48.45 are reasonable for the service provided. i appreciate the convenience of automatic bank transfers for payment. overall, i have had a positive experience as a new customer and would recommend this company to others.",TRUE,positive,0.9630815386772156,2
2892-gesul,"i have been a customer with this company for 18 months now and i have had a positive experience overall. i appreciate the affordable monthly charges of $19.35 and the fact that i have not experienced any issues with my service that would make me want to churn. however, i do wish that there was an option for internet service as that would make my experience even better. i also prefer to pay via mailed check, so i appreciate that this company offers that as a payment method. overall, i am satisfied with my experience as a customer.",TRUE,positive,0.9413339495658875,2
6923-efpnl,,FALSE,,,
7472-eqoav,,FALSE,,,
9574-rkjif,,FALSE,,,
2043-wvtqj,,FALSE,,,
8034-rytvv,,FALSE,,,
3863-qstyi,,FALSE,,,
2619-wfqwu,,FALSE,,,
5044-lrqaq,,FALSE,,,
1716-lsamb,,FALSE,,,
1333-pbmxb,,FALSE,,,
6546-opbbh,,FALSE,,,
5985-behzk,"i have been a customer with this company for the past 6 years and have been extremely satisfied with the service. the fiber optic internet service is fast and reliable, and i have had no issues with connectivity or speed. the automatic credit card payment method makes it easy to pay my monthly bill without any hassle. the monthly charges are reasonable for the quality of service provided. i have had no reason to consider switching providers and would highly recommend this company to others.",TRUE,positive,0.9662943482398987,2
9127-qrzmh,,FALSE,,,
5919-vczym,,FALSE,,,
9644-kvcnc,,FALSE,,,
2137-dqmev,,FALSE,,,
8174-lnwmw,,FALSE,,,
9279-cjeoj,,FALSE,,,
7964-vexdg,,FALSE,,,
2404-jibfc,,FALSE,,,
0778-nella,"i recently canceled my dsl internet service with this provider after being a customer for 9 months on a month-to-month contract. the monthly charges were reasonable at $34.7,",TRUE,negative,0.8373417854309082,0
8029-xypwt,,FALSE,,,
4614-nuvzd,,FALSE,,,
4632-paoyu,,FALSE,,,
3803-kmqfw,,FALSE,,,
6804-gdmoi,"i have been a customer with this company for over five years and unfortunately, i have decided to churn. the monthly charges were reasonable at $106.6 and i appreciated having fiber optic internet service. however, after 61 months of being a customer and being on a two-year contract, i felt that it was time to explore other options. i found the payment method of electronic check convenient, but ultimately i felt that i needed a change.",TRUE,negative,0.7559031248092651,0
2990-ogytd,,FALSE,,,
6646-jppha,,FALSE,,,
9572-mtilt,"i have been a customer with this company for almost 5 years now, and unfortunately, i have decided to churn. the monthly charges of $106.75 for fiber optic internet service were becoming too expensive for me, especially with no contract to lock in a lower rate. i also found the payment method of electronic check to be inconvenient at times. overall, i have enjoyed the service and quality of the internet, but the cost and payment method were the deciding factors in my decision to leave.",TRUE,negative,0.8795170187950134,0
7658-uyuqs,"i have been a customer with this fiber optic internet service provider for 21 months now and i am extremely satisfied with the service. the connection is reliable and fast, and i have had no issues with downtime or disr",TRUE,positive,0.977863073,2
7880-xsojx,,FALSE,,,
9611-ctwih,"i recently switched to this company for their fiber optic internet service and i have been extremely disappointed. the service itself is great, but the monthly charges are way too high at $89.45. additionally, i was on a month-to-month contract and after just 3 months, i decided to churn and find a more affordable option. i wish they had better pricing o",TRUE,negative,0.9330583810806274,0
4589-iuajb,,FALSE,,,
0329-gtiaj,,FALSE,,,
8746-bfoaj,,FALSE,,,
8457-xigkn,i have been a customer with this company for 20 months now on a month-to-month contract with automatic credit card payments. i have had no issues,TRUE,positive,0.8291923999786377,2
6072-nuqcb,,FALSE,,,
6629-cztth,,FALSE,,,
8838-gphzp,,FALSE,,,
8750-qwzaj,,FALSE,,,
5364-evnib,,FALSE,,,
6918-umqcg,,FALSE,,,
0675-ncdyu,,FALSE,,,
6339-dklmk,,FALSE,,,
1346-pjwtk,,FALSE,,,
5088-qzlrl,,FALSE,,,
8023-qhaio,,FALSE,,,
4397-frlta,,FALSE,,,
3057-vjjqe,,FALSE,,,
5087-suurx,,FALSE,,,
2302-ouzxb,,FALSE,,,
8133-anhhj,,FALSE,,,
2270-chbfn,"i have been a loyal customer with this company for 44 months now and have always been satisfied with the fiber optic internet service they provide. the monthly charges are reasonable at $95.1 and having automatic credit card payments makes it convenient for me to stay on top of my bills. i have had no issues with churn and appreciate the flexibility of the month-to-month contract. overall, i am very happy with the service and would recommend it to others.",TRUE,positive,0.9524961709976196,2
0013-exchz,,FALSE,,,
5982-fpvqn,,FALSE,,,
9107-ukcky,i have been a customer with this company for over five years now and i have been very satisfied with the service. the dsl internet service has been reliable and the monthly charges are reasonable at,TRUE,positive,0.9778317213058472,2
4654-ulttn,"""i have been a customer with this dsl internet service provider for 70 months now and i have been extremely satisfied with the service. the monthly charges of $74.8 are reasonable and my credit card is automatically charged, making the payment proc",TRUE,positive,0.9604372978210449,2
5550-vfrlc,,FALSE,,,
5546-byzsm,"i have been a customer with this company for 41 months now and have had a month-to-month contract with them. i appreciate the affordable monthly charges of $20.45 and the convenience of being able to pay with electronic check. however, i wish they offered internet service as well. overall, i am satisfied with my experience and have had no issues that would cause me to churn.",TRUE,positive,0.7949873805046082,2
1492-kgeth,"i have been a loyal customer for 70 months now and have never experienced any issues with my dsl internet service. the automatic bank transfer payment method makes it convenient for me to pay my monthly bill of $78.35. overall, i am satisfied with the service and have no plans of churning in the near future.",TRUE,positive,0.9045519828796387,2
4929-bstrx,,FALSE,,,
4163-hftuk,,FALSE,,,
8215-ngspe,,FALSE,,,
2225-zrgsg,,FALSE,,,
8859-ystws,,FALSE,,,
5271-ynwvr,,FALSE,,,
7601-dhfwz,i have been a customer with this company for 4 years now and i have been very satisfied with the service. the monthly charges are reasonable at $24.0 and i appreciate the convenience of automatic credit card payments. even though i do not have inte,TRUE,positive,0.9681959748268127,2
2657-almwy,,FALSE,,,
6330-jklpc,,FALSE,,,
4667-ohgkg,,FALSE,,,
1998-vhjhk,"i have been a customer with this company for 27 months now and i have been satisfied with the service overall. the monthly charges are reasonable at $19.15 and i appreciate the ability to pay by mailing a check. however, i do wish that internet service was included in my plan as i",TRUE,positive,0.9333186149597168,2
1707-habpf,,FALSE,,,
1660-hsooq,,FALSE,,,
7253-uvndw,,FALSE,,,
0487-vvuvk,,FALSE,,,
7228-omtpn,,FALSE,,,
5063-iuokk,,FALSE,,,
4508-oebey,,FALSE,,,
0027-kwykw,,FALSE,,,
2308-sterm,,FALSE,,,
5982-xmdex,,FALSE,,,
6284-ahooq,,FALSE,,,
6051-ptvns,,FALSE,,,
2344-jmogn,,FALSE,,,
3799-isuzq,,FALSE,,,
2877-vduer,,FALSE,,,
9152-amkak,,FALSE,,,
1794-hbqtj,,FALSE,,,
9432-vofyx,,FALSE,,,
8049-wjclq,,FALSE,,,
6586-psjox,,FALSE,,,
2460-fpsyh,"i recently decided to cancel my service with this provider after being with them for 40 months on a month-to-month contract. the monthly charges of $55.8 for dsl internet service were reasonable, but i ultimately decided to switch to a dif",TRUE,negative,0.7908406257629395,0
9705-zjbcg,,FALSE,,,
4818-drbqt,,FALSE,,,
1320-htrdr,,FALSE,,,
6847-kjlts,,FALSE,,,
9670-bpnxf,i have been a customer with this internet service provider for 45 months now and i am very satisfied with the service. the monthly charges are reasonable at $62.55 and the automatic credit card payment metho,TRUE,positive,0.9754997491836548,2
3913-fcuuw,,FALSE,,,
3301-vktgc,"i have been a customer with this fiber optic internet service provider for 68 months now and i have been extremely satisfied with the service. the automatic bank transfer payment method makes it convenient for me to pay my monthly charges of $85.5 without any hassle. the internet connection has been reliable and fast, and i have not experienced any issues that would make me consider churning. i would highly recommend this provider to anyone looking for a reliable and affordable internet service.",TRUE,positive,0.9678409099578857,2
1493-amtie,,FALSE,,,
9555-sahuz,"i have been a loyal customer for 38 months now, and i have been satisfied with the dsl internet service i receive for $54.5 per month. the month-to-month contract works well for me, and i appreciate the convenience of paying with electronic check. overall, i have had no issues with the service and have no plans to churn in the near future.",TRUE,positive,0.9497989416122437,2
0816-tsphq,,FALSE,,,
9932-wbwik,"i have been a customer with this company for 11 months now and i have been satisfied with their service. the monthly charges of $20.35 are reasonable for the service i am receiving. i appreciate the flexibility of the month-to-month contract as it allows me to make changes if needed. the only downside is that i do not have internet service with this provider, but overal",TRUE,positive,0.9328644275665283,2
4619-evphy,"i have been a customer with this company for 20 months now and i have been very satisfied with the service. the fiber optic internet service has been fast and reliable, with no issues or interruptions. the automatic bank transfer payment method has been convenient for me as well. the monthly charges of $91.0 are reasonable for the quality of service i am receiving. overall, i am happy with my experience and have no plans to churn in the near future.",TRUE,positive,0.9674832224845886,2
5286-yhcvc,"i have been a customer with this company for 6 years now and i have been extremely satisfied with the service. the fiber optic internet is fast and reliable, and i have never experienced any issues w",TRUE,positive,0.9762499332427979,2
6424-eleyh,"i recently switched to the fiber optic internet service offered by this provider three months ago. while the service itself is reliable and fast, i ultimately decided to cancel due to personal reasons. the automatic credit card payment method was convenient and hassle-free. however, i found the monthly charges of $74.75 to be a bit on the higher side compared to other providers in the market. overall, i had a positive experience with the service, but the pricing was a determining factor in my decision to churn.",TRUE,neutral,0.5330932140350342,1
4391-reshn,,FALSE,,,
9115-yqhga,,FALSE,,,
4462-cywmh,"i have been a loyal customer for over five years now and i am extremely satisfied with the fiber optic internet service provided by this company. the automatic bank transfer payment method makes it convenient for me to pay my monthly bill on time. the $89.8 monthly charge is reasonable considering the quality of service i receive. i have had no issues with connectivity or speed and have never felt the need to switch providers. overall, i highly recommend this company for their reliable internet service.",TRUE,positive,0.9665403962135315,2
8963-mqvyn,"i have been a customer with this company for 22 months now and i am overall satisfied with the service. the monthly charges of $20.55 for a month-to-month contract are reasonable. however, i do not use the internet service provided by the company, so i cannot comment on that aspect. i appreciate the convenie",TRUE,positive,0.9036304950714111,2
2458-eomre,,FALSE,,,
9334-gwgow,,FALSE,,,
6821-buxux,,FALSE,,,
5028-htljb,"i recently signed up for this service and unfortunately had to churn after only one month. the lack of internet service was a major inconvenience for me, especiall",TRUE,negative,0.9242839813232422,0
9801-gdwgv,,FALSE,,,
6542-lwgxj,,FALSE,,,
5567-gzkqy,,FALSE,,,
1222-lryko,"i have been a customer with this company for 6 months now on a month-to-month contract. i have been pleased with the affordable monthly charges of $26.35 and the convenience of being able to pay by mailing a check. however, i do wish that inter",TRUE,positive,0.8837752938270569,2
2320-jrsde,,FALSE,,,
2087-qarey,,FALSE,,,
0601-wzhjf,"i recently decided to cancel my internet service with this provider after being a customer for 14 months. i was on a month-to-month contract and was paying $46.35 per month for dsl internet. i found the service to be unreliable at times, with frequent outages and slow speeds. additionally, i had issues with the payment method using electronic",TRUE,negative,0.9163973927497864,0
4423-jwzjn,,FALSE,,,
5143-wmwog,"i recently signed up for a month-to-month contract with this company and unfortunately had to cancel after only one month. i was initially drawn in by the low monthly charges of $19.95, but was disappointed to find out that internet service was not included in this plan. additionally, i had some issues with",TRUE,negative,0.8947346806526184,0
6490-fgzat,,FALSE,,,
5393-rxqsz,,FALSE,,,
7452-folon,,FALSE,,,
2320-tzrrh,,FALSE,,,
0231-lxvap,,FALSE,,,
9444-jtxhz,"i recently switched to this fiber optic internet service provider on a month-to-month contract and unfortunately, i have already decided to churn after just one month. the monthly charges of $76.2 seemed reasonable at first, but i have been experiencing frequent outages and slow",TRUE,negative,0.9029716849327087,0
4942-vzzom,i have been a customer with this company for over 5 years now and i have been very satisfied with the service. the dsl internet service has been reliable and the monthly charges of $66.15 are reasonable for the speed and reliability,TRUE,positive,0.9760494232177734,2
5510-boiuj,"i recently signed up for this service and unfortunately had to cancel after only one month. the lack of internet service was a major inconvenience for me, and i found it frustrating to have to rely on maile",TRUE,negative,0.9384492039680481,0
7502-bnygs,"i have been a customer with this company for over 3 years now and have been very satisfied with the service. the month-to-month contract option works well for me and the automatic credit card payments make it easy to manage. the dsl internet service has been reliable and i have not experienced any issues with connectivity. the monthly charges are reasonable for the service provided. overall, i am happy with my experience and have no plans to switch providers.",TRUE,positive,0.9600870609283447,2
4291-hyebc,"i have been a customer with this dsl internet provider for over two years now and i must say i have been very satisfied with the service. the monthly charges are reasonable at $39.1 and i appreciate the convenience of being able to pay with an electronic check. the connection has been reliable and i have not experienced any issues with downtime. overall, i would highly recommend this provider to others looking for affordable and dependable internet service.",TRUE,positive,0.9697825908660889,2
6147-cbcra,,FALSE,,,
6047-suhpr,i have been a loyal customer of this internet service provider for almost 3 years now. i have been on a one-year contract with monthly charges of $59.8 which,TRUE,positive,0.8661747574806213,2
4471-kxauh,"i have been a customer with this company for 42 months on a month-to-month contract with fiber optic internet service. i have found the service to be reliable and fast, however, i recently decided to switch providers due to a better deal offered by a competitor. the monthly charges of $84.3 were reasonable for the quality of serv",TRUE,positive,0.8772692084312439,2
9752-znqut,,FALSE,,,
7638-qvmvy,"i recently decided to cancel my service after 7 months with this company. while the fiber optic internet service was fast and reliable, i found the monthly charges of $79.0 to be a bit high compared to other providers. additionally, the payment method of electronic check was convenient but i ultimately decided to switch to a different provider for a better deal. overall, i had a decent experience with this company but ultimately chose to move on.",TRUE,negative,0.6946741938591003,0
1576-pfziw,,FALSE,,,
5666-mbjpt,,FALSE,,,
7312-xsbat,,FALSE,,,
3096-gkweb,,FALSE,,,
2371-jqhzz,"i have been a customer with this company for 24 months now and i have been very satisfied with their service. the fiber optic internet service they provide has been reliable and fast. the monthly charges of $93.0 are reasonable for the quality of service i receive. i appreciate the convenience of paying with electronic check and have had no issues with billing. overall, i have had a positive experience with this company and have no plans to churn in the near future.",TRUE,positive,0.9711481928825378,2
0674-gcdxg,,FALSE,,,
1121-qsivb,,FALSE,,,
4396-klseh,i have been a customer with this company for 4 months now and i am pleased to say that i have had a positive experience so far. the month-to-month contract option is convenient for me and the monthly charges of $19.,TRUE,positive,0.9768936038017273,2
3244-dcjwy,"i recently signed up for the fiber optic internet service with this company on a month-to-month contract. unfortunately, after just one month of service, i have decided to cancel due to various reasons. the monthly charges of $70.25 were reasonable for the speed and quality of the internet connection. the payment method of electronic check was convenient and easy to use. however, i experienced frequent outages and slow speeds during my short tenure with the company. i ultimately decided to switch to a different provider that offered more reliable service. overall, while the pricing and payment method were satisfactory, the inconsistency of the internet service led to my decision to churn after just one month.",TRUE,negative,0.8291360139846802,0
2824-myybn,"i have been a customer with this company for 37 months now and i have been very satisfied with the service. the fiber optic internet service has been fast and reliable, and the monthly charges of $95.25 are reasonable for the quality of service i receive. i appreciate the convenience of paying with electronic check every month. overall, i have had no reason to consider switching providers and i would highly recommend this company to others.",TRUE,positive,0.9751949906349182,2
0875-cabnr,,FALSE,,,
6345-hoves,i have been a customer with this dsl internet provider for 34 months now and i am pleased to say that i have had no issues with my servi,TRUE,positive,0.9532507061958313,2
8318-lcnbw,,FALSE,,,
6469-qjkzw,,FALSE,,,
0147-eswwr,,FALSE,,,
1217-vaswc,,FALSE,,,
7812-fzhpe,,FALSE,,,
6370-zvhdv,,FALSE,,,
5915-dgnvc,,FALSE,,,
6260-xlacs,,FALSE,,,
3566-caayu,,FALSE,,,
4983-ccwmc,"i have been a customer with this company for 3 months now and i am very satisfied with the service. the fiber optic internet is fast and reliable, and i have had no issues with connectivity. the monthly charges of $69.6 are reasonable for the quality of service i am receiving. i appreciate the option to pay with a mailed check as it is convenient for me. overall, i have no complaints and do not plan on churning anytime soon. highly recommend this company for their great internet service.",TRUE,positive,0.9715451002120972,2
9103-cxvok,,FALSE,,,
2896-tbnbe,,FALSE,,,
4797-axpxk,"i recently signed up for dsl internet service with this provider on a month-to-month contract. unfortunately, after just one month, i decided to cance",TRUE,negative,0.861873984,0
5229-prwkt,,FALSE,,,
6982-uqzly,,FALSE,,,
2522-wlnsf,,FALSE,,,
3841-conlj,i have been using the dsl internet service from this provider for the past month and i am overall satisfied with the service. the monthly charges of $35.0 are reasonable and the payment method through electronic check is convenient. the internet conne,TRUE,positive,0.9633171558380127,2
5057-lcoui,"i recently decided to cancel my service with this company after being a customer for almost 3 years. the monthly charges were reasonable at $50.75 for dsl internet service, but i found that the speed and reliability of the connection were not up to par with what i needed. additionally, i was not satisfied with the customer service i received when i had issues with my service. overall, i decided to switch to a different provider that offered better internet options for my needs. i paid my bills using electronic check, which was convenient and easy to manage.",TRUE,negative,0.8432366251945496,0
0193-eszxp,,FALSE,,,
4475-nvtlu,i have been a customer with this company for 45 months now and have not experienced any issues with churn. i have a two year contract with m,TRUE,positive,0.5686399340629578,2
4369-htuif,,FALSE,,,
9386-ldczr,,FALSE,,,
9585-kkmfd,,FALSE,,,
5399-zimkf,"""i have been a customer with this company for the past 5 months and i have been extremely satisfied with the fiber optic internet service they provide. the monthly charges of $74.65 are reasonable for the quality of service i receive. i appreciate the convenience of being able to pay through electronic check. overall, i have had no issues with their service and have no intention of churning in the near future.""",TRUE,positive,0.9629093408584595,2
0336-kxkfk,"i have been a customer with this dsl service provider for over six years now, and i have to say i am quite satisfied with their service.",TRUE,positive,0.9578635692596436,2
5619-xzzkr,,FALSE,,,
3948-fvvrp,,FALSE,,,
5327-xokky,,FALSE,,,
0983-tatyj,,FALSE,,,
1813-jywto,,FALSE,,,
0156-fvpta,,FALSE,,,
1984-fcowb,,FALSE,,,
0654-hmshn,,FALSE,,,
6719-oxybr,,FALSE,,,
3312-zwlgf,,FALSE,,,
6476-yhmga,,FALSE,,,
5287-qwlky,,FALSE,,,
0795-xccte,,FALSE,,,
0168-xzkbb,"i have been a customer with this company for 19 months now and i am very satisfied with the service. the fiber optic internet is fast and reliable, and i have not experienced any issues with connectivity. the monthly charges are reasonable at $86.85",TRUE,positive,0.9736774563789368,2
3785-nrhyr,,FALSE,,,
5196-sgoak,,FALSE,,,
4537-dktal,,FALSE,,,
7072-mbhev,"i have been a customer with this company for 11 months now and i am extremely satisfied with the service. the fiber optic internet service has been reliable and fast, and i have had no issues with connectivity. the monthly charges of $78.1 are reasonable for the quality of service i am recei",TRUE,positive,0.9753912687301636,2
5602-bvfmk,i have been a customer with this company for 12 months now and have been satisfied with the service. i appreciate the affordable monthly charges and the convenience of being able to pay by mailing a check. while i do not use the,TRUE,positive,0.9453761577606201,2
6297-noopg,,FALSE,,,
1891-uawwu,,FALSE,,,
8204-tifgj,,FALSE,,,
8050-dvojx,,FALSE,,,
6108-oqzdq,,FALSE,,,
0363-qjvfx,"i recently decided to cancel my service after being a customer for 32 months. the $108.15 monthly charge for fiber optic internet was reasonable, but i ultimately decided to swit",TRUE,negative,0.6965349912643433,0
8903-xebgx,,FALSE,,,
8169-saejd,,FALSE,,,
9840-dvndc,,FALSE,,,
1089-xzwhh,,FALSE,,,
2325-wines,,FALSE,,,
6064-zatlr,,FALSE,,,
3096-jrdso,,FALSE,,,
7824-pansq,,FALSE,,,
8042-jvnfh,"i recently switched to fiber optic internet service with this provider, but unfortunately i had to cancel after only one month due to unforeseen circumstances. the monthly charges of $71.35 were reasonable for the service i received. however, i did find it inconvenient that the only payment method accepted was mailed",TRUE,negative,0.7659524083137512,0
9648-bchkm,,FALSE,,,
2888-adfao,,FALSE,,,
8707-hoedg,,FALSE,,,
3374-lxdev,,FALSE,,,
4072-ipylt,,FALSE,,,
7167-pceyd,,FALSE,,,
4936-ypjnk,,FALSE,,,
1580-bmcmr,"i have been a customer with this internet service provider for 19 months now and i am extremely satisfied with the service. the fiber optic internet is fast and reliable, and i have had no issues with connectivity. the monthly charges of $87.3 are fair for the quality of service i am receiving. i appreciate the convenience of the electronic check payment method. overall, i have no complaints and plan to continue using this service for the foreseeable future.",TRUE,positive,0.9745460748672485,2
4817-keqsp,i have been a customer with this company for over 6 years now and i have been very satisfied with the service. the automatic bank transfer payment method makes it easy for me to pay my monthly bill without any hassle. even though,TRUE,positive,0.9655922651290894,2
6408-whtef,,FALSE,,,
9251-awqgt,,FALSE,,,
8749-cljxc,,FALSE,,,
7989-vcqoh,,FALSE,,,
5049-glyvg,,FALSE,,,
4199-qhjnm,,FALSE,,,
8882-tlvrw,,FALSE,,,
5883-gtgvd,,FALSE,,,
5135-grqjv,,FALSE,,,
2384-ovpsa,,FALSE,,,
1371-wepds,,FALSE,,,
3580-gicbm,,FALSE,,,
4817-qrjsx,,FALSE,,,
9730-drtmj,,FALSE,,,
4686-uxdml,,FALSE,,,
3349-anqnh,,FALSE,,,
2398-ypmur,,FALSE,,,
0932-yixyu,,FALSE,,,
7480-splef,i have been a customer with this company for almost 6 years now and i have been satisfied with the service overall. the monthly charges are reasonable at $26.0 a,TRUE,positive,0.9488425850868225,2
7636-xuhww,"i have been a customer with this company for 2 months now and i am very satisfied with their service. the monthly charges of $19.90 are very affordable and the automatic credit card payment method makes it convenient for me to pay my bill on time. although i do not have internet service with this company, i have had no issues with my current plan. overall, i am happy with my experience and have no plans to churn in the near future.",TRUE,positive,0.967563808,2
1431-cywmh,,FALSE,,,
5937-eorgb,,FALSE,,,
6349-jdhqp,,FALSE,,,
5539-hivak,,FALSE,,,
5847-mxbeo,,FALSE,,,
9985-mwvix,,FALSE,,,
4583-parnh,,FALSE,,,
1116-fryvh,i have been a customer with this company for 4 years now and have been satisfied with their dsl internet service. the monthl,TRUE,positive,0.8751913905143738,2
1421-hcerk,,FALSE,,,
9633-xqabv,"i have been a customer with this fiber optic internet service provider for 3 months now and i am very satisfied with the service. the monthly charges are reasonable at $70.25 and i appreciate the convenience of the electronic check payment method. the internet service is reliable and i have not experienced any issues or downtime. overall, i am happy with my decision to choose this provider and do not plan on churning anytime soon.",TRUE,positive,0.9693938493728638,2
0716-bqndx,,FALSE,,,
1265-xtecc,,FALSE,,,
1183-canvh,,FALSE,,,
1972-xmuwv,,FALSE,,,
8679-lzbmd,,FALSE,,,
3407-jmjqq,,FALSE,,,
6252-dfgtk,,FALSE,,,
1539-lnkhm,,FALSE,,,
8645-komjq,,FALSE,,,
0289-ivarm,i have been a loyal customer for over 2 years now and i have been very satisfied with the dsl internet service provided by this company. the monthly charges are affordable at $60.55 and the convenience of paying through electronic check makes it,TRUE,positive,0.97334516,2
9761-xujwd,i have been a customer with this internet provider for 5 months now and i am overall satisfied with the service. the monthly charges of $65.6 for dsl internet are reasonable and the automatic bank transfer payment method is convenient for me. i have not experienced any issues with the,TRUE,positive,0.9423307776451111,2
4057-fkczk,,FALSE,,,
4291-tpnfg,"i have been a loyal customer for 6 years now and have had no issues with my dsl internet service. the automatic bank transfer for payment makes it convenient for me to stay on top of my bills. the monthly charges are reasonable for the quality of service i receive. overall, i am satisfied with my experience and have no plans to churn in the near future.",TRUE,positive,0.8931670784950256,2
6087-ypwho,"i have been a loyal customer for 6 years now and have never experienced any issues with my dsl internet service. the monthly charges are reasonable at $68.15 and i appreciate being able to pay by mailing a check. overall, i am satisfied with the service and have no complaints.",TRUE,positive,0.9263797998428345,2
3090-qfuvd,"i have only been a customer with this company for 1 month, but so far i am very satisfied with the service. the monthly charges are very reasonable at $20.3 and i appreciate the convenience of automatic credit card payments. even though i do not have internet service with this company, i have had no issues with billing or customer service. i am happy to report that i have no plans to churn and will continue to be a customer for the foreseeable future.",TRUE,positive,0.9684127569198608,2
2237-zfsmy,,FALSE,,,
1722-ldzjs,i have been a customer with this company for over four years and have been satisfied with the service overall. the monthly charges are reasonable at $20.2 and i appreciate the convenience of autom,TRUE,positive,0.9620220065116882,2
1818-esqmw,,FALSE,,,
4871-jtkjf,"i decided to cancel my service with this company after only 1 month of being a customer. the monthly charges of $69.65 for fiber optic internet were reasonable, but the service itself was not up to par. i experienced frequent outages and slo",TRUE,negative,0.9340290427207947,0
1415-yfwlt,,FALSE,,,
7401-rubnk,,FALSE,,,
0506-ylvkj,,FALSE,,,
8661-boynw,,FALSE,,,
6711-vtnre,,FALSE,,,
4815-gbtcd,,FALSE,,,
2805-aufqn,"i have been a customer with this company for 25 months now and i have been very satisfied with the service. the monthly charges are affordable at $19.8 and i appreciate the convenience of automatic credit card payments. even though i do not have internet service with this company, i have had no issues with my other services. overall, i have been happy with my experience and would recommend this company to others.",TRUE,positive,0.9687539339065552,2
0980-pvmrc,"""i have been a customer with this dsl internet service provider for 40 months now on a month-to-month contract. i have never experienced any issues with churning and have been consistently satisfied w",TRUE,positive,0.8019220232963562,2
7233-drtrf,,FALSE,,,
3500-rmzlt,"""i recently decided to cancel my service after being a customer for 15 months. while the fiber optic internet service was reliable and fast, i found that the monthly ch",TRUE,negative,0.7978441715240479,0
3873-nftgi,,FALSE,,,
1162-ecvii,,FALSE,,,
7048-gxday,,FALSE,,,
8571-zcmcx,,FALSE,,,
1169-wcvak,,FALSE,,,
4548-sdbke,,FALSE,,,
8066-poxgx,,FALSE,,,
7129-cakjw,,FALSE,,,
8695-argxz,,FALSE,,,
3570-yuekj,,FALSE,,,
4143-oobwz,,FALSE,,,
1555-hapsu,,FALSE,,,
1697-nvvgy,,FALSE,,,
7854-ektjl,"i recently signed up for this internet service provider on a month-to-month contract. unfortunately, after just 2 months of service, i decided to churn and cancel my subscription. the lack of internet service provided was a major disappointment for me. the monthly charges of $19.6 were reasonable, but without the service i needed, it was not worth it. i paid via electronic check, which was a convenient payment method. overall, i was not satisfied with my experience and would not recommend this provider to others.",TRUE,negative,0.9327129125595093,0
8464-eetcq,,FALSE,,,
2419-fsors,"i have been a customer with this company for six years now and have been extremely satisfied with the service. the fiber optic internet service has been reliable and fast, and the monthly charges of $108.40 are reasonable for the quality of service provided. i appreciate the convenience of being able to pay with electronic check and have had no issues with billing or payments. overall, i have no complaints and would highly recommend this company to others.",TRUE,positive,0.9753552079200745,2
8132-ypvbx,,FALSE,,,
9102-iayht,,FALSE,,,
6754-lzuka,,FALSE,,,
3422-lyepq,"i recently signed up for the fiber optic internet service with this provider on a month-to-month contract. unfortunately, after just one month, i decided to cancel due to a better offer from another provider. the monthly charges were reasonable at $71.0 and the payment method of electronic check was convenient. overall, the service was satisfactory during my brief tenure with the company.",TRUE,neutral,0.4431765675544739,1
8099-mzpuj,i have been a customer with this company for 4 years now and i have been extremely satisfied with the service. the fiber optic internet service has been incredibly fast and reliable. i appreciate the convenience of automatic credit card payments and have had no is,TRUE,positive,0.9798170924186707,2
0787-lhdyt,,FALSE,,,
2642-dtvco,,FALSE,,,
0374-ioegq,,FALSE,,,
4361-jeivl,"i recently signed up for dsl internet service with this provider on a month-to-month contract. unfortunately, after just one month of service, i decided to cancel due to slow and unreliable internet speeds. the monthly charge of $44.40 seemed reasonable, but the service did not meet my expectations. i also found the payment method of electronic check to be convenient and easy to use. overall, i was disappointed with the service and ultimately chose to churn.",TRUE,negative,0.9102646708488464,0
3197-nnynb,,FALSE,,,
3396-dkdel,"i have been a customer with this company for over 5 years now and i have been very satisfied with the service. the fiber optic internet is fast and reliable, and i have never experienced any major issues. the automatic payment with my credit card makes it convenient to",TRUE,positive,0.9723787903785706,2
1752-ozxfy,"i have been a loyal customer for 5 years now and i have never had any issues with my internet service. the dsl connection has been reliable and the monthly charges are reasonable at $59.8. i prefer to pay by mailed check and i am happy that this payment method is accommodated. overall, i am satisfied with my experience and have no complaints.",TRUE,positive,0.9313570261001587,2
9066-qrsdu,"i have been a customer with this company for almost six years now, and i have been satisfied with the service overall. the monthly charges are very reasonable at $26.3 and i appreciate th",TRUE,positive,0.9762225151062012,2
9112-wsnpu,,FALSE,,,
9867-nnxlc,,FALSE,,,
5321-ntrkc,,FALSE,,,
1363-txlsl,,FALSE,,,
9507-exltt,,FALSE,,,
3161-getrm,,FALSE,,,
0402-oamen,,FALSE,,,
6933-vlyfx,"i have been a customer with this dsl internet service provider for over two and a half years now and i am very satisfied with the service. the monthly charges of $59.95 are reasonable for the speed and reliability of the internet connection. i appreciate the convenience of paying with electronic check and have had no issues with billing or payments. overall, i have had a positive experience with this provider and have no plans to switch or cancel my service.",TRUE,positive,0.9637326002120972,2
6754-wkshp,,FALSE,,,
9846-gkxas,,FALSE,,,
6017-pplpx,,FALSE,,,
4976-lnfvv,i have been a customer with this company for 19 months now and i am very satisfied with the service. the monthly charges are reasonable at $34.3 and i ap,TRUE,positive,0.9704560041427612,2
5055-mgmgf,,FALSE,,,
4641-frolu,,FALSE,,,
2862-jveoy,,FALSE,,,
2969-qwubz,,FALSE,,,
9822-biign,,FALSE,,,
2077-mpjqo,"i have been a customer with this company for 7 months now and i am very satisfied with the service. the fiber optic internet is fast and reliable, and i have experienced no issues with connectivity. the monthly charges of $75.4 are reasonable for the quality of service i am receiving. i appreciate the convenience of paying with electronic check. overall, i have no complaints and would recommend this company to others.",TRUE,positive,0.9716808199882507,2
1534-oulxe,,FALSE,,,
7136-rvdtz,,FALSE,,,
2971-sgafl,,FALSE,,,
1480-ivevr,,FALSE,,,
2905-kfquv,,FALSE,,,
4581-sspwd,,FALSE,,,
3370-hxoph,,FALSE,,,
9391-yzejw,,FALSE,,,
9958-mekuc,i have been a customer with this company for 6 years now and i have been extremely satisfied with their service. the fiber optic internet is l,TRUE,positive,0.9627761840820312,2
0281-cntzx,,FALSE,,,
6927-wtfiv,,FALSE,,,
4118-cevpf,,FALSE,,,
3398-zouaa,,FALSE,,,
9114-vepuf,,FALSE,,,
7876-beutg,,FALSE,,,
2338-bqezt,,FALSE,,,
9873-mndkv,,FALSE,,,
0378-nhqxu,,FALSE,,,
8241-juiqo,,FALSE,,,
2194-iiqof,,FALSE,,,
4512-zuiyl,,FALSE,,,
9631-rxvjm,,FALSE,,,
9584-excdz,,FALSE,,,
7969-aulmz,,FALSE,,,
5093-feglu,,FALSE,,,
2621-udnlu,"i have been a customer with this company for 3 months now and overall i am satisfied with the service. i appreciate the month-to-month contract option as it gives me flexibility. the monthly charges of $20.85 are reasonable for the service provided. however, i do wish",TRUE,positive,0.9513862133026123,2
7526-ivlyu,,FALSE,,,
2428-hyunx,,FALSE,,,
9214-ekvxr,,FALSE,,,
3410-mhhum,,FALSE,,,
0568-onfpc,,FALSE,,,
0733-vunuw,,FALSE,,,
4550-evxny,,FALSE,,,
2122-ywvya,,FALSE,,,
2968-ssgaa,,FALSE,,,
2296-dkzfp,,FALSE,,,
4844-jjwuy,,FALSE,,,
6777-tghtm,"i have been a customer with this company for over four years now, and i have to say that i am disappointed with the recent increase in my monthly charges. i ha",TRUE,negative,0.9125843048095703,0
8909-bolnl,,FALSE,,,
6603-yrdcj,,FALSE,,,
3538-wzphd,,FALSE,,,
3229-uswar,,FALSE,,,
2138-vfapz,i have been a customer with this company for 14 months now and i have been satisfied with the service so far. the monthly charges are affordable,TRUE,positive,0.9593603014945984,2
6131-jlwzm,"i have been a customer with this company for over a year now and have been satisfied with the service overall. the month-to-month contract option works well for me as i like the flexibility it provides. the monthly charges are very reasonable at $20.3 and i appreciate being able to pay with a mailed check. while i do not have internet service with this company, i have not experienced any issues with the services i do have. overall, i am happy with my experience as a customer.",TRUE,positive,0.9621312618255615,2
4785-qrjhc,,FALSE,,,
0269-xfesx,,FALSE,,,
1709-ejdox,"i have been a loyal customer with this company for 47 months now and have never experienced any issues with churning. i have a two-year contract with a monthly charge of $19.75, which is very reasonable. while i do not have internet service with this company, i appreciate the convenience of being able to pay my bill through a mailed check. overall, i am satisfied with the service and pricing provided.",TRUE,positive,0.8667484521865845,2
4316-xcslj,,FALSE,,,
8610-wfcjf,"i have been a customer with this company for almost 4 years now, but unfortunately, i have decided to churn. despite having a reliable fiber optic internet service, i found that the monthly charges of $95.6 were becoming too expensive for me, especially since i am on a month-to-month contract. i also had issues with the electronic check payment method, as it was not always convenient for me. overall, i had a decent experience with the internet service itself, but the pricing and payment options ultimately led me to switch to a different provider.",TRUE,negative,0.8483797907829285,0
9693-xmuob,"i have been a customer with this company for almost 5 years now and i am very satisfied with the service. the dsl internet is reliable and the monthly charges are reasonable. i appreciate the convenience of paying with electronic check. overall, i have had a positive experience and have no plans to switch providers.",TRUE,positive,0.9722708463668823,2
0383-cldda,,FALSE,,,
4905-jefdw,"i recently switched internet providers after being with this company for 11 months. the monthly charges were reasonable at $41.6, but i experienced frequent outages and slow speeds with their dsl service. the payment method through electronic check was convenient, but it wasn't enough to make up for the unreliable internet service. i ultimately decided to churn and find a provider with more reliable service.",TRUE,negative,0.8910750150680542,0
2709-uqgnp,,FALSE,,,
3549-ztmnh,,FALSE,,,
7881-inrlc,,FALSE,,,
8033-atfas,,FALSE,,,
1635-nzatj,"""i have been a customer with this company for over 6 years now and i have been very satisfied with the service. the monthly charges are very reasonable at $25.45 and i appreciate the convenience of automatic credit card payments. even though i do not have internet service with this company, i have had no issues with my service or billing. overall, i am happy with my experience and have no plans to switch providers in the near future.""",TRUE,positive,0.9684090614318848,2
0562-hkhml,,FALSE,,,
8277-rvrsv,i have been a customer with this company for over two and a half years now and i have been very satisfied with the service. the automatic credit card payments make it easy to manage my account and i have never experienced any issues,TRUE,positive,0.9645332098007202,2
9943-vszuv,"i have been a loyal customer for over 5 years now and have been very satisfied with the fiber optic internet service provided by this company. the monthly charges are reasonable at $75.7 and i appreciate the flexibility of the month-to-month contract. i have always paid by mailing a check and have never had any issues with billing or service interruptions. overall, i have been very happy with my experience and would recommend this company to others.",TRUE,positive,0.9654197096824646,2
0117-lfrmw,,FALSE,,,
6172-fecyy,,FALSE,,,
7054-enngu,,FALSE,,,
1455-hfbxa,,FALSE,,,
9402-cxwpl,,FALSE,,,
1628-bizyp,"i have been a customer with this internet provider for just over a month now and i must say i am extremely satisfied with the service. the fiber optic internet is incredibly fast and reliable, allowing m",TRUE,positive,0.9857710599899292,2
1965-aktsx,,FALSE,,,
0082-ldzue,,FALSE,,,
4786-uksnz,,FALSE,,,
5343-sgubi,,FALSE,,,
0856-naoes,,FALSE,,,
1976-azzpj,,FALSE,,,
7248-vzqlc,,FALSE,,,
6156-uzdlf,,FALSE,,,
3099-oonvs,,FALSE,,,
9500-wbgrp,,FALSE,,,
5183-klyem,,FALSE,,,
5144-pqcdz,,FALSE,,,
8514-vzheb,,FALSE,,,
6625-iuttt,i have been a customer with this company for over 5 years now and i have been very satisfied with their service. the automatic bank transfer payment method makes it convenient for me to pay my bill on time every month. the ds,TRUE,positive,0.9705149531364441,2
9355-nppfs,,FALSE,,,
0068-figtf,,FALSE,,,
5965-ggprw,,FALSE,,,
8035-pwsev,"i have been a customer with this internet service provider for 6 months now and i am extremely satisfied with the service. the fiber optic connection is fast and reliable, allowing me to stream videos and work from home without any interruptions. the monthly charges of $89.25 are reasonable for the quality of service i am receiving. i appreciate the convenience of paying with electronic check and have had no issues with billing or payments. overall, i have no complaints and will continue to be a loyal customer.",TRUE,positive,0.9729262590408325,2
2236-hilpa,,FALSE,,,
1840-biuog,,FALSE,,,
1356-mkysk,,FALSE,,,
6080-lnesi,,FALSE,,,
1830-ipxvj,,FALSE,,,
5828-dwpil,,FALSE,,,
8398-tbiyd,,FALSE,,,
0011-igkff,,FALSE,,,
4192-gorjt,,FALSE,,,
6496-slwhq,"i decided to switch internet providers after only 3 months with this company. while the fiber optic internet service was fast and reliable, i found the monthly charges of $105 to be too expensive for the level of service i was receiving. additionally, i prefer to pay my bills with a credit card rather than an electronic check, so that was a bit inconvenient for me. overall, i felt like i could find a better deal with another provider.",TRUE,negative,0.7095984220504761,0
9912-gvseq,,FALSE,,,
2931-fsohn,"i have been a customer with this dsl internet provider for 13 months now and have been satisfied with the service overall. the monthly charges of $59.90 are reasonable for the speed and reliability of the internet connection. i appreciate the convenience of paying with electronic check each month. i have had no issues with the service and have not experienced any reason to consider churning to a different provider. overall, i am happy with the service and plan to continue using it in the future.",TRUE,positive,0.9576820135116577,2
9418-rukph,,FALSE,,,
5383-mmtwc,,FALSE,,,
9971-zwpbf,"i have been a customer with this internet service provider for over 2 and a half years now and i am very satisfied with the service. the fiber optic internet is incredibly fast and reliable, allowing me to stream movies, work from home, and play online games without any interruptions. the monthly charges are reasonable for the quality of service i receive. i appreciate the convenience of the electronic check payment method as well. overall, i have had a positive experience and have no plans to switch providers.",TRUE,positive,0.9767764806747437,2
4712-auqzo,,FALSE,,,
9711-fjtbx,"i have been a customer with this company for 56 months now and have been very satisfied with the service. the fiber optic internet service has been reliable and fast, and i have had no issues with downtime or slow speeds. the monthly charges of $85.85 are reasonable for the quality of service i am receiving. the option to pay by mailed check is convenient for me as well. overall, i have no complaints and would recommend this company to others.",TRUE,positive,0.9639585018157959,2
2908-ztpnf,,FALSE,,,
7240-etptr,,FALSE,,,
2202-cuyxz,,FALSE,,,
5995-oiglp,"i have been a customer with this dsl internet provider for 12 months now, but unfortunately i have decided to churn. the monthly charges of $56.65 were reasonable, however, i found the internet service to be slo",TRUE,negative,0.8595549464225769,0
8421-wzoow,,FALSE,,,
6261-rcvns,,FALSE,,,
7951-qkzpl,,FALSE,,,
1414-yadcw,,FALSE,,,
8756-rddlt,,FALSE,,,
2862-pfnik,,FALSE,,,
5816-qvhrx,"i have been a customer with this company for 37 months now and i have been extremely satisfied with the service. the fiber optic internet service has been reliable and fast, and i have had no issues with connectivity. the automatic credit card payment method makes it convenient to pay my bill each month. overall, i have had a positive experience with this company and would recommend them to others.",TRUE,positive,0.9743451476097107,2
4430-yhxgg,,FALSE,,,
6888-sbyai,i have been a customer with this internet provider for 1 month now and i have been satisfied with the service so far. the dsl internet is reliable and the speed i,TRUE,positive,0.961242676,2
7395-xwzoy,,FALSE,,,
7169-ywamk,,FALSE,,,
3640-phqxk,,FALSE,,,
6877-lgwxo,,FALSE,,,
6859-rkmzj,,FALSE,,,
2729-vnvap,"i have been with this company for 33 months now and i am very satisfied with their service. the monthly charges are affordable at $19.8 and i appreciate the convenience of automatic credit card payments. even though i do not have internet service with them, i have had no issues with billing or customer service. overall, i am a happy customer and have no plans to churn anytime soon.",TRUE,positive,0.9721793532371521,2
2957-jirmn,,FALSE,,,
2049-bafnw,,FALSE,,,
3842-qtgdl,,FALSE,,,
7163-oceqi,,FALSE,,,
9782-lgxmc,,FALSE,,,
5975-baicr,,FALSE,,,
8019-enhxu,,FALSE,,,
5167-gbfre,,FALSE,,,
9033-eoxwv,"i recently decided to cancel my dsl internet service after being a customer for 12 months. while the internet connection was satisfactory, i found that the monthly charges of $74.05 were a bit higher than i would have liked. additionally, having to pay by mailing a check each month was inconvenient for me. overall, i decided to switch to a different provider that offered a more affordable and convenient payment method.",TRUE,negative,0.8657040596008301,0
4673-kksls,,FALSE,,,
4853-oitsn,,FALSE,,,
9800-ouigr,"i have been a customer with this company for 66 months now and i have been very satisfied with their service. the $20 monthly charges are very reasonable and having automatic credit card payments makes it convenient for me to pay my bills on time. i do not have internet service with them, but that has not been an issue for me. overall, i am happy with my experience and have no plans to churn anytime soon.",TRUE,positive,0.9481119513511658,2
1324-nltje,,FALSE,,,
2324-efhvg,,FALSE,,,
7094-mszao,,FALSE,,,
1522-vvdmg,,FALSE,,,
6907-cqgpn,,FALSE,,,
0780-xnzfn,,FALSE,,,
0239-oxexl,,FALSE,,,
2675-ijrgj,,FALSE,,,
7049-gkvzy,,FALSE,,,
8577-qsocg,,FALSE,,,
3721-cnzhx,"i have been a customer with this company for 15 months now and i am overall satisfied with the service. the monthly charges are reasonable at $19.8 and i appreciate the option to pay with a mailed check. however, i do not have internet service with",TRUE,positive,0.8747828602790833,2
0212-isbbf,,FALSE,,,
9185-tqcvp,"i recently decided to switch internet providers after being with this company for 14 months. while the fiber optic internet service was fast and reliable, i found that the monthly charges o",TRUE,negative,0.6084752082824707,0
3585-ynadk,,FALSE,,,
5271-dbysj,,FALSE,,,
1099-godlo,"i recently signed up for a two-year contract with this company and i have been satisfied with their service so far. even though i do not have internet service with them, i appreciate the affordable monthly charges of $20.35. i",TRUE,positive,0.9632586240768433,2
6828-hmkwp,"i have been a customer with this company for 12 months now and have been on a two year contract with monthly charges of $21.05. i do not have internet service with them, but i have been pleased with the ease of payment through automatic",TRUE,positive,0.620376706,2
5567-wsele,,FALSE,,,
1472-tncwl,,FALSE,,,
8063-rjynf,,FALSE,,,
0687-zvthb,,FALSE,,,
2080-gkcwq,,FALSE,,,
9661-acxbs,,FALSE,,,
2193-sfwqw,,FALSE,,,
5656-jamlx,,FALSE,,,
3462-bjqqa,i have been a customer with this fiber optic internet service provider for the past 6 months on a month-to-month contract. i have had no issues with churn and have been satisfied with the service overall. the monthly charges,TRUE,positive,0.8429768085479736,2
0442-tdyuo,,FALSE,,,
6733-lrizx,,FALSE,,,
9503-xjume,,FALSE,,,
4367-nhwmm,,FALSE,,,
3727-rjmeo,,FALSE,,,
3779-oswcf,,FALSE,,,
6736-dhuqi,,FALSE,,,
3915-odiyg,,FALSE,,,
1360-rcyrt,,FALSE,,,
2724-fjdyw,,FALSE,,,
4451-rwasj,,FALSE,,,
6646-vrfol,,FALSE,,,
3460-tjbwi,"i have been a customer with this company for 24 months now and i have not experienced any issues with churn. i am on a two-year contract with a monthly charge of $24.2, which i find to be very reasonable. i do not have internet service with this company, but i have been satisfied with the services i do receive. i prefer to pay my bills through mailed checks and have not had any problems with this payment method. overall, i am happy with my experience as a customer and would recommend this company to others.",TRUE,positive,0.8650602698326111,2
5917-hbsdw,,FALSE,,,
5685-iixly,"i recently switched to this internet service provider for their fiber optic service and have been with them for 5 months on a month-to-month contract. however, i have decided to churn as i have found a better deal",TRUE,neutral,0.6479135155677795,1
5671-uunxd,,FALSE,,,
0956-acvzc,,FALSE,,,
2325-nbpzg,,FALSE,,,
4250-zbwlv,,FALSE,,,
4482-ftffx,,FALSE,,,
8859-dztgq,,FALSE,,,
0440-mogpm,,FALSE,,,
0020-jdnxp,,FALSE,,,
3752-cqsji,"i have been a customer with this company for 13 months now and have been pleased with the service overall. the monthly charges of $20.45 for a month-to-month contract are reasonable. however, i do not use the internet service provided by this company, so i cannot speak to its quality. i appreciate that i am able t",TRUE,positive,0.9077141880989075,2
5025-gooki,,FALSE,,,
4698-kvllg,,FALSE,,,
5095-aeskg,,FALSE,,,
2887-jpylu,,FALSE,,,
4770-qazxn,,FALSE,,,
4896-cprpf,,FALSE,,,
1871-mowrm,,FALSE,,,
9714-edsuc,,FALSE,,,
2027-oaqqc,,FALSE,,,
0282-nvsjs,,FALSE,,,
9090-sgqxl,,FALSE,,,
6595-ygxit,,FALSE,,,
7353-yowfp,,FALSE,,,
9835-ziitk,,FALSE,,,
8008-esflk,"""i have been a customer with this company for 53 months now and have been extremely satisfied with the service. the fiber optic internet service has been reliable and fast, and the monthly charges of $110.5 are reasonable for the quality of service provided. i appreciate the convenience of paying with electronic check and have had no issues with billing or payments. overall, i have had a positive experience with this company and would recommend their services to others.""",TRUE,positive,0.9751043319702148,2
7537-cbquz,i have been a loyal customer for over 5 years and have been very satisfied with the fiber optic internet service provided by this company. the automatic bank transfer for monthly payments has been convenient and hassle-free. the monthly charges of $109.4 are reasonable for the qua,TRUE,positive,0.9652035236358643,2
1555-djeqw,"i have been a customer with this company for 70 months and have been using their fiber optic internet service with a two year contract. i recently decided to churn as i found a better deal with another provider. i have been satisfied with the service overall, but the monthly charges o",TRUE,neutral,0.47160574793815613,1
5649-tjhov,,FALSE,,,
0519-xuzju,"i recently signed up for the fiber optic internet service with this provider on a month-to-month contract. however, after just one month, i decided to cancel due to some unforeseen circumstances. the monthly charges of $70.75 were reasonable for the service i received. the payment method of mailing a check was a bit inconvenient for me personally, but overall the service was reliable and the speed was good. i would consider rejoining in the future if my circumstances change.",TRUE,neutral,0.5913363099098206,1
3363-ewlgo,"i have been a customer with this company for 5 months now on a month-to-month contract. i do not have internet service with them, so i am only paying $19.95 a month. i appreciate that they offer a mailed check payment option as it is convenient for me. overall, i have had a positive experience with this company and have no complaints. i have no plans to churn anytime soon.",TRUE,positive,0.422392339,2
4750-ukwjk,,FALSE,,,
6338-avwcy,,FALSE,,,
1689-yqbyy,,FALSE,,,
4487-zyjzk,,FALSE,,,
2959-fenlu,"i have been a customer with this company for 9 months now and i am very satisfied with the service. the fiber optic internet service is fast and reliable, and i have had no issues with connectivity. the automatic credit card payment method is convenient and hassle-free. the monthly charges of $85.3 are reasonable for the quality of service provided. overall, i have had a positive experience and would recommend this company to others.",TRUE,positive,0.9742839336395264,2
0708-lgsmf,i have been a customer with this dsl provider for 13 months now and i am quite satisfied with the service. the month-to-month contract option works well for me as i prefer flexibility in my plans,TRUE,positive,0.9561328887939453,2
9253-qxkbe,,FALSE,,,
7634-hlqjr,"i have been a customer with this company for almost four years now and i have been very satisfied with their service. even though i do not have internet service with them, i have found their monthly charges to be very reasonable at $20.05. i appreciate the convenience of using automatic credit card payments for my bills. overall, i have had a positive experience and would recommend this company to others.",TRUE,positive,0.9700258374214172,2
0487-rpvum,,FALSE,,,
4079-ulgfr,,FALSE,,,
2516-xsjkx,"i have been a loyal customer of this dsl internet service provider for over three years now and have been generally satisfied with the service. the monthly charges of $78.45 are reasonable for the speed and reliability of the internet connection. i appreciate being able to pay through electronic check, as it is convenient and hassle-free. overall, i have had no issues with the service and have no plans to switch providers in the near future.",TRUE,positive,0.9526314735412598,2
0057-qbuqh,,FALSE,,,
9445-szlch,,FALSE,,,
6599-sfqve,,FALSE,,,
8331-zxfoe,,FALSE,,,
4003-fushp,,FALSE,,,
0356-erhvt,i have been a customer with this internet service provider for 11 months now and i am happy to say that i have no plans to churn. the month-to-month contract works well for me and the monthly charges of $45.9 are reasonable for the dsl internet service i receive. i apprecia,TRUE,positive,0.9471076130867004,2
7325-enzfi,,FALSE,,,
4884-zthvf,,FALSE,,,
3920-hihmq,,FALSE,,,
3055-oymse,,FALSE,,,
0613-wuxum,i have been a customer with this company for over 5 years now and i have been very satisfied with the service. the monthly charges are very afforda,TRUE,positive,0.9728432893753052,2
7568-podml,,FALSE,,,
4458-kvrbj,i have been a customer with this company for almost five years now and i have been very satisfied with their service. the monthly charges are very reasonable at $25.00 and i appreciate that i am on a two year contract which gives me stability and peac,TRUE,positive,0.9728000164031982,2
5349-iecld,"i recently signed up for fiber optic internet service with this provider on a month-to-month contract. unfortunately, after only 2 months, i decided to churn and switch to a different provider. the monthly charges of $94.95 were reasonable for the service i received, but i had some issues with the reliability and speed of the internet connection. additionally, using an electronic check as a payment method was convenient, but i found the overall customer service experience to be lacking. overall, i was not completely satisfied with my experience and ultimately decided to look for a better internet provider.",TRUE,negative,0.8591147065162659,0
1397-xkkwr,,FALSE,,,
3945-gfwql,"""i recently decided to cancel my dsl internet service after being a customer for 12 months on a month-to-month contract. the monthly charges of $44.55 were reasonable, but i ultimately decided to switch to a different provider for bet",TRUE,negative,0.8315004706382751,0
8097-omulg,,FALSE,,,
6013-bhcaw,"i have been a customer with this dsl provider for over five years now and i have been very satisfied with their service. the automatic bank transfer payment method has made it convenient for me to pay my monthly charges on time without any hassle. the internet service has been reliable and consistent throughout my tenure, and i have never experienced any major issues with connectivity. the monthly charges of $81.0 are reasonable for the quality of service that i receive. overall, i am happy with my experience as a customer and would recommend this provider to others.",TRUE,positive,0.9610093235969543,2
0401-wdbxm,,FALSE,,,
3387-plkui,"i have been a customer with this company for 13 months now on a month-to-month contract. i do not have internet service with them, but i have been satisfied with the service overall. i appreciate the affordable monthly charges of $18.80 and the convenience of being able to pay by mailing a check. i have not experienced any issues with billing or service disruptions during my time with this company. overall, i am happy with my experience as a customer and would recommend them to others.",TRUE,positive,0.9027131199836731,2
6096-egvtu,,FALSE,,,
3797-vtidr,,FALSE,,,
5081-nwsup,,FALSE,,,
2580-atzsq,"i have been a loyal customer of this dsl internet service provider for over five years now and i have been very satisfied with the service. the monthly charges are reasonable at $61.35 and the fact that i have been able to set up automatic bank transfers for payment has made my life much easier. the internet service itself has been reliable and i have not experienced any issues with connectivity or speed. overall, i am very happy with my experience and have no plans to switch providers.",TRUE,positive,0.9642043709754944,2
8085-msnlk,,FALSE,,,
9691-hkovs,,FALSE,,,
9881-vczep,i have been a customer with this company for 25 months now and i am very satisfied with the service. the month-to-month contract allows me the flexibility i need and the mo,TRUE,positive,0.9732527732849121,2
9526-bihhd,,FALSE,,,
8757-tfhhj,,FALSE,,,
4523-wxcef,,FALSE,,,
1468-defnc,,FALSE,,,
5119-kepfy,,FALSE,,,
8364-trmmk,,FALSE,,,
0916-knfaj,,FALSE,,,
8319-qbehw,i have been a customer with this company for 26 months now and i am very satisfied with the service. the monthly charge of $39.95 for dsl internet is reasonable and the automatic bank transfer payment method makes it convenient for me to pay my bill on time. i have not experienced any issues with the service and hav,TRUE,positive,0.9570069313049316,2
3063-qfszl,,FALSE,,,
8775-lhdjh,,FALSE,,,
9625-qnlux,"i have been a loyal customer of this company for over 5 years now and i am extremely satisfied with the service they provide. the fiber optic internet service is fast and reliable, and i have never experienced any issues",TRUE,positive,0.9806725382804871,2
3097-nqysn,"i recently had to cancel my fiber optic internet service after only 2 months due to relocation. the monthly charges of $86.85 were reasonable for the high-speed internet i received. however, i was not a fan of having to mail in a check for payment each month. overall, i was satisfied with the service during my short tenure and would consider reactivating it in the future if needed.",TRUE,negative,0.7250272035598755,0
4024-csnby,"i have been a loyal customer of this fiber optic internet service provider for 6 years now, and i have been extremely satisfied with the quality of service. the speed and reliability of the connection have been outstanding, and i have never experienced any downtime.

i appreciate the convenience of the automatic bank transfer payment method, as it ensure",TRUE,positive,0.9760664701461792,2
7110-bdtwg,"""i have been a customer with this company for 71 months now and i am very satisfied with the service they provide. the dsl internet service has been reliable and the monthly charges of $47.05 are reason",TRUE,positive,0.9740711450576782,2
7493-gvfio,i have been a customer with this company for over four and a half years now and i have been very satisfied with the service. the monthly charges are very reasonable at $20.55 and i appreciate the convenience of having my payment automatically deducted from my credit card. even though i do not ha,TRUE,positive,0.9705327749252319,2
0690-srqid,,FALSE,,,
9605-wgjvw,,FALSE,,,
9114-dpsia,,FALSE,,,
4700-ubqmv,,FALSE,,,
7711-gqbzc,,FALSE,,,
3565-unocc,,FALSE,,,
4627-mihjh,,FALSE,,,
9795-nrexc,,FALSE,,,
8573-cgocc,"i have been a customer with this company for 16 months now and have been satisfied with the service overall. the month-to-month contract works well for me as i have the flexibility to cancel at any time if needed. the monthly charges are affordable at $19.75 and being able to pay with automatic credit card payments is convenient. however, i do wish they offered internet service as part of their package. overall, i have had a positive experience with this company and would recommend them to others.",TRUE,positive,0.9254622459411621,2
7356-aynjp,,FALSE,,,
9249-fxsck,,FALSE,,,
5493-sdrdq,,FALSE,,,
6286-suuwt,"i have been a customer with this company for 1 month now and i am overall satisfied with the service. the monthly charges of $19.95 for a month-to-month contract are reasonable. however, i do wish there was an option for internet service as it is something i rely on daily. i also prefer to pay by mailed check, so i appreciate that this payment method is accepted. overall, i have had a positive experience and have not experienced any issues that would make me want to churn.",TRUE,positive,0.8958538770675659,2
4819-hjpiw,,FALSE,,,
8654-dhaow,,FALSE,,,
5438-qmddl,,FALSE,,,
9812-ghvri,,FALSE,,,
5553-aoinx,,FALSE,,,
1228-zlnbx,,FALSE,,,
4226-kkdon,i have been a customer with this dsl provider for 8 months now and i am overall satisfied with the service. the monthly charges are reasonable at $66.65 and i appreciate the convenience of the month-to-month contract. the internet service has been reliable and i have not experienced any issues with connectivity. using electronic check as my payment method has been smooth and hassle-free. i have not experienced any reason to consider switching providers at this time.,TRUE,positive,0.9552557468414307,2
3831-ycpuo,i have been a customer with this company for six years now and i must say i am very satisfied with the service. the fiber optic internet service has been reliable,TRUE,positive,0.9805644154548645,2
7445-wmrbw,,FALSE,,,
3308-dghkl,,FALSE,,,
9924-jprmc,,FALSE,,,
0080-emyvy,,FALSE,,,
6218-knubd,,FALSE,,,
7337-cinud,"i have been a customer with this company for 8 months now and i am very satisfied with their service. the automatic bank transfer for payment is convenient and hassle-free. even though i do not have internet service with them, the monthly charges of $19.5 for my contract type of two years is reasonable. i have had no issues with their service and do not plan on churning anytime soon. overall, i would highly recommend this company to others.",TRUE,positive,0.9659955501556396,2
7609-nrnca,"i have been a customer with this company for 17 months now and i have to say i am very satisfied with their service. even though i do not have internet service with them, the monthly charges of $19.55 for the other services i receive are very reasonable. i appreciate that they offer the option to pay by mailed check, as it is my preferred method of payment. overall, i have had no issues with this company and have no plans to churn in the near future. keep up the good work!",TRUE,positive,0.9584992527961731,2
0623-ejqeg,,FALSE,,,
7153-chrbv,,FALSE,,,
0871-uruwo,"i recently decided to switch internet providers after being with this company for 13 months. while the fiber optic service was fast and reliable, i found the monthly charges to be on the higher side at $102.25. additionally, i prefer not to be tied down to a contract, so the month-to-month option was appe",TRUE,neutral,0.5030745267868042,1
9190-mfjln,,FALSE,,,
6198-pnnsz,,FALSE,,,
3317-vlgqt,,FALSE,,,
4132-poczs,,FALSE,,,
5614-dnzce,,FALSE,,,
1095-judtc,,FALSE,,,
3896-rcyye,,FALSE,,,
9638-jiqya,,FALSE,,,
3258-sanfr,,FALSE,,,
3726-tbhqt,"i have been a loyal customer for over 6 years now and have been extremely satisfied with the fiber optic internet service provided by this company. the automatic bank transfer payment method has been convenient and hassle-free. even though the monthly charges are on the higher side at $114.0, the reliable service and fast internet speeds make it worth it. i have had no issues with churn and plan on continuing my contract for the foreseeable future. overall, i highly recommend this company for their exceptional service.",TRUE,positive,0.9707782864570618,2
3190-itqxp,,FALSE,,,
0870-vemyl,"""i recently decided to cancel my dsl internet service after being a customer for 5 months on a month-to-month contract. the monthly charges of $53.85 were reasonable, but i ultimately decided to switch providers for a better deal. the automatic credit card payment method was convenient, but i found a better offer elsewhere. overall, i was satisfied with the service during my time as a customer.""",TRUE,neutral,0.5299184918403625,1
4833-qtjno,,FALSE,,,
3039-mjsln,"i have been a customer with this company for 3 months now and have been satisfied with the service. the month-to-month contract works well for me as i have the flexibility to cancel at any time. the monthly charges of $20.2 are reasonable and the automatic bank transfer payment method makes it convenient for me to pay my bills on time. however, i do wish that internet service was included in my plan as it would make it a more comprehensive package. overall, i am happy with my experience so far and would recommend this company to others.",TRUE,positive,0.932826579,2
0178-ciikr,,FALSE,,,
5385-suiri,,FALSE,,,
3982-xwfzq,,FALSE,,,
5774-qpltf,,FALSE,,,
2322-vczhz,"i have been a customer with this company for 23 months now and i am very satisfied with the service provided. the fiber optic internet service is fast and reliable, and the monthly charges of $90.00 are reasonable for the quality of service i receive. i appreciate the convenience of paying with electronic check and have had no issues with billing or payment processing. overall, i have had a positive experience and have no plans to churn in the near future.",TRUE,positive,0.9713966846466064,2
5010-ipeaq,,FALSE,,,
4009-alqfh,,FALSE,,,
6383-ztsiw,i have been a customer of this fiber optic internet service provider for almost three years now and i have been very satisfied with the service. the speed and reliability of the internet connection have been consistently excellen,TRUE,positive,0.9814514517784119,2
8990-yozlv,,FALSE,,,
3069-ssvsn,,FALSE,,,
5222-imukt,,FALSE,,,
3627-fcrdw,,FALSE,,,
7562-gsuhk,,FALSE,,,
6685-xshhu,"i have been a customer with this company for 5 years now and i have been very satisfied with the service. the automatic bank transfer payment method is convenient and hassle-free. the monthly charges are very reasonable at $20.95 for a two-year contract. although i do not have internet service with this company, i have not experienced any issues with the other services i have. overall, i would highly recommend this company to others.",TRUE,positive,0.9696038365364075,2
8901-uprhr,,FALSE,,,
4903-uyavb,"i recently had to cancel my service with this company after being a customer for 5 months. i was on a month-to-month contract and unfortunately had to churn due to the lack of internet service in my area. the monthly charges were reasonable at $19.35, but not being able to access the internet was a major inconvenience. i also found it frustrating that the only payment method available was mailing a check. overall, i was disappointed with my experience and would have appreciated more flexibility in payment options and better communication about service availability in my area.",TRUE,negative,0.9149342179298401,0
0118-jpnoy,,FALSE,,,
6776-tlwoi,,FALSE,,,
3845-fxcys,i have been a customer with this company for 2 months now and i must say i am quite satisfied with the service. the monthly ch,TRUE,positive,0.9608467221260071,2
5857-xrecv,,FALSE,,,
0725-cxotm,,FALSE,,,
4343-ejvqb,,FALSE,,,
9000-plfuz,,FALSE,,,
3427-ggzzi,,FALSE,,,
7779-orael,,FALSE,,,
0644-oqmdk,,FALSE,,,
4077-cromm,"i was a loyal customer with this company for over 2 and a half years, but unfortunately i had to churn due to personal reasons. the fiber optic internet service was reliable and fast, which was great for streaming and gaming. however, the monthly charges of $104.2 were a bit high for my budget. i appreciated the convenience of paying with electronic check. overall, i had a positive experience with the service, but i had to cancel due to financial constraints.",TRUE,positive,0.5633686184883118,2
3154-cfszg,"i have been a customer with this company for almost four years now and i have been really satisfied with their service. the fiber optic internet is fast and reliable, and i have never experienced any major issues with my connection. the monthly charges are reasonable for the quality of service i receive. i appreciate the convenience of being able to pay with electronic check. overall, i have no complaints and would definitely recommend this company to others.",TRUE,positive,0.9713786244392395,2
2868-mzagq,"i recently signed up for fiber optic internet service with this company on a month-to-month contract. however, after just one month of service, i decided to cancel due to some issues with the reliability of the connection. despite the fast speeds advertised, i experienced frequent outages and slow performance. the monthly charges of $79.25 were reasonable, but i expected better service for the price. i also had some issues with the payment method using electronic check, as it seemed to take longer to process than expected. overall, i was disappointed with the service and decided to switch to a different provider.",TRUE,negative,0.8520524501800537,0
4847-qnoka,,FALSE,,,
2220-iahls,,FALSE,,,
1658-xuhbx,"i have been a customer with this company for almost five years now and have been very satisfied with the service. the fiber optic internet is fast and reliable, and i have had no issues with connectivity. the automatic credit card payment makes it easy to manage my bills each month. the monthly charge of $88.75 is reasonable for the quality of service provided. overall, i have no complaints and would highly recommend this company to others.",TRUE,positive,0.9667666554450989,2
6379-rxjrq,,FALSE,,,
2378-htwfw,"i have been a customer with this company for 35 months now and i have been extremely satisfied with their fiber optic internet service. the speeds are consistently fast and reliable,",TRUE,positive,0.9855554103851318,2
8650-rhrke,,FALSE,,,
4377-vdhyi,,FALSE,,,
0475-rijep,"i had been a customer with this company for 43 months on a month-to-month contract with fiber optic internet service. i was satisfied with the service and the speed of the internet, however, i decided to cancel my subscription due to personal reasons. the monthly charges of $77.85 were reasonable for th",TRUE,neutral,0.4864759147167206,1
1260-ttrxi,,FALSE,,,
3719-tdvqb,,FALSE,,,
6328-zpbgn,"i have been a customer with this fiber optic internet service provider for 11 months on a month-to-month contract with automatic bank transfer payments. however, i have decided to churn due to the high monthly charges of $95.15. while the internet service itself was r",TRUE,negative,0.574709952,0
0201-mibol,,FALSE,,,
4937-qpzpo,,FALSE,,,
2925-vdzhy,,FALSE,,,
6981-tdrft,"i have been a customer with this dsl internet provider for 44 months now and i have been satisfied with the service overall. the monthly charges of $54.3 are reasonable and the payment method of electronic check is convenient for me. the internet service has been reliable and i have not experienced any issues that would make me want to switch providers. overall, i am happy with my experience and would recommend this provider to others.",TRUE,positive,0.9578076601028442,2
3413-cssth,,FALSE,,,
8033-vczgh,,FALSE,,,
4789-kwmxn,,FALSE,,,
0224-nijlp,,FALSE,,,
7542-cyddm,,FALSE,,,
4718-wxbgi,,FALSE,,,
2867-uimss,,FALSE,,,
8495-prwfh,,FALSE,,,
0439-ifyun,i have been with this fiber optic internet service provider for 18 months now on a month-to-month contract. i have never experienced any issues with my service and have never had any reason to consider switching providers. the monthly charges are reasonable at $74.7 and i appr,TRUE,positive,0.8272026777267456,2
5716-libjc,,FALSE,,,
2868-llskm,,FALSE,,,
8111-rkspx,"i recently decided to switch internet providers after being with this company for 4 months. the fiber optic internet service was fast and reliable, but i ultimately",TRUE,neutral,0.5205963850021362,1
2988-qrajy,,FALSE,,,
1585-mqssu,,FALSE,,,
0071-ndafp,,FALSE,,,
2856-nnasm,,FALSE,,,
7328-zjajo,,FALSE,,,
6458-cyidz,,FALSE,,,
8559-cizfv,"i recently decided to switch internet providers after being with this company for 21 months. the monthly charges of $77.5 for dsl internet seemed a bit high compared to other options available in my area. additionally, having to mail a check for p",TRUE,negative,0.770750105,0
1090-pykci,,FALSE,,,
3058-wqdre,,FALSE,,,
7547-eknfs,,FALSE,,,
2279-axjjk,"i have been a loyal customer for over 4 years now and i have been extremely satisfied with the fiber optic internet service provided by this company. the automatic credit card payment option makes it convenient for me to pay my monthly bill on time without any hassle. the monthly charges are reasonable for the quality of service i receive. i have never experienced any issues with connectivity or speed, and i appreciate the consistency of the service. overall, i am very happy with my experience as a customer and would highly recommend this company to others.",TRUE,positive,0.9672602415084839,2
6769-dybqn,,FALSE,,,
0909-selie,,FALSE,,,
3417-tscic,,FALSE,,,
1042-hfucw,,FALSE,,,
4439-jmpmt,,FALSE,,,
6537-otkmy,,FALSE,,,
8999-exmno,,FALSE,,,
6725-tpkjo,,FALSE,,,
2446-beggb,,FALSE,,,
7162-wphpm,,FALSE,,,
1599-mmyrq,,FALSE,,,
8821-kvzkq,"i have been a loyal customer with this company for over 5 years now and have been satisfied with the dsl internet service provided. the monthly charges are reasonable at $58.4 and i appreciate the convenience of automatic bank transfer for payment. i have had no issues with the service or billing, and i have no intentions of churning anytime soon. overall, i am a happy customer and would recommend this company to others.",TRUE,positive,0.9604977369308472,2
1496-ggsuk,,FALSE,,,
6434-ttgjp,"i have been a customer with this dsl provider for 10 months now and i have no plans of churning anytime soon. the monthly charges of $53.7 are reasonable for the service i receive. i appreciate the convenience of automatic credit card payments for my two-year contract. overall, i am satisfied with the internet service provided and would recommend it to others.",TRUE,positive,0.8818717002868652,2
0042-jvwoj,,FALSE,,,
0130-sxoun,,FALSE,,,
2575-gfsoe,,FALSE,,,
2330-pqgdq,"i have been a customer with this company for over four years now and i have been extremely satisfied with the service provided. the fiber optic internet service is fast and reliable, and i have never experienced any issues with connectivity. the automatic bank transfer payment method makes it convenient for me to pay my",TRUE,positive,0.9715620875358582,2
1452-uzosf,"i have been a customer with this company for 6 years now and have been extremely satisfied with the service i have received. the fiber optic internet service has been reliable and fast, allowing me to easily stream videos and work from home without any interruptions. the automatic credit card payment method has made it convenient for me to never miss a payment. the monthly charges of $106.1 are reasonable for the quality of service i am receiving. overall, i have had a positive experience with this company and would highly recommend it to others.",TRUE,positive,0.9715023636817932,2
2097-yvpkn,,FALSE,,,
2842-jtccu,,FALSE,,,
8597-ctxvj,,FALSE,,,
6631-hmanx,,FALSE,,,
9962-bfpdu,,FALSE,,,
3296-silra,"""i recently switched to this fiber optic internet service provider and unfortunately, i had to cancel after just 1 month. the monthly charges of $76.",TRUE,negative,0.8772209882736206,0
9681-oxgvc,"i recently cancelled my service with this company after being a customer for 5 months. i was on a month-to-month contract with monthly charges of $100.5 for fiber optic internet service. i found the service to be reliable and fast, but i ultimately decided to switch to a different provider for a better deal. the electronic check payment method was convenient and i never had any issues with billing. overall, i had a positive experience with this company but ultimately chose to go with a different option.",TRUE,negative,0.48372504115104675,0
6394-hhhzm,,FALSE,,,
5995-lftle,i have been a customer with this company for over 4 years now and have been satisfied with the service overall. the monthly charges are reasonable at $25.3 and i appreciate the convenience of automatic payments through my credit card. although i do n,TRUE,positive,0.9534394145011902,2
5180-uciiq,,FALSE,,,
1932-uedcx,"i have been a loyal customer with this company for over 2 and a half years now, and i have been very satisfied with the fiber optic internet se",TRUE,positive,0.9615792632102966,2
7153-oanio,"i recently signed up for the fiber optic internet service with this provider on a month-to-month contract. the monthly charges were $69.95, which i found to be reasonable for the high-speed internet i was receiving. however, after just one month of service,",TRUE,neutral,0.7495715618133545,1
5188-hgmlp,,FALSE,,,
0665-xhdju,i have been a loyal customer of this fiber optic internet service provider for 6 years now and have never experienced any issues with my service. the speed and reliability of the internet connection have been consiste,TRUE,positive,0.9227840304374695,2
6521-yytyi,"""i recently signed up for the fiber optic internet service with this provider on a month-to-month contract. unfortunately, after only one month, i decided to cancel due to some unexpected financial constraints. the monthly charges of $93.3 were a bit higher than i had anticipated, and i found it difficult to",TRUE,negative,0.8667057156562805,0
8878-hmwbv,"i recently cancelled my dsl internet service after only 3 months with the company. the monthly charges of $49.15 were reasonable, but i found the internet speed to be inconsistent and frustrating. additionally, the payment method of electronic c",TRUE,negative,0.9027977585792542,0
8265-hksow,"i have been a customer with this company for 6 years now and i have been extremely satisfied with the service. the fiber optic internet service has been reliable and fast, and i have never experienced any disruptions. the automatic credit card payment method is convenient and hassle-free. the monthly charges are reasonable for the quality of service provided. overall, i have no complaints and would highly recommend this company to others.",TRUE,positive,0.9744157791137695,2
3544-fbcas,i have been a customer with this company for 6 years now and i have been very satisfied with the service. the dsl internet has been reliable and the monthly charges are reasonable at $83.6. i appreciate t,TRUE,positive,0.9776740074157715,2
5331-rgmtt,,FALSE,,,
4759-pxtan,,FALSE,,,
7054-dmvas,i have been a loyal customer with this company for over 4 years now and i am very satisfied with the service i have received. the dsl internet service has be,TRUE,positive,0.9766828417778015,2
3428-mmgub,,FALSE,,,
6549-btypg,"i have been a customer with this company for 5 years now and have been very satisfied with their dsl internet service. the monthly charges of $60.8 are reasonable and manageable for me. i appreciate the convenience of automatic credit card payments, which makes it easy to stay on top of my bills. overall, i have had a positive experience with this company and have no plans to switch providers.",TRUE,positive,0.957973063,2
7823-jsoag,"i have been a customer with this company for 3 months now and i am very satisfied with the service. the fiber optic internet is fast and reliable, and i",TRUE,positive,0.9819538593292236,2
3705-rhrfr,,FALSE,,,
9374-yolbj,,FALSE,,,
9074-kgvox,,FALSE,,,
6128-dafvy,,FALSE,,,
9933-qrgtx,,FALSE,,,
4476-oswtn,i have been a customer with this company for almost 6 years now and have been very satisfied with their fiber optic internet service. the monthly charges are reasonable at $110.55 and i appreciate the convenience of being able to pay by mailed check. i have not experienced any issues with the service and have no plans to switch providers. keep up the good work!,TRUE,positive,0.9734551906585693,2
3751-ktzel,"i recently signed up for dsl internet service with this provider on a month-to-month contract. unfortunately, after only 1 month, i decided to cancel due to slow internet speeds and unreliable connection. the monthly charges of $35.05 were reasonable, but the service did not meet my expectations. i also found the payment method of mailing a check to be inconvenient compared to online options. overall, i was not satisfied with my experience and would not recommend this provider to others.",TRUE,negative,0.920244038,0
1977-stdki,,FALSE,,,
5066-gfjmm,,FALSE,,,
2661-gkbtk,,FALSE,,,
0458-heuzg,,FALSE,,,
7268-wntcp,,FALSE,,,
0824-vwdpo,"i have been a customer with this company for 45 months now and i am very satisfied with the service. the fiber optic internet service has been reliable and fast, and the automatic bank transfer for payment has been convenient. the monthly charges of $96.75 are reasonable for the quality of service provided. i have had no issues with churn and i plan on continuing my contract with this company for the foreseeable future. overall, i would highly recommend this company to others looking for a reliable internet service provider.",TRUE,positive,0.9726340770721436,2
8409-wqjux,,FALSE,,,
2578-jqphz,,FALSE,,,
3278-fsixx,,FALSE,,,
5813-uecbu,,FALSE,,,
0328-grpmv,,FALSE,,,
9746-ugfac,,FALSE,,,
2946-kiqsp,"i have been a customer with this internet provider for over 2 years now and have had a positive experience overall. the monthly charges are affordable at $33.45 and the dsl internet service has been reliable. the only downside is that i have to pay by mailing a check each month, which can be inconvenient at times. however, considering the reasonable pricing and consistent service, i have no complaints and do not plan on switching providers anytime soon.",TRUE,positive,0.9415544271469116,2
0625-afohs,"i have been a customer with this company for almost 2 and a half years now, and i have been satisfied with the service overall. the monthly charges are affordable at $20.2 and i appreciate the option to pay with a mailed check. however, i do wish there was an internet service option available as that would greatly benefit my needs. overall, i have had no issues with churn and am happy with the contract type.",TRUE,positive,0.9344112873077393,2
6726-wexxk,,FALSE,,,
4636-olwoe,,FALSE,,,
4342-hentk,"i recently switched to this internet service provider and signed up for their fiber optic service on a month-to-month contract. unfortunately, after just 2 months, i decided to churn due to the high monthly char",TRUE,negative,0.8296824097633362,0
4685-erghk,,FALSE,,,
0885-hmgpy,"i have been a customer with this company for over five years now, and i have never experienced any issues with churning. the two-year contract has been beneficial in ensuring consistent service and pricing. the monthly charge of $69.4 for dsl internet is reasonable and the automatic bank transfer payment method makes it convenient for me to pay my bill on time. overall, i am satisfied with the service provided and would recommend it to others.",TRUE,positive,0.9003183245658875,2
5003-oknnk,,FALSE,,,
4195-smmnx,"i recently signed up for this service on a month-to-month contract and unfortunately had to cancel after only 2 months. the lack of internet service was a major inconvenience for me and i found myself having to rely on other options to stay connected. the monthly charges of $20.35 seemed reasonable, but without the internet service, i felt like i wasn't getting my money's worth. additionally, having to pay by mailing a check was a bit outdated and i would have preferred more convenient payment options. overall, i was disappointed with my experience and would not recommend this service to others.",TRUE,negative,0.9178440570831299,0
7208-psihr,,FALSE,,,
4012-zthbr,,FALSE,,,
0489-wmemg,"i have been a customer with this company for almost two years now and i have been very satisfied with the service. the dsl internet has been reliable and the monthly charges are reasonable at $49.45. i appreciate the convenience of paying with electronic check. overall, i have had a positive experience and have no complaints. i would recommend this company to others looking for internet service.",TRUE,positive,0.9754701256752014,2
7435-znuyy,,FALSE,,,
1354-yzfnb,,FALSE,,,
6956-smucm,,FALSE,,,
2985-fmwyf,,FALSE,,,
2812-enymo,,FALSE,,,
2717-hvizy,"i have been with this company for 8 months now on a month-to-month contract. i do not have internet service with them, but i have been consistently paying my monthly charges of $20.05 through mailed checks. i have not experie",TRUE,negative,0.8778873682022095,0
3223-wzwjm,,FALSE,,,
3422-galyp,,FALSE,,,
9053-jzfkv,,FALSE,,,
2530-endwq,"i have been a customer with this company for over 6 years and have been using their fiber optic internet service. i recently decided to churn and switch to a different provider due to personal reasons. overall, i have been satisfied with the service provided and the automatic bank transfer payment method has been convenient for me. however, i felt that the monthly charg",TRUE,positive,0.5016019940376282,2
2890-wfbhu,i have been a customer with this dsl internet service provider for nearly five years now and i have been very satisfied with their service. the monthly charges of $79.85 are reasonable for the r,TRUE,positive,0.9638338088989258,2
0327-wfzsy,"i have been a customer with this internet service provider for almost three years now and i have been very satisfied with the service. the fiber optic internet is fast and reliable, and i have never experienced any issues wi",TRUE,positive,0.9771665930747986,2
7977-hxjku,,FALSE,,,
6615-zgedr,,FALSE,,,
7033-clamm,i have been a customer with this company for 4 years now and have been very satisfied with the service. the automatic bank transfer payment method makes it,TRUE,positive,0.9647274613380432,2
4023-rtiqm,,FALSE,,,
0864-fvjnj,,FALSE,,,
7356-iwlfw,,FALSE,,,
9541-pwtwo,,FALSE,,,
3967-vqogc,,FALSE,,,
7872-rddlz,i have been a customer with this dsl internet service provider for over 5 years now and i have been very satisfied with the service. the monthly charges are reasonable at $54.,TRUE,positive,0.9679497480392456,2
9250-wypll,,FALSE,,,
6308-cqrbu,,FALSE,,,
2754-xbhtb,,FALSE,,,
1597-lhync,,FALSE,,,
0186-caerr,,FALSE,,,
3043-sudua,,FALSE,,,
5442-bhqng,,FALSE,,,
2169-rrlfw,,FALSE,,,
5872-oeqnh,,FALSE,,,
3162-kkzxo,,FALSE,,,
7055-vkgda,"i have been a customer with this company for over four and a half years now, and i must say i have been overall satisfied with the service provided. the fiber optic internet service has been reliable and fast, which is essential for my work from home setup. 

however, i recently decided to switch providers due to a better promotional offer from a competitor. while the monthly charges were reasonable at $105.4, i felt that i could get a better deal elsewhere. 

i appreciated the convenience of automatic credit card payments, as it made managing my bills easier. overall, i would recommend this company to others looking for reliable internet service, but it's always worth shopping around to ensure you are getting the best deal.",TRUE,positive,0.9610735177993774,2
0754-ukwqp,"i signed up for this fiber optic internet service two months ago on a month-to-month contract. the speed and reliability of the service were great, but unfortunately, the monthly charges of $95.85 were a bit too high for my budget. i ultimately decided to cancel and switch to a more affordable option. the payment method of using an electronic check was convenient and easy to manage. overall, i had a positive experience with the service itself, but the cost was ultimately the deciding factor in my decision to churn.",TRUE,negative,0.5115441679954529,0
8873-gldmh,,FALSE,,,
5696-jvvqy,,FALSE,,,
8946-bfwsg,,FALSE,,,
7493-tpuwz,,FALSE,,,
0547-hurjb,"i have been a customer with this company for 12 months now on a month-to-month contract with automatic credit card payments. i do not have internet service with them, but i have been satisfied with their services so far. the monthly charges are reasonable at $21.05",TRUE,positive,0.8431293964385986,2
8904-opdck,"i have been a customer with this company for over four years and have been on a month-to-month contract with automatic bank transfers for payment. i have never experienced any issues with my dsl internet service and have found the monthly charges of $24.95 to be very reasonable. the automatic payment method has been convenient and hassle-free. overall, i am satisfied with the service provided and have no plans to churn in the near future.",TRUE,positive,0.8443323373794556,2
8845-lwkge,,FALSE,,,
1577-hktfg,,FALSE,,,
8752-stivr,,FALSE,,,
0691-nikri,"i have been a customer with this company for 40 months now and i am extremely satisfied with their service. the fiber optic internet is incredibly fast and reliable, and i have never experienced any downtime. the monthly charges are reasonable at $105.95 and i appreciate the convenience of automatic payments with my credit card. overall, i have had a great experience with this company and would highly recommend them to others.",TRUE,positive,0.9808239936828613,2
5022-jnqeq,,FALSE,,,
4558-fantw,,FALSE,,,
3249-vhrip,i have been a customer with this company for over five years now and have been really satisfied with the dsl internet service i receive. the monthly charges are very affordable at $43.6 and i appreciate the convenience of automatic payment thro,TRUE,positive,0.9761389493942261,2
3736-blepa,,FALSE,,,
4701-lkozd,,FALSE,,,
6603-qwspr,,FALSE,,,
9921-qfqul,,FALSE,,,
1929-zcbhe,,FALSE,,,
4378-mypgo,"i have been a customer with this company for 68 months now and have been very satisfied with the service. the fiber optic internet service has been reliable and fast, and i appreciate the convenience of the automatic bank transfer payment method. the monthly charges of $105.25 are reasonable for the quality of service i receive. overall, i have no complaints and have no intention of churning anytime soon. highly recommend this company to others.",TRUE,positive,0.9730188846588135,2
8651-enbzx,,FALSE,,,
4129-lycoi,,FALSE,,,
7798-jvxym,,FALSE,,,
8647-sdtwq,,FALSE,,,
2696-ecxkc,"i have been a loyal customer of this company for over four and a half years now and have been very satisfied with the service provided. the fiber optic internet service has been reliable and fast, allowing me to stream movies, work from home, and v",TRUE,positive,0.9753754138946533,2
2081-kjsqf,i have been a customer with this company for 1 month now and i am overall satisfied with the service. the monthly charges are reasonable at $20.,TRUE,positive,0.9539498090744019,2
7623-trnqn,,FALSE,,,
3323-cpbwr,"i have been a customer with this fiber optic internet service provider for 23 months now and i have been very satisfied with the service. the speed and reliability of the connection have been excellent, allowing me to stream movies, work from home, and video chat with f",TRUE,positive,0.9814824461936951,2
9330-ijwio,,FALSE,,,
3384-ctmsf,,FALSE,,,
0902-rfhof,"i have been a customer with this company for 38 months now and i have had a positive experience overall. the monthly charges are reasonable at $20.1 and i appreciate the option to pay by mailed check. however, i do wish that internet service was offered as part of my contract. overall, i am satisfied with the service and have not experienced any issues that would cause me to consider churning.",TRUE,positive,0.9265671372413635,2
9286-dojgf,,FALSE,,,
6048-qbxkl,,FALSE,,,
9661-mhumo,,FALSE,,,
7718-rxdgg,,FALSE,,,
1025-falix,"i have been a customer with this company for 26 months now and i have been very satisfied with their fiber optic internet service. the monthly charges of $69.05 are reasonable for the quality of service i receive. i appreciate the convenience of automatic credit card payments and have never experienced any issues with billing. overall, i have no complaints and am happy to continue being a customer on a month-to-month basis.",TRUE,positive,0.9639313817024231,2
3451-vawli,"i have been a customer with this company for 35 months now and have been on a two-year contract with a monthly charge of $19.7. i do not have internet service with them but i have been satisfied with the other services i receive. the automatic credit card payment method is convenient and i have not experienced any issues with billing. overall, i have had a positive experience with this company and have no plans to churn in the near future.",TRUE,positive,0.7268693447113037,2
3407-qgwlg,,FALSE,,,
1842-ezjmk,,FALSE,,,
2347-wkkae,"i have been a customer with this company for over three and a half years now and i have been extremely satisfied with the service. the fiber optic internet service is fast and reliable, and i have never experienced any issues with connectivity. the monthly charges are reasonable for the quality of service provided. i appreciate the convenience of being able to pay with electronic check each month. overall, i have no complaints and would highly recommend this company to others.",TRUE,positive,0.9745736718177795,2
8735-dcxnf,,FALSE,,,
3214-iyuuq,,FALSE,,,
1936-uafeh,,FALSE,,,
3587-pmcoy,,FALSE,,,
8079-xrjrs,"i have been a customer with this company for 5 years and 5 months. i signed a one year contract and have been paying $89.75 per month for fiber optic internet service. unfortunately, i have decided to churn and discontinue my service with this company. overall, the service was reliable and the internet speed was good, but i have foun",TRUE,negative,0.8557429909706116,0
1027-lkkqq,i have been a customer with this internet provider for 6 years now and i have been satisfied with their service. the automatic bank transfer payment method makes it convenient for me to pay my bill on time every month. the dsl internet service has been reliable for my needs and the monthly charges of $80.45 are reasonable f,TRUE,positive,0.9593220949172974,2
7148-xzpha,"i have been a loyal customer of this company for over 4 and a half years now, and i have been very satisfied with the service they provide. the fiber optic internet service is fast and reliable, and i have never experienced any issues with connectivity. the monthly charges are reasonable at $79.4, and i appreciate the convenience of being able to pay with an electronic check. overall, i have had a positive experience with this company and would recommend their services to others.",TRUE,positive,0.9699321985244751,2
8073-ijdcm,"i recently signed up for internet service with this provider on a month-to-month contract. unfortunately, after just 1 month, i decided to cancel due to the lack of reliable internet service in my area. i found the monthly charges of $20.3 to be reasonable, but the inconvenience of having to mail a check for payment was a hassle. overall, i was not satisfied with the service and will be looking for a new provider.",TRUE,negative,0.9069627523422241,0
5309-taikl,i have been a customer with this internet service provider for 7 months now and i am overall satisfied with the service. the monthly charges,TRUE,positive,0.9433891773223877,2
6856-raurs,i have been a customer with this company for 2 months now and i am very satisfied with the fiber optic internet service. the speed and reliability have b,TRUE,positive,0.9747816324234009,2
8778-lmwtj,,FALSE,,,
9717-ioaaf,,FALSE,,,
8884-adfvn,"i recently switched internet providers after being with this company for 7 months on a month-to-month contract. the monthly charges of $101.95 for fiber optic internet were reasonable, but i ultimately decided to churn due to inconsistent speeds and unreliable service. i also found the payment method of electronic check to be inconvenient compared to other options available with other providers. overall, i was disappointed with my experience and decided to take my business elsewhere.",TRUE,negative,0.8696956634521484,0
2845-kdhvx,,FALSE,,,
0848-somko,,FALSE,,,
2720-wgkhp,"i recently cancelled my service with this company after only 2 months of being a customer. the monthly charges of $94.0 for fiber optic internet were quite high compared to other providers in the area. additionally, the electronic check payment method was not convenient for me and i would have preferred more options for payment. overall, i was not satisfied with the service and decided to switch to a different provider.",TRUE,negative,0.9239760041236877,0
6734-fqajx,"i have been a customer with this company for over 5 years now and i have been extremely satisfied with the service i have received. the fiber optic internet service has been reliable and fast, allowing me to work from home without any interruptions. the monthly charges are reasonable for the quality of service i am receiving. i appreciate the convenience of paying with electronic check. overall, i have no complaints and would highly recommend this company to others.",TRUE,positive,0.9750544428825378,2
2869-adawr,,FALSE,,,
1535-vtjoq,,FALSE,,,
6368-tzzdt,"i have been a customer with this company for 4 months now and i am pleased to say that i have had no issues with churn. the monthly charges of $19.5 are reasonable for the service i am receiving. i appreciate the convenience of automatic credit card payments. however, i do wish that internet service was included in my contract as it would make my experience even better. overall, i am satisfied with my experience so far.",TRUE,positive,0.9433807730674744,2
0943-zqpxh,"i have been a customer with this company for 44 months and have been extremely satisfied with the fiber optic internet service they provide. the automatic bank transfer payment method makes it convenient for me to pay my monthly charges of $92.95. i appreciate the flexibility of the month-to-month contract type as it gives me the freedom to switch providers if needed. overall, i have had no issues with churn and would highly recommend this company to others looking for reliable internet service.",TRUE,positive,0.9637730121612549,2
1293-bseun,,FALSE,,,
9894-ezewg,"i recently switched to this internet service provider and opted for the fiber optic package. the speeds were great and i had no issues with connectivity during my short tenure. however, i decided to cancel after just one month due to finding a better deal elsewhere. the automatic credit card payments were convenient and hassle-free. overall, i had a positive experience with the service but ultimately chose to churn for cost-saving reasons.",TRUE,positive,0.843017578,2
1302-tpubn,,FALSE,,,
7851-flggq,,FALSE,,,
0637-ubjrp,,FALSE,,,
0940-ouqec,,FALSE,,,
2378-vtkdh,,FALSE,,,
0927-cngrh,,FALSE,,,
8608-oztlb,,FALSE,,,
2335-gsoda,"""i have been a customer with this company for almost two years now and i have been very satisfied with the dsl internet service they provide. the monthly",TRUE,positive,0.9669238924980164,2
1952-dvvsw,,FALSE,,,
0702-pgibz,,FALSE,,,
6656-guljq,,FALSE,,,
9853-jfzdu,,FALSE,,,
1963-vaukv,,FALSE,,,
3777-xrobg,,FALSE,,,
6994-fgrhh,,FALSE,,,
4000-vgmqp,"""i have been a customer with this company for 38 months now and i have been very satisfied with the service. the dsl internet has been reliable and i have had no issues with connectivity. the monthly charges of $78.95 are reasonable for the quality of service i receive. i appreciate the convenience of automatic credit card payments and have had no issues with billing. overall, i am happy with my experience and have no plans to churn in the near future.""",TRUE,positive,0.9642536044120789,2
3999-wrngr,,FALSE,,,
3466-ritxd,,FALSE,,,
2680-xkknj,i have been a customer with this dsl internet service provider for 8 months now and i have been satisfied with the service so far. the monthly charges of $58.2 are reasonable and i appreciate the convenience of automatic bank transfers for payment. i have not experienced any issues with,TRUE,positive,0.9375970959663391,2
3058-hjcuy,,FALSE,,,
2974-gguxs,,FALSE,,,
7994-xirtr,"i have been a loyal customer of this dsl internet service provider for over four and a half years now, and i have had a positive experience overall. the monthly charges are reasonable at $65.25, and i appreciate the convenience of automatic bank transfers for payment. the internet service has been reliable and meets my needs, so i have not felt the need to switch providers. overall, i am satisfied with the service and would recommend it to others.",TRUE,positive,0.9588792324066162,2
3259-fdwoy,"i have been a customer with this company for over 6 years and have been on a two year contract with automatic bank transfer payments. despite being satisfied with the fiber optic internet service, i have decided to churn due to the high monthly charges of $106.0. i believe that the company should consider offering more competitive pricing options to retain long-term customers like myself.",TRUE,negative,0.5781224370002747,0
2101-rancd,,FALSE,,,
7921-bepci,,FALSE,,,
0807-zabdg,"i recently switched to this dsl internet service provider three months ago on a month-to-month contract. the monthly charges were reasonable at $55.1, and i opted to pay via mailed check. however, i experienced constant issues with connectivity and slow speeds, which ultimately led me to cancel my service. i was disappointed with the level of service provided and would not recommend this provider to others.",TRUE,negative,0.6050854921340942,0
8510-tmwyb,,FALSE,,,
3258-zkpai,,FALSE,,,
1428-iedpr,,FALSE,,,
5298-gstlm,i have been a customer with this company for 5 years now and i have been very satisfied with the service. the fiber optic internet service has been re,TRUE,positive,0.964378834,2
4450-yoohp,i have been a customer with this dsl internet service provider for almost 3 years now and i have been satisfied with the service overall. the monthly charges are reasonable at $50.65 and i appreciate the convenience of automatic credit card p,TRUE,positive,0.9695236086845398,2
6728-czfei,,FALSE,,,
5748-rncjt,,FALSE,,,
3653-ncrdj,,FALSE,,,
6121-tnhbo,"i have been a customer with this company for over five years now and i have been very satisfied with the service. the dsl internet service has been reliable and the monthly charges are reasonable at $83.0. i appreciate the convenience of the automatic bank transfer payment method. overall, i have had no issues with the company and i plan on continuing to be a customer for the foreseeable future.",TRUE,positive,0.9710212349891663,2
5119-nzptv,,FALSE,,,
6519-zhpxp,,FALSE,,,
7739-laxog,,FALSE,,,
3472-qprch,,FALSE,,,
8224-uaxbz,,FALSE,,,
9610-wcesf,,FALSE,,,
9776-cluja,"i have been a customer for over four years and have been generally satisfied with the fiber optic internet service provided by this company. however, i recently decided to switch providers due to a better deal offered by a competitor. the monthly charges were a bit high for me, but the service itself was reliable and fast. i appreciated the convenience of paying with an electronic check. overall, i had a positive experience as a customer, but the price ultimately drove me to cancel my contract.",TRUE,positive,0.9006681442260742,2
2486-wyvve,i have been a customer with this company for 31 months now and i have been satisfied with the dsl internet service they provide. the monthly charges of $79.3 are reasonable for the speed and reliability of the connection. i appreciate the option to pay by mailed check as,TRUE,positive,0.949749768,2
3865-zykad,,FALSE,,,
1422-dgubx,"i have been a customer with this company for 32 months now and i am very satisfied with the service. the fiber optic internet service is fast and reliable, and the monthly charges of $79.25 are reasonable for the quality of service provided. i appreciate being able to pay with electronic check, as it is convenient and hassle-free. overall, i have had a positive experience with this company and would recommend it to others.",TRUE,positive,0.9768635034561157,2
2999-aanrq,,FALSE,,,
8668-knzti,,FALSE,,,
0480-kyjva,,FALSE,,,
6034-zrycv,"i have been a customer with this company for 6 years now, and unfortunately, i have decided to churn. the monthly charges were reasonable at $54.2, but i found that the",TRUE,negative,0.8973975777626038,0
9746-ykgxb,,FALSE,,,
3926-yzvvx,,FALSE,,,
6000-uklwi,,FALSE,,,
2079-fbmzk,,FALSE,,,
6332-fbzri,,FALSE,,,
2096-xotmo,,FALSE,,,
3266-ftkhb,,FALSE,,,
8221-eqdgl,,FALSE,,,
2346-locwc,,FALSE,,,
6608-qqlvk,,FALSE,,,
0298-xacet,"i have been a loyal customer of this dsl internet service provider for over four years now and have never experienced any issues that would make me want to switch providers. the monthly charges are reasonable at $50.2 and i appreciate being able to pay by mailed check. overall, i am satisfied with the service and plan to continue with this provider for the foreseeable future.",TRUE,positive,0.9087628126144409,2
7560-qjavj,,FALSE,,,
2995-ywtcd,,FALSE,,,
3551-huazh,"i signed up for the fiber optic internet service with this provider a month ago and unfortunately, i have already decided to churn. the monthly charges of $74.4 were reasonable",TRUE,negative,0.8349466323852539,0
9137-uiypg,"i have been a customer with this company for over 2 and a half years now and i have been very satisfied with the service. the fiber optic internet is fast and reliable, and i have not experienced any issues with the connection. the monthly charges are reasonable for the quality of service i am receiving. i appreciate the convenience of being able to pay with electronic check. overall, i have had a positive experience with this company and would recommend them to others.",TRUE,positive,0.9664728045463562,2
2809-zmyoq,,FALSE,,,
5084-oovcj,"i have been a customer with this internet provider for 17 months now on a month-to-month contract. i have been satisfied with the service overall. the monthly charges of $55.35 are reasonable for the dsl internet service i receive. i appreciate the convenience of automatic credit card payments. i have not experienced any issues with the service, so i have not had any reason to consider churning to a different provider. overall, i am happy with the service and plan to continue using this provider in the future.",TRUE,positive,0.9489809274673462,2
0254-wwrkd,,FALSE,,,
7727-shvzv,,FALSE,,,
6302-jgyrj,,FALSE,,,
5339-pxdvh,,FALSE,,,
2205-lpvgl,,FALSE,,,
8782-nuuol,,FALSE,,,
3685-ylcmq,,FALSE,,,
7601-wfvzv,,FALSE,,,
4609-knnwg,"i have been a customer with this company for over two years now and have been satisfied with the service. even though i do not have internet service with them, i appreciate the affordable monthly charges and the option to pay by mailed check. overall, i have had no issues and am happy to continue my contract with them.",TRUE,positive,0.9444324970245361,2
4868-aadlv,,FALSE,,,
9529-ofxhy,,FALSE,,,
8634-mphtr,,FALSE,,,
2669-qvcrg,"i have been a customer with this company for 41 months now and have been very satisfied with the service. the fiber optic internet service has been reliable and fast, and i have had no issues with billing or payments. i appreciate the convenience of automatic credit card payments and the flexibility of the month-to-month contract. the monthly charges are reasonable for the quality of service provided. overall, i have no complaints and would recommend this company to others.",TRUE,positive,0.9685878157615662,2
2478-eewwm,,FALSE,,,
9174-ihetn,,FALSE,,,
2233-txsiu,,FALSE,,,
9644-umgqa,,FALSE,,,
3256-ezdbi,,FALSE,,,
8761-nsobc,,FALSE,,,
0419-yaapx,,FALSE,,,
8413-vonuo,,FALSE,,,
0872-caszj,i have been a customer with this company for almost 5 years now and i have been satisfied with the dsl internet service they provide. the monthly charges ar,TRUE,positive,0.9143140316009521,2
4726-dlwqn,,FALSE,,,
8164-ockuj,,FALSE,,,
3094-jojai,i have been a customer with this internet service provider for 18 months now and have been really satisfied with the fiber optic internet service. the speed and reliability have been great for my needs. i appreciate the flexibility of the month-to-month contract and the monthly,TRUE,positive,0.9806375503540039,2
9494-mrnyx,,FALSE,,,
2599-czabp,,FALSE,,,
7945-prbvf,,FALSE,,,
4544-rxfmg,,FALSE,,,
0859-ygkfw,,FALSE,,,
1150-ftqgn,,FALSE,,,
9223-ucpvt,i recently switched to this fiber optic internet service provider and unfortunately had to cancel after just one month due to some unforeseen circumstances. the s,TRUE,negative,0.8863698840141296,0
7196-liwrh,,FALSE,,,
5448-vwnam,,FALSE,,,
1177-xzbjl,,FALSE,,,
3518-fstwg,,FALSE,,,
9330-vofsz,,FALSE,,,
4351-qlcsu,,FALSE,,,
0939-eremr,"i have been a customer with this dsl internet service provider for 13 months now and i have been satisfied with the service so far. the monthly charges of $53.45 are reasonable and the internet connection has been reliable. even though i have to pay by mailing a check each month, the process has been smooth and hassle-free. overall, i have had a positive experience with this provider and would recommend them to others.",TRUE,positive,0.9594931602478027,2
9389-acwbi,,FALSE,,,
5419-jprrn,,FALSE,,,
3644-qxehn,,FALSE,,,
2911-ijorq,i have been a customer with this company for 37 months now and i have been satisfied with their dsl internet service. the monthly charges of $90.6 are reasonable for the speed and reliability of the internet connection. i appreciate the convenience of the automatic ban,TRUE,positive,0.9566785097122192,2
5921-ngyrh,,FALSE,,,
2100-bdnsn,"i recently cancelled my dsl internet service after 5 months with the provider. i found that the monthly charges of $67.95 were a bit high for the speed and reliability of the internet service i was receiving. despite being on a month-to-month contract, i decided to switch to a different provider that offered a better value for my money. the automatic bank transfer payment method was convenient, but ultimately i was not satisfied with the overall service provided.",TRUE,negative,0.8491345643997192,0
5998-dzlyr,,FALSE,,,
0488-gslfr,"i recently switched to this fiber optic internet service provider on a month-to-month contract. i was initially drawn in by the competitive pricing of $69.5 per month. however, after just one month of service, i have decided to churn due to inconsistent speeds and unr",TRUE,negative,0.5140206813812256,0
9318-nknfc,,FALSE,,,
3985-hoypm,,FALSE,,,
9728-fttvz,"i recently switched to this fiber optic internet service provider and unfortunately, i had to churn after only 1 month. the mont",TRUE,negative,0.8775506019592285,0
9548-lerkt,"""i have been a customer with this company for 24 months now and i have not experienced any issues with them. i am on a two-year contract with a monthly charge of $19.75, which i find to be very reasonable. i do not have internet service with",TRUE,neutral,0.44179922342300415,1
6576-fbxoj,,FALSE,,,
4310-kedtb,,FALSE,,,
7254-iqwoz,"i recently signed up for fiber optic internet service with this provider on a month-to-month contract. i was initially impressed with the speed and reliability of the service. however, after just one month, i decided to cancel due to unforeseen circumstances",TRUE,positive,0.4801068902015686,2
2474-brucm,,FALSE,,,
4062-hbmos,"i have been a customer with this company for over four years now and have been very satisfied with the service provided. the fiber optic internet service has been reliable and fast, and i have experienced very few interruptions. the monthly charges are reasonable for the quality of service rec",TRUE,positive,0.9720333814620972,2
0742-nxbgr,,FALSE,,,
2676-ishsf,"i have been a customer with this company for just one month now and so far i am satisfied with the service. the monthly charges are reasonable at $20.3 and i appreciate the flexibility of the month-to-month contract. however, i do not use their internet service s",TRUE,positive,0.8624752759933472,2
9236-nducw,,FALSE,,,
4753-padas,,FALSE,,,
6103-qckfx,,FALSE,,,
7781-ewara,i have been a customer with this company for 70 months now and i have been very satisfied with the service. the dsl internet service has been reliable,TRUE,positive,0.974494994,2
6110-ohihy,,FALSE,,,
7018-fpxhh,,FALSE,,,
5889-lfoll,,FALSE,,,
5708-evonk,"i have been a customer with this company for almost 5 years now, and i recently decided to cancel my service. the monthly charges were quite high at $93.4, and i found a better deal with another provider. i was on a month-to-month contract, so it was easy for me to switch. the service itself was reliable during my time with them, as i had fiber optic internet. i appreciated the convenience of automatic bank transfer for payments. overall, i had a positive experience with the company, but ultimately decided to leave for a more affordable option.",TRUE,neutral,0.4940159320831299,1
8708-xpxhz,,FALSE,,,
0616-atfgb,,FALSE,,,
0572-zjklt,,FALSE,,,
5135-rddql,,FALSE,,,
1353-ljwem,,FALSE,,,
1794-swwkl,i have been a customer with this internet service provider for 15 months now on a month-to-month contract with automatic bank transfer payments. i have been satisfied with the dsl internet service provided for the monthly charge of $59.65. the automatic payment method has been convenient and hassle-free. i,TRUE,positive,0.8989887833595276,2
6166-yipfo,,FALSE,,,
7016-bpgeu,i have been a customer with this company for almost 2 and a half years on a month-to-month contract with dsl internet service. i recently decided to cancel my,TRUE,negative,0.7368942499160767,0
6876-adesb,"""i recently signed up for dsl internet service with this provider on a month-to-month contract. unfortunately, after only 1 month of service, i have decided to cancel due to slow and unreliable internet speeds. the monthly charges of $48.95 were reasonable, but the performance of the service did not meet my expectations. i found the payment method of electronic check to be convenient and easy to use. overall, i was disappointed with the service and have decided to switch to a different provider.""",TRUE,negative,0.9148867726325989,0
9332-gywlo,,FALSE,,,
1963-svucv,,FALSE,,,
4184-vodjz,,FALSE,,,
0220-ebgce,,FALSE,,,
1092-wpivq,,FALSE,,,
7233-ioqnp,i have been a loyal customer for 43 months and have been on a month-to-month contract with dsl internet service. i have never experienced any issues with churn and have found the $34 monthly charge to be very reasonable. the,TRUE,positive,0.8816105127334595,2
2834-jkoow,,FALSE,,,
2754-vdltr,,FALSE,,,
2400-feqme,"i have been a customer with this company for over 4 years now and i have been satisfied with the service. even though i do not have internet service with them, i appreciate the affordable monthly charges and the convenience of being able to pay via mailed check. i have had no issues with my service and have no plans to switch providers in the near future.",TRUE,positive,0.9444354772567749,2
3190-xfani,,FALSE,,,
7551-dacsp,,FALSE,,,
4957-sreec,"i have been a customer with this company for 70 months now and i am pleased to say that i have never had any issues with churn. the two-year contract has been hassle-free and the monthly charges of $20.35 are very reasonable. i do not have internet service with this company, but i have found that my credit card payment method on automatic has made the billing process very convenient. overall, i am satisfied with the service and would recommend it to others.",TRUE,positive,0.9524036049842834,2
7235-nxzcp,,FALSE,,,
0230-ubypq,,FALSE,,,
4923-adwxj,i have been a customer with this company for 25 months now and i am very satisfied with the service. the monthly charges are reasonable at $65.8 and i appreciate the co,TRUE,positive,0.9783207178115845,2
1763-kuaaw,,FALSE,,,
1104-tnlza,"i have been a customer with this company for 28 months now and i have been extremely satisfied with the service. the fiber optic internet is fast and reliable, and i have never experienced any issues with connectivity. the monthly charges of $105.80 are reasonable for the quality of service provided. i appreciate the convenience of being able to pay with electronic check each month. overall, i have had a great experience with this company and have no plans to churn in the near future.",TRUE,positive,0.9717108607292175,2
5195-kpunq,,FALSE,,,
0520-fdvvt,,FALSE,,,
3439-gvusx,,FALSE,,,
1444-vvsgw,,FALSE,,,
5712-ptiww,,FALSE,,,
5949-hgvjl,,FALSE,,,
5203-xehax,,FALSE,,,
1635-hdgft,"i have been a customer with this company for 19 months now and i have had a positive experience overall. the monthly charges are reasonable at $20.5 and i appreciate the option to pay by mailing a check. however, i do not have internet service with this company so i cannot speak to that aspect of their services. overall, i am satisfied with my experience and have not experienced any issues that would make me consider churning.",TRUE,positive,0.9082848429679871,2
3315-totbp,,FALSE,,,
8050-xgrvl,i have been a customer with this dsl internet service provider for over five years now and i have been very satisfied with the service. the monthly charges are affordable at $54.75 and i appreciate the convenience of automatic credit card payments. the internet service has,TRUE,positive,0.9750918745994568,2
6661-hbgwl,,FALSE,,,
1518-vowav,,FALSE,,,
9828-qhfbk,,FALSE,,,
3908-mkimj,,FALSE,,,
5012-yspjj,"""i have been a customer with this company for over 2 and a half years now and i have been very satisfied with the service. the dsl internet is reliable and the mon",TRUE,positive,0.9702648520469666,2
5909-echui,,FALSE,,,
1309-bxvoq,,FALSE,,,
6728-voify,"i have been a customer with this company for over five years and have been extremely satisfied with the service provided. the fiber optic internet service has been reliable and fast, and the monthly charges are reasonable for the quality of service received. i appreciate the convenience of paying with electronic check and have had no issues with billing. overall, i have no complaints and would highly recommend this company to others.",TRUE,positive,0.9755302667617798,2
9317-wzpgv,"i recently switched to this fiber optic internet service and unfortunately had to churn after only 2 months. the monthly charges of $79.75 were reasonable, but i had some issues with the reliability of the service. i paid through bank transfer automatically, which was convenient. overall, i was disappointed with the service and had to cancel my contract.",TRUE,negative,0.8894254565238953,0
4891-nluba,,FALSE,,,
2856-hyapg,"i recently switched to this fiber optic internet service provider about a month ago, and unfortunately i have already decided to cancel my service. while the internet speed was decent, i found the monthly charges of $68.65 to be too high for what i was getting. additionally, i had some issues with the elec",TRUE,negative,0.9043257832527161,0
8969-prhfk,,FALSE,,,
0661-kqhnk,,FALSE,,,
8709-krdvl,,FALSE,,,
4488-psycg,,FALSE,,,
1427-versm,,FALSE,,,
9801-noshq,,FALSE,,,
6339-ypsah,"i have been a customer with this company for 9 months now and i have been very satisfied with their service. the fiber optic internet service has been reliable and fast, and i have not experienced any issues with connectivity. the monthly charges of $73.8 are reasonable for the quality of service i am receiving. i also appreciate the convenience of being able to pay with an electronic check. overall, i would highly recommend this company to others looking for a reliable internet service provider.",TRUE,positive,0.9719498157501221,2
3621-ceovk,,FALSE,,,
6906-andwj,"i recently decided to cancel my service with this company after being a customer for 15 months. the monthly charges of $74.9 for fiber optic internet were reasonable, but i found a better",TRUE,negative,0.8459517955780029,0
2159-turxx,,FALSE,,,
1548-fehvl,,FALSE,,,
3795-cawex,,FALSE,,,
6215-nqcpy,,FALSE,,,
5647-urdka,,FALSE,,,
2229-dpmbi,,FALSE,,,
9626-weqrm,,FALSE,,,
2188-sxwvt,"i have been a customer with this company for 34 months now and i have been satisfied with the dsl internet service they provide. the monthly charges of $55.0 are reasonable for the speed and reliability i receive. i appreciate being able to pay with a mailed check as it is convenient for me. overall, i have had no issues with the service and have not experienced any reason to churn. i would recommend this company to others looking for reliable internet service.",TRUE,positive,0.9527798295021057,2
6258-pvzwj,,FALSE,,,
1094-bkosx,,FALSE,,,
6969-mvbai,"i have been a customer with this company for 9 months now and i have been very satisfied with the service. the fiber optic internet is fast and reliable, and the monthly charges of $90.1 are reasonable for the quality of s",TRUE,positive,0.9780442118644714,2
2978-xxsog,,FALSE,,,
2342-ckiao,,FALSE,,,
6953-pbdin,"i have been a customer with this dsl internet provider for over 5 years now and have been very satisfied with their service. the automatic bank transfer payment method is convenient and hassle-free. the monthly charges are reasonable at $72.95 and i have not experienced any issues with the service or billing. overall, i would highly recommend this provider to others looking for reliable and affordable internet service.",TRUE,positive,0.9694610834121704,2
3898-bsjyf,,FALSE,,,
3938-yfpxd,,FALSE,,,
7696-amhod,,FALSE,,,
2453-safns,"i have been a customer with this company for over four and a half years and i have been satisfied with the dsl internet service they provide. the monthly charges of $72.1 are reasonable and i appreciate the option to pay via mailed check. overall, i have had no issues with the service and have not had any reason to consider switching providers.",TRUE,positive,0.9352092146873474,2
9558-ihezx,,FALSE,,,
9617-udpeu,,FALSE,,,
6340-dacft,,FALSE,,,
4955-vcwbi,,FALSE,,,
6813-gzqcg,"i have been a customer with this company for 45 months now and i am very satisfied with the service. the automatic credit card payment makes it convenient for me to pay my monthly bill on time. even though i do not have internet service with them, the monthly charges of $24.65 for my contract type of two years are very reasonable. i have had no issues with the service and have no plans to churn. overall, i would highly recommend this company to others.",TRUE,positive,0.9640952348709106,2
7426-gswpo,,FALSE,,,
3389-ktrxv,,FALSE,,,
3118-uhvvq,,FALSE,,,
1031-iideo,,FALSE,,,
5832-xkaes,,FALSE,,,
3205-mxzra,,FALSE,,,
4701-ahwmw,,FALSE,,,
8317-bvkso,i have been a customer with this company for 14 months now and i have been very satisfied with the service. the month-to-month contract option wor,TRUE,positive,0.9703181385993958,2
5702-kvqrd,,FALSE,,,
0083-pivik,,FALSE,,,
9210-iahgh,,FALSE,,,
6169-pgncd,i have been a customer with this company for 57 months now and i have been very satisfied with the service. the dsl internet service has been reliable and the monthly charges of $74.3 are reaso,TRUE,positive,0.975191057,2
0023-xuopt,,FALSE,,,
4592-iwtji,"i recently started using this dsl internet service on a month-to-month contract for the past 3 months. the monthly charges were reasonable at $29.70 and i opted for automatic credit card payments for convenience. however, i experienced frequent outages and slow speeds during my time with the service, which ultimately led me to cancel and churn to a different provider. i was disappointed with the overall reliability and performance of the internet service.",TRUE,neutral,0.5622168183326721,1
4909-joupp,,FALSE,,,
4657-fwvfy,"i have been a customer with this company for 40 months now and i have been really satisfied with the service. the fiber optic internet is super fast and reliable. the monthly charges of $96.35 are reasonable for the quality of service i receive. i appreciate the convenience of the automatic credit card payment method. overall, i have no complaints and have no plans to churn in the near future. highly recommend this company for anyone looking for reliable internet service.",TRUE,positive,0.979351282,2
2257-bovxd,"i have been a customer with this dsl internet service provider for 14 months now and i have been satisfied with the service so far. the monthly charges of $66.6 are reasonable for the speed and reliability of the internet connection. i appreciate the convenience of the automatic credit card payment method and have not experienced any issues with billing. overall, i have no complaints and am happy to continue with this month-to-month contract.",TRUE,positive,0.9509673118591309,2
7729-jteec,"""i have been using the dsl internet service for the past 2 months and i am satisfied with the connection speed and reliability. the monthl",TRUE,positive,0.91192627,2
7632-mnyoy,,FALSE,,,
6518-lgaov,,FALSE,,,
7242-qzlxf,"i recently signed up for dsl internet service with this provider on a month-to-month contract. unfortunately, after just one month, i decided to cancel due to slow speeds and inconsistent connection. the monthly charges were reasonable at $25.3, but the service did not meet my expectations. i also had issues with the electronic check payment method, as it was not as convenient as i had hoped. overall, i was not satisfied with the service and decided to switch to a different provider.",TRUE,negative,0.9153599143028259,0
4576-csajh,,FALSE,,,
1000-ajsld,i recently canceled my service after only 1 month with this company. i was on a month-to-month contract and was paying $20.1 per month. unfortunate,TRUE,negative,0.9216264486312866,0
9696-rmyba,,FALSE,,,
8690-upczi,"i have been a customer with this dsl internet service provider for almost 2 and a half years now and i have been quite satisfied with their service. the monthly charges are reasonable at $69.05 and i appreciate the convenience of automatic bank transfers for payment. the connection has been reliable and i have not experienced any issues with downtime. overall, i have no complaints and am happy to continue using this service.",TRUE,positive,0.96140933,2
1062-lhzod,,FALSE,,,
9770-lxdbk,,FALSE,,,
4086-witjg,,FALSE,,,
8344-wfmfh,i have been a customer with this company for 9 months now and i am happy to say that i have no plans of leaving anytime soon. the month-to-month contract is convenient for me and the $50.1 m,TRUE,positive,0.9470826983451843,2
9600-naxzn,,FALSE,,,
8822-knbhv,,FALSE,,,
8404-fydib,,FALSE,,,
2791-sfvew,,FALSE,,,
6457-usber,"i recently signed up for fiber optic internet service with this provider on a month-to-month contract. unfortunately, after just one mon",TRUE,negative,0.7853497266769409,0
6762-nsodu,"i have been a customer for 46 months now and have had a two-year contract with automatic credit card payments. i have been pleased with the consistent monthly charges of $19.4 and have not experienced any issues with churn. however, i do wish there was an option for internet service as i currently do not have access to it through my provider. overall, i have been satisfied with my service and would recommend it to others.",TRUE,positive,0.8217155933380127,2
4662-ekdpq,,FALSE,,,
9248-ojykk,,FALSE,,,
9888-zcumm,,FALSE,,,
3398-fshon,,FALSE,,,
3319-dwoep,"i recently switched to this internet service provider six months ago and i have been very satisfied with the fiber optic internet service. the speed and reliability have been excellent. however, i was disappointed to find out that there was a price increase in my monthly charges after the first few months. as a month-to-month customer, i was not locked into a contract, but i would have ap",TRUE,positive,0.9174948930740356,2
1074-wvevg,,FALSE,,,
9979-rgmzt,,FALSE,,,
6437-udqjm,i have been a customer with this dsl internet service provider for 6 years now and i have been very satisfied with the service. the monthly charges,TRUE,positive,0.9603633880615234,2
1226-ienzn,,FALSE,,,
2108-glpqb,,FALSE,,,
9259-pacgq,,FALSE,,,
4415-ijztp,,FALSE,,,
1465-vindh,,FALSE,,,
5474-lamuq,,FALSE,,,
3468-drvqj,"i have been a customer with this internet service provider for 10 months now and i have been very satisfied with the service. the dsl internet has been reliable and the monthly charges of $70.3 are reasonable for the speed and quality of service i receive. i appreciate the convenience of paying with electronic check and have had no issues with billing or payments. overall, i have no complaints and do not plan on churning anytime soon. highly recommend this provider for reliable internet service.",TRUE,positive,0.9699175953865051,2
1122-yjbcs,,FALSE,,,
4990-aldgw,,FALSE,,,
4816-okwnx,"i have been a loyal customer with this company for 50 months now and i am extremely satisfied with the service i have received. the fiber optic internet service has been reliable and fast, and the monthly charges of $103.4 are reasonable for the quality of service provided. the automatic bank transfer payment method is convenient and hassle-free. i have had no issues with my service and have no plans to churn in the near future. i would highly recommend this company to others looking for a reliable internet service provider.",TRUE,positive,0.9768387675285339,2
3315-ikyzq,,FALSE,,,
2810-ftlem,,FALSE,,,
4747-lcaql,,FALSE,,,
3411-wlrsq,,FALSE,,,
0898-xcgtf,,FALSE,,,
8006-pycsw,"i have been a customer with this company for 2 months now on a month-to-month contract. i do not have internet service with them, s",TRUE,negative,0.9047125577926636,0
8249-thvec,"i have been a customer with this company for over four years now and i have been very satisfied with the service. despite not having internet service, the monthly charges are very a",TRUE,positive,0.9366494417190552,2
8722-prfdv,,FALSE,,,
2164-soqxl,"i have been a customer with this company for 20 months now and have been satisfied with their service. even though i do not have internet service with them, i appreciate the affordable monthly charges of $20.05 and the flexibility",TRUE,positive,0.9500735402107239,2
4020-kiudi,,FALSE,,,
5850-bdwcy,,FALSE,,,
2038-yseze,i have been a customer for almost 2 and a half years now and i have been satisfied with the dsl internet service provided by this company. the monthly charges are reasonable at $67.45 and i appreciate the flexibili,TRUE,positive,0.9608210921287537,2
0827-itjph,,FALSE,,,
8799-oxzmd,,FALSE,,,
1925-tible,,FALSE,,,
1705-guhpv,,FALSE,,,
4779-zgick,,FALSE,,,
0048-pihnl,,FALSE,,,
0818-ocpzo,,FALSE,,,
3967-kxaps,,FALSE,,,
1447-giqmr,,FALSE,,,
3704-ieaxf,,FALSE,,,
6810-vcaex,,FALSE,,,
0674-eyyzv,,FALSE,,,
4480-mbmlb,,FALSE,,,
1395-ofuwc,,FALSE,,,
0822-qgcxa,,FALSE,,,
0872-nxjys,,FALSE,,,
2832-kjcrd,"i have been a customer with this company for 38 months now and i have had a great experience so far. the fiber optic internet service is fast and reliable, and i have never experienced any issues with connectivity. the monthly charges of $103.65 are reasonable for the quality of service i receive. i appreciate the convenience of paying with electronic check and overall, i am satisfied with my month-to-month contract. i have no plans to churn and will continue to be a loyal customer.",TRUE,positive,0.9711400866508484,2
3588-wsttj,,FALSE,,,
5090-emgtc,"i have been a customer with this company for nearly 5 years and have been very satisfied with their fiber optic internet service. the monthly charges of $100.05 are reasonable for the quality of service i receive. i appreciate being able to pay by mailing a check, as it is convenient for me. overall, i have had no issues with the company and have no plans to churn in the near future. highly recommend their services.",TRUE,positive,0.9575825333595276,2
2346-czyil,,FALSE,,,
3798-epwrr,i have been using dsl internet service with this provider for 2 months now on a month-to-month contract. i am pleased with the reliable service and the affordable monthly charge of $43.95. the paym,TRUE,positive,0.9596625566482544,2
6258-ngcng,i have been a customer with this company for 7 months now and i am very satisfied with the service. the monthly charges are very reasonable at $23.5 and the month-to-month contract gives me flexibility. even though i,TRUE,positive,0.9713454246520996,2
4186-zbuew,,FALSE,,,
5274-xhaky,,FALSE,,,
1442-bqpvu,,FALSE,,,
3978-ynkdd,"i have been a customer with this company for 19 months now and i am satisfied with the service. the monthly charges are affordable at $20.85 and i appreciate the convenience of automatic credit card payments. although i do not have internet service with this provider, i have not experienced any issues or disruptions with my current services. overall, i am happy with my experience and would recommend this company to others.",TRUE,positive,0.9639180898666382,2
4940-khcwd,,FALSE,,,
9412-argbx,"i was a customer with this company for 48 months on a two-year contract. i had fiber optic internet service with a monthly charge of $95.5. unfortunately, i recently decided to churn and discontinue my services with this company. i found that the payment method of mailing a check was inconvenient and the overall service did not meet my expectations. i hope that the company can improve their payment options and customer service in the future.",TRUE,negative,0.8662375211715698,0
1389-cxmlu,,FALSE,,,
9589-abept,,FALSE,,,
9388-zeyvt,,FALSE,,,
0305-sqecb,,FALSE,,,
7605-snlqg,,FALSE,,,
4670-tabxh,,FALSE,,,
5561-nwevx,"i recently switched to this fiber optic internet service provider and unfortunately, i have already decided to churn after only 2 months. the monthly charges of $79.2 were reasonable, but i had issues with the reliability of the service. there were frequent outages and slow speeds, which made it difficult for me to work from home. i also experienced difficulties with the electronic check payment method, as it was not always processed in a timely manner. overall, i was not satisfied with the service and will be looking for a new provider.",TRUE,negative,0.9124706983566284,0
0064-sudog,,FALSE,,,
8561-nmtbd,,FALSE,,,
5161-xeuvx,,FALSE,,,
8292-frfzq,,FALSE,,,
8591-nxrcv,,FALSE,,,
7895-vonwt,,FALSE,,,
4526-rmtll,"i have been a customer with this dsl internet service provider for 8 months now and i am very satisfied with the service. the monthly charges of $76.15 are reasonable for the speed and reliability of the internet connection. i appreciate the convenience of automatic credit card payments and have had no issues with billing. overall, i have had a positive experience and would recommend this provider to others.",TRUE,positive,0.9698680639266968,2
6253-gnhwh,,FALSE,,,
4566-necev,,FALSE,,,
8080-potjr,,FALSE,,,
6906-mpary,"i have been a customer with this company for 40 months now and i have been extremely satisfied with the service. the fiber optic internet service has been reliable and fast, allowing me to stream videos, work from home, and stay connected with friends and family without any issues. the automatic credit card payment method is convenient and hassle-free. the monthly charges of $89.6 are reasonable considering the quality of service provided. i have had no reason to consider churning and i highly recommend this company to anyone in need of reliable internet service.",TRUE,positive,0.970503569,2
3662-fxjfo,i have been a customer with this company for over four years now and i have never experienced any issues with my service. the monthly charges are very reasonable at $20.5 and i appreciate being a,TRUE,positive,0.9447882771492004,2
8107-rzlnv,,FALSE,,,
0516-oohar,,FALSE,,,
2027-cwdnu,,FALSE,,,
2737-wfvyw,,FALSE,,,
9912-omzds,,FALSE,,,
3733-zeecp,"i have been a customer of this dsl internet service provider for 22 months now, and i have been very satisfied with the service. the monthly charges are reasonable at $51.1 and the payment method through electronic check is convenient for me. i appreciate that i am on a month-to-month contract, as it gives me flexibility without being tied down to a long-term commitment. overall, i have had no issues with the service and have no plans to churn in the near future.",TRUE,positive,0.9650386571884155,2
7878-rtczg,,FALSE,,,
2452-mrmzf,,FALSE,,,
2272-qagfo,,FALSE,,,
7103-ipxpj,,FALSE,,,
4342-hfxws,,FALSE,,,
3545-cnwrg,,FALSE,,,
1785-bphtp,"i have been a customer with this company for 28 months now and i am extremely satisfied with the service. the fiber optic internet is fast and reliable, and i have had no issues with connectivity. the monthly charges of $85.45 are reasonable for the quality of service i receiv",TRUE,positive,0.9762444496154785,2
4989-lixvt,,FALSE,,,
7315-wyoaw,,FALSE,,,
1173-xzpyf,,FALSE,,,
9850-owrhq,,FALSE,,,
3768-nlubh,,FALSE,,,
8676-trmjs,,FALSE,,,
2509-tfpju,,FALSE,,,
9530-grmjg,,FALSE,,,
6898-rbtlu,,FALSE,,,
5481-ntdoh,"i have been a customer with this company for over five years and have been consistently satisfied with the service. the fiber optic internet service has been reliable and fast, and i have not experienced any issues with my connection. the automatic credit card payment m",TRUE,positive,0.9543364644050598,2
2068-wwxqz,"i have been with this company for 46 months now and i am very satisfied with the service. the automatic bank transfer payment method is convenient and hassle-free. even though i do not have internet service with them, the monthly charges of $20.05 for my two-year contract are very reasonable. overall, i have had no issues with this company and would recommend them to others.",TRUE,positive,0.9665789604187012,2
7359-ssbjk,,FALSE,,,
2061-vvfst,,FALSE,,,
0685-mlyym,,FALSE,,,
0749-irgqe,,FALSE,,,
2380-damqp,,FALSE,,,
2256-ylylp,,FALSE,,,
1272-ilhfg,,FALSE,,,
0164-xairp,"i have been a customer with this company for 24 months now and i have been very satisfied with their service. the automatic bank transfer payment method makes it convenient for me to pay my monthly bill on time. even though i do not have internet service with them, the low monthly charges of $19.55 for my other services are very reasonable. overall, i have had a positive experience with this company and have not experienced any issues that would make me want to churn.",TRUE,positive,0.9520731568336487,2
5666-cycyz,"i have been a customer with this internet service provider for 24 months now and i am extremely satisfied with their fiber optic service. the internet speeds are consistently fast and reliable, allowing me to stream movies, work from home, and video chat with ease. the monthly charges of $89.55 are fair for the quality of service i receive. i appreciate the convenience of being able to pay with electronic check each month. overall, i have had a positive experience with this provider and have no plans to switch or cancel my service.",TRUE,positive,0.9765649437904358,2
4011-arphk,,FALSE,,,
8182-pnagi,,FALSE,,,
6365-hitvu,i have been a customer with this dsl internet service provider for over 6 years now and i have been very satisfied with their service. the monthly charges are reasonable at $87.25 and i appreciate the conve,TRUE,positive,0.9729601144790649,2
7558-imlmt,,FALSE,,,
9488-fyqau,,FALSE,,,
3590-tcxtb,i have been a customer with this company for just one month and so far i am very satisfied with the service. the month-to-month contract option is,TRUE,positive,0.965531588,2
6994-kerxl,,FALSE,,,
7957-ryhqd,,FALSE,,,
2180-dxneg,,FALSE,,,
1960-uotym,,FALSE,,,
2740-jfbok,,FALSE,,,
6500-jvegc,"i have been a loyal customer of this internet service provider for 68 months now and i have been very satisfied with the service. the fiber optic internet has been reliable and fast, allowing me to stream videos, work from home, and connect multiple devices without any issues. the autom",TRUE,positive,0.978559136,2
5515-akoaj,,FALSE,,,
8976-oqhgt,,FALSE,,,
5245-vdbur,,FALSE,,,
6230-bsuxy,,FALSE,,,
8469-snffh,i have been a loyal customer of this dsl internet service provider for over 5 years now. the automatic bank transfer for payment has made it convenient for me,TRUE,positive,0.944423258,2
2144-eswko,i have been a customer with this dsl internet service provider for over 3 years now and i am extremely satisfied with the service. the automatic payment method makes it easy for me to keep up with my monthly bill without any hassle. the monthly charges are very reasonable at $35.2 and the connection has been reliable throughout my tenure. i have had no issues with churning and i appreciate the consistent service provided. i would highly recommend this provider to anyone looking for a reliable and affordable internet service.,TRUE,positive,0.9739807844161987,2
1241-fpmof,,FALSE,,,
9928-bzvlz,,FALSE,,,
4114-qmkvn,,FALSE,,,
9003-cpath,,FALSE,,,
1754-gkypy,,FALSE,,,
5294-cdgwy,,FALSE,,,
7956-xqwgu,,FALSE,,,
1591-mqjtp,,FALSE,,,
5295-pcjoo,,FALSE,,,
2369-fevno,"i have been a customer with this company for just one month and so far i am pleased with the service. the month-to-month contract option was convenient for me and the monthly charges of $19.90 are affordable. i do not have internet service with this company, so i cannot comment on that aspect. i appreciate the option to pay by mailed check a",TRUE,positive,0.9252657294273376,2
9863-jzaic,,FALSE,,,
7471-mqpos,,FALSE,,,
7660-hdpjv,,FALSE,,,
5115-sqaau,,FALSE,,,
9845-qomad,,FALSE,,,
7672-vfmxz,i have been a customer with this company for over 4 and a half years and have been satisfied with the service overall. the monthly charges are reasonable at $55.7 and i appreciate the convenience of p,TRUE,positive,0.9662061929702759,2
9739-jlpqj,"i have been a customer with this company for 6 years now and i have been extremely satisfied with the fiber optic internet service they provide. the automatic credit card payment method makes it convenient for me to pay my monthly bill on time without any hassle. the monthly charges of $117.5 are reasonable for the quality of service i receive. i have not experienced any issues with the service and have no plans to churn in the near future. overall, i highly recommend this company for their reliable internet service.",TRUE,positive,0.9619829654693604,2
9916-ayhtc,,FALSE,,,
3855-oncar,,FALSE,,,
1488-sysfc,,FALSE,,,
7931-pxhfc,,FALSE,,,
3990-qykbe,,FALSE,,,
0970-qxpxw,,FALSE,,,
3259-knmrr,,FALSE,,,
6120-rjklu,,FALSE,,,
9572-wuksb,,FALSE,,,
5893-kclgt,,FALSE,,,
0076-lveps,,FALSE,,,
3640-jqgjg,,FALSE,,,
4919-moavt,,FALSE,,,
1596-oqsps,,FALSE,,,
9867-xobqa,,FALSE,,,
9546-kdtrb,,FALSE,,,
3090-hawsu,,FALSE,,,
9820-rmcqv,,FALSE,,,
3174-rkmow,,FALSE,,,
1760-cazht,"i have been a customer with this company for 25 months now and have always been satisfied with the service. even though i do not have internet service with them, i appreciate the affordable monthly c",TRUE,positive,0.9587539434432983,2
7839-qrkxn,,FALSE,,,
8441-shipe,"i have been a customer with this company for over five years now and i have never had any issues with their service. i appreciate the convenience of the automatic bank transfer payment method and the affordable monthly charges. even though i do not have internet service with them, i have been satisfied with their other offerings. overall, i am happy with my experience as a customer and would recommend this company to others.",TRUE,positive,0.9428479671478271,2
5204-qzxpu,"i recently cancelled my dsl internet service after being a customer for 19 months. the monthly charges were reasonable at $39.65, but i ultimately decided to switch providers due to slow and unreliable internet speeds. the month-to-month contract was convenient for me, and i appreciated being able to pay with electronic check. overall, i was satisfied with the pricing and payment options, but the quality of the service ultimately led to my decision to churn.",TRUE,negative,0.5122480988502502,0
4597-elfts,,FALSE,,,
1320-gvnht,,FALSE,,,
1047-rnxzv,,FALSE,,,
3541-znuhk,,FALSE,,,
8450-jovah,,FALSE,,,
8725-jedfd,,FALSE,,,
7562-uxtpg,"i have been a customer with this company for 13 months now and i am very satisfied with the service. the fiber optic internet service has been reliable and fast, and i have had no issues with connectivity. the monthly charges of $70.15 are reasonable for the quality of service i am receiving. i appreciate the option to pay by mailed check as it is convenient for me. overall, i have had a positive experience with this company and have no plans to churn in the near future.",TRUE,positive,0.9683171510696411,2
8071-sbtrn,,FALSE,,,
1113-iujyx,,FALSE,,,
6668-cnmfp,,FALSE,,,
5626-mgtuk,,FALSE,,,
5681-lloei,,FALSE,,,
8212-djrch,,FALSE,,,
4323-ohfow,"i have been a loyal customer of this fiber optic internet service provider for over 5 years now and i couldn't be happier with the service. the automatic bank transfer payment method makes it convenient for me to never miss a payment and the speeds are consistently fast and reliable. even though the monthly charges are on the higher side at $105.55, i believe it is worth every penny for the quality of service i receive. i have never experienced any issues with connectivity or downtime, and i am glad to say that i have no plans to churn anytime soon.overall, i highly recommend this provider to anyone looking for a dependable internet service.",TRUE,positive,0.9768264889717102,2
4933-bsaip,"i have been a customer with this company for 40 months now and have been satisfied with their service. i appreciate the affordable monthly charges of $19.1 and the option to pay with a mailed check. however, i do wish they offered internet service as part of their package. overall, i have had a positive experience and would recommend this company to others.",TRUE,positive,0.9440378546714783,2
2030-btzro,,FALSE,,,
1116-dxxdf,i have been a customer with this company for 39 months now and i have been extremely satisfied with the service. the fiber optic internet service ha,TRUE,positive,0.9770722389221191,2
9274-cnfmo,,FALSE,,,
7758-xkcbs,i recently decided to cancel my service with this provider after being with them for 15 months on a month-to-month contract. i found that the $29.7 monthly charges for dsl internet were not worth it for the quality of service i was receiving. the payment method of electronic check was conve,TRUE,negative,0.907905102,0
8992-jqyun,,FALSE,,,
6563-vnpmn,"i have been a customer with this company for 45 months now and i am extremely satisfied with the service. the fiber optic internet is fast and reliable, and i have had no issues with connectivity. the automatic bank transfer for payment is conven",TRUE,positive,0.9771321415901184,2
0617-aqnwt,,FALSE,,,
2267-wtpyd,,FALSE,,,
0270-thenm,,FALSE,,,
2446-plqvo,"i recently signed up for fiber optic internet service with this provider on a month-to-month contract. unfortunately, after only one month, i decided to cancel my service due to some unforeseen circumstances. the monthly charges were reasonable at $70.3, and i appreciated the convenience of being able to pay with an electronic check. overall, i had a positive experience with the service during my short tenure.",TRUE,negative,0.5360717177391052,0
4707-maxgu,"i have been a customer with this company for 6 years now and i have had no issues with my service. the automatic payment method makes it convenient for me to pay my bill on time every month. even though i do not have internet service with this company, i am satisfied with my monthly char",TRUE,positive,0.9148479700088501,2
2710-wyvxg,,FALSE,,,
3005-nfmta,,FALSE,,,
6300-bwmjx,"i have been a customer with this company for almost 5 years now and i must say i am extremely satisfied with the service i have received. the fiber optic internet service is blazing fast and reliable, and i have never experienced any downtime. the monthly charges are reasonable at $93.35 and the convenience of paying with electronic check is a bonus. i appre",TRUE,positive,0.9791857600212097,2
8784-cgiln,,FALSE,,,
5389-ffvkb,,FALSE,,,
7009-lgeci,,FALSE,,,
8444-wridw,"i have been a customer with this company for over five and a half years, and i recently decided to cancel my service. while the fiber optic internet service was fast and reliable, i found that the monthly charges of $80.45 were becoming to",TRUE,negative,0.8494341373443604,0
5022-kvdqt,,FALSE,,,
7976-cicys,,FALSE,,,
1036-gudcl,,FALSE,,,
2005-dwqzj,"i have been a customer with this company for 8 months now and i am pleased to say that i have not experienced any issues with my service. even though i do not have internet service with them, i find the monthly charges of $19.05 to be reasonable. i prefer to pay by mailing a check and have had no problems with this payment method. overall, i am satisfied with my experience so far and plan to continue my contract with them for the remainder of the two years.",TRUE,positive,0.9184314012527466,2
8148-wocmk,,FALSE,,,
7815-pdthl,"i have been a loyal customer with this service provider for 35 months now and i have not experienced any issues with them. i am on a two year contract with a monthly charge of $20.2, which i find to be very reasonable. even though i do not have internet service with them, i am satisfied with the payment method of mailing a check as it is convenient for me. overall, i have had a positive experience with this company and would recommend them to others.",TRUE,positive,0.9214674830436707,2
9451-lpgoo,,FALSE,,,
9173-ivzvp,"i have been a customer with this company for over four years now and have been satisfied with the service overall. the monthly charges are reasonable at $20.9 and i appreciate the option to pay by mailed check. however, i do wish that internet service was available as an option as it would make my experience even better. overall, i have no complaints and have no intention of churning anytime soon.",TRUE,positive,0.9386850595474243,2
9129-uxerg,,FALSE,,,
3635-jbpsg,"i have been a customer with this internet service provider for 15 months now and i am overall satisfied with the service. the monthly charges are reasonable at $38.8 and the dsl internet service has been reliable. however, i do wish there were more flexible payment options available as i prefer to pay by mailed check. overall, i have had no issues with the service and would recommend it to others.",TRUE,positive,0.9528934955596924,2
7964-zrkkg,,FALSE,,,
5868-ywpdw,,FALSE,,,
6229-lsckb,,FALSE,,,
2025-jkfwi,,FALSE,,,
4078-sayyn,,FALSE,,,
1724-iqwnm,,FALSE,,,
8217-qyohv,,FALSE,,,
5546-queru,,FALSE,,,
9940-hpqpg,,FALSE,,,
6897-uubnu,,FALSE,,,
6127-iyjoz,,FALSE,,,
6618-ryatb,,FALSE,,,
8930-xotdp,,FALSE,,,
5916-qewpt,,FALSE,,,
5060-tquqn,,FALSE,,,
0531-xbkmm,,FALSE,,,
8465-sbrxp,,FALSE,,,
2408-psjve,,FALSE,,,
9079-yexqj,"i have been a customer for over four and a half years, opting for a month-to-month contract with fiber optic internet service at a monthly rate of $111.1. unfortunately, i have decided to churn as i have found a better deal with another provider. the payment method of electronic check was convenient and reliable throughout",TRUE,negative,0.5491369366645813,0
9700-zclot,,FALSE,,,
8738-jokar,,FALSE,,,
4534-wgcir,"i have been a customer with this company for nearly five years now and i have been very satisfied with the service. the automatic payment method makes it convenient for me to pay my bills on time without having to worry about missing a payment. the monthly charges are very reasonable at $25.15 for a two-year contract. while i do not have internet service with this company, i have had no issues with the other services that i do have. overall, i would highly recommend this company to others.",TRUE,positive,0.9574540257453918,2
1930-wnxsb,"i have been a customer with this company for almost 5 years now and i have been extremely satisfied with the service. the fiber optic internet is fast and reliable, and i have never experienced any major outages. the monthly charges are reasonable at $92.85 and i appreciate the convenience of paying with electronic check. overall, i have no complaints and i would highly recommend this company to others.",TRUE,positive,0.9731036424636841,2
2685-sreom,"i was a customer of this fiber optic internet service provider for 25 months on a month-to-month contract. the monthly charges were $89.1 and i paid using electronic check. unfortunately, i ended up churning as i found a better deal with another provider. the service itself was reliable and fast, but the price was a bit on the higher side compared to competitors. overall, i had a decent experience with this provider.",TRUE,negative,0.6539727449417114,0
3508-cfvzl,,FALSE,,,
0402-cqajn,,FALSE,,,
6692-udpjc,,FALSE,,,
1273-mteti,"i recently canceled my service with this company after only 4 months of being a customer. the monthly charges of $88.85 for fiber optic internet were reasonable, but i found that the service was not reliable enough for my needs. i also had issues with the pay",TRUE,negative,0.9234146475791931,0
0657-dogum,,FALSE,,,
5480-hprrx,,FALSE,,,
8792-aoroi,"""i have been a customer with this company for 8 months now and i have been quite satisfied with the dsl internet service they provide. the monthly charges of $65.5 are reasonable for the speed and reliability i receive. i appreciate the option to pay by mailed check as it is convenient",TRUE,positive,0.958283007,2
0295-pphdo,,FALSE,,,
5146-yyfrz,"i have been a customer with this company for 67 months now and i have been very satisfied with their service. the automatic bank transfer for payment has been convenient and hassle-free. even though i do not have internet service with them, i find the monthly charges of $19.95 to be very reasonable. overall, i have had no issues with this company and i am happy to continue my contract with them.",TRUE,positive,0.9650757312774658,2
1195-oiyej,,FALSE,,,
5906-cvlhp,,FALSE,,,
3452-srfeg,,FALSE,,,
4070-okwvh,,FALSE,,,
5297-mdoir,,FALSE,,,
6369-mcako,,FALSE,,,
4926-umjzd,,FALSE,,,
6848-hjtxy,,FALSE,,,
6341-aevkx,,FALSE,,,
4501-eqdrn,,FALSE,,,
2990-hwiml,,FALSE,,,
0682-usixd,,FALSE,,,
6976-bwglq,,FALSE,,,
7078-nvfam,i have been a customer with this company for 32 months now and i have been very satisfied with the service. the monthly charges are reasonable at $35.15 and i appreciate the option to pay,TRUE,positive,0.971137524,2
8065-qbyto,,FALSE,,,
2133-tsrrm,,FALSE,,,
7384-ghbpi,,FALSE,,,
7603-ushjs,"i recently decided to cancel my fiber optic internet service after being a customer for 12 months. while the service itself was reliable and fast, i found that the monthly charges of $73.75 were becoming too expensive for my budget. i appreciated the convenience of automatic credit card payments, but ultimately i had to prioritize my expenses and unfortunately internet service was one area where i could cut costs. i would recommend this service to others who are willing to pay a bit more for high-quality internet, but for those on a tighter budget, it may not be the most cost-effective option.",TRUE,negative,0.7482203841209412,0
7234-fecyn,"i recently canceled my subscription after 8 months of using the fiber optic internet service. while the speeds were consistently fast and reliable, i found the monthly charges of $101.35 to be too high for my budget. the opti",TRUE,negative,0.8436982035636902,0
2511-allcs,,FALSE,,,
3191-csnmg,,FALSE,,,
7952-oboyl,"i have been a customer with this company for 3 months now and i am overall satisfied with the service. the fiber optic internet service has been reliable and fast, which is important for my work and entertainment needs. the monthly charges of $89.85 are reasonable for the quality of service provided. however, i do wish there were more convenient payment options available as i prefer to pay by mailed check. overall, i have had a positive experience with this company and would recommend it to others.",TRUE,positive,0.9642868638038635,2
7470-dynoe,,FALSE,,,
7853-oetyl,,FALSE,,,
1545-actas,,FALSE,,,
5876-hzvzm,,FALSE,,,
1400-mmyxy,"""i recently canceled my fiber optic internet service after only 3 months with the company. the monthly charges of $105.90 were reasonable for the speed and reliability of the service. however, i found the billing process to be cumbersome and had issues with the electronic check payment method. overall, while the internet service itself was satisfactory, the billing and payment experience ultimately led me to churn.""",TRUE,negative,0.8678203821182251,0
5126-rcxyw,,FALSE,,,
3085-quozk,,FALSE,,,
2363-bjlsl,,FALSE,,,
1956-yifge,,FALSE,,,
3926-cuqzx,,FALSE,,,
7921-lmdfq,,FALSE,,,
2925-mxlsx,,FALSE,,,
5820-ptrym,,FALSE,,,
9609-benea,,FALSE,,,
6211-whmya,,FALSE,,,
4459-bbghe,,FALSE,,,
9945-psvip,"""i have been a customer with this company for 25 months now and i am overall satisfied with the service. the monthly charges of $18.7 are very reasonable and i appreciate the two year contract as it provides stability. however, i do wish there was an option for internet service as that would be convenient for me. i also prefer to pay with a mailed check and have not had any issues with the payment method. overall, i have not experienced any reason to churn and will continue to be a customer.""",TRUE,positive,0.938741922,2
1041-rxhra,,FALSE,,,
1750-cskkm,"i recently cancelled my dsl internet service after being with the provider for 9 months on a month-to-month contract. the monthly charges of $55.35 were reasonable, but i ultimately decided to switch to a different provider for better speeds and",TRUE,negative,0.7436519265174866,0
9108-ejfjp,,FALSE,,,
0530-ijvdb,,FALSE,,,
0508-sqwpl,i have been a loyal customer with this company for over 4 years now and i have been very satisfied with their service. i appreciate the convenience of automatic bank transfers for my monthly payments and the affordable monthly,TRUE,positive,0.9796976447105408,2
2215-zafgx,i have been a customer with this fiber optic internet service provider for 9 months now on a month-to-month contract. i have had no issues with churn and have found the service to be reliable and fast. the $85.5 monthly charges are reasonable for the quality of service i receive. i appreciate be,TRUE,positive,0.9392297267913818,2
8213-tazpm,,FALSE,,,
7142-hvgbg,,FALSE,,,
1304-segfy,,FALSE,,,
7242-edtyc,i have been a customer with this company for 44 months now and i have been very satisfied with the service. the automatic bank transfer payment method is convenient and hassle-free. the monthly charges of $19.55 for a two-year contract are very reasonable. although i do not have internet service with this comp,TRUE,positive,0.9625003337860107,2
2904-gguaz,"i have been a loyal customer of this internet service provider for the past 6 years and i am extremely satisfied with the quality of service i have received. the fiber optic internet service is fast and reliable, allowing me to stream videos, work from home, and stay connected with friends and family without any interruptions. the automatic bank transfer payment method makes",TRUE,positive,0.9762852787971497,2
8267-znyvz,,FALSE,,,
5136-gfpmb,,FALSE,,,
2595-kiwpv,,FALSE,,,
5243-saotc,,FALSE,,,
9398-mmqto,,FALSE,,,
7619-plrlp,,FALSE,,,
6457-girwb,,FALSE,,,
6508-njyro,,FALSE,,,
1450-skcvi,,FALSE,,,
4710-nkcaw,"i have been a customer with this dsl internet service provider for the past 5 months and i am overall satisfied with the service. the monthly charges of $64.4 are reasonable for the quality of internet service i receive. i appreciate the convenience of automatic credit card payments and have had no issues with billing or payments. i have not experienced any disruptions in service or downtime,",TRUE,positive,0.9506476521492004,2
5306-bvtkj,,FALSE,,,
0357-nvcri,,FALSE,,,
5570-ptweh,"i recently had to cancel my service with this provider after only 3 months due to moving to a new area. the monthly charges of $75.15 were fair for the fiber optic internet service i received. the automatic credit card payment method was convenient and hassle-free. overall, i was satisfied with the service during my short tenure and would consider using them again in the future.",TRUE,neutral,0.4763665497303009,1
2371-kfuog,"i have been a customer with this company for nearly 5 years now and i have been extremely satisfied with the service provided. the fiber optic internet service has been reliable and fast, allowing me to stream videos, work from home, and connect multiple devices without any issues. the automatic bank transfer payment method makes it convenient for me to pay my monthly bill without having to worry about missing a payment. although the monthly charges are on the higher side at $99.15, i feel that the quality of service i receive justifies the cost. overall, i have no complaints and would highly recommend this company to others.",TRUE,positive,0.9693356156349182,2
0463-zsdnt,,FALSE,,,
6502-mjqae,,FALSE,,,
6257-dtayd,,FALSE,,,
4616-ulaoa,,FALSE,,,
7693-lckzl,"""i recently switched to this fiber optic internet service provider about 5 months ago on a month-to-month contract. the monthly charges of $80.15 were reasonable for the speed and reliability of the service. however, i have decided to churn and switch to another provider due to some connectivity issues i experienced. i paid my bills using electr",TRUE,neutral,0.6655816435813904,1
7746-awnqw,,FALSE,,,
5996-ebtkm,,FALSE,,,
2758-rnwxs,,FALSE,,,
2314-tndjq,,FALSE,,,
2405-lbmuw,,FALSE,,,
3454-jfubc,,FALSE,,,
0032-pgels,"i recently signed up for dsl internet service with this provider on a month-to-month contract. the monthly charges were reasonable at $30.5, and i set up automatic bank transfers for payment convenience. however, after just 1 month of service, i decided to churn and switch to a different provider. the internet service wa",TRUE,neutral,0.7627043128013611,1
9039-zvjdc,,FALSE,,,
6797-lnaqx,,FALSE,,,
9013-aqorl,,FALSE,,,
2898-mrkpi,,FALSE,,,
2750-bjlsb,"i have been a customer with this company for almost 4 years now and i have been extremely satisfied with their service. the fiber optic internet service has been reliable and fast, and the monthly charges of $103.7 are reasonable for the quality of service i receive. i appreciate the convenience of being able to pay with electronic check. overall, i have had a positive experience and would recommend this company to others.",TRUE,positive,0.9784923195838928,2
3648-gzphf,"i have been a customer with this company for over 2 and a half years now, and i have been satisfied with the dsl internet service provided. the monthl",TRUE,positive,0.8948386907577515,2
2075-rmjik,,FALSE,,,
9588-yrfhy,,FALSE,,,
6394-mfyng,,FALSE,,,
1564-ntyxf,,FALSE,,,
9364-ykuvw,,FALSE,,,
5392-akemh,,FALSE,,,
2451-ymuxs,"i have been a loyal customer with this dsl internet service provider for over 5 years now and have had no issues with churning. the automatic bank transfer payment method has made it easy for me to stay on top of my monthly charges, which are reasonable at $64.55. overall, i am satisfied with the service and plan to continue with them in the future.",TRUE,positive,0.9229822158813477,2
3914-fdrhp,,FALSE,,,
3078-zknts,i have been a customer with this company for 13 months now and i am quite satisfied with the service. the monthly charges are very reasonable at $19.75 and i appreciate the convenience of the automatic bank transfer payment method. even though i do not have internet,TRUE,positive,0.9682093858718872,2
1024-kprbb,,FALSE,,,
4690-pkdqg,"i have been a customer with this company for 42 months now and have been very satisfied with their fiber optic internet service. the speed and reliability have been excellent, and i have not experienced any issues with downtime. the monthly charges of $95.55 are fair for the quality of service i receive. i appreciate the convenience of paying with electronic check. overall, i have no complaints and would recommend this company to others looking for reliable internet service.",TRUE,positive,0.9695009589195251,2
8155-ibnhg,"i recently switched internet providers after being with this company for 2 years. the fiber optic service was reliable and fast, but i ultimately decided to leave because the monthly charges co",TRUE,negative,0.5382764339447021,0
0886-qgenl,,FALSE,,,
9547-itefg,,FALSE,,,
1264-fuhcx,i have been a customer with this company for almost four years now and i have been very satisfied with the service. the monthly charges are reasonable at $56.3 and the automatic credit card payment makes it c,TRUE,positive,0.9727917313575745,2
7789-cruvc,,FALSE,,,
6598-kelss,,FALSE,,,
8739-wwkdu,,FALSE,,,
8685-whqpw,,FALSE,,,
4745-lsplo,,FALSE,,,
8083-ytzes,"i recently switched to this internet provider four months ago and unfortunately, i have decided to cancel my service. while the fiber optic internet was fast and reliable, i found the monthly charges of $74.35 to be too high for the level of service i was receiving. additionally, i",TRUE,negative,0.8762852549552917,0
7240-fqlhe,,FALSE,,,
6664-fpdac,,FALSE,,,
9972-vafjj,"i have been a customer with this company for over four years now, and i have been extremely satisfied with the service. the fiber optic internet has been reliable and fast, and the monthly charges are reasonable for the quality of service i receive. i appreciate being able to pay with electronic check, as it is convenient and easy to manage. overall, i have had no reason to consider switching providers and am happy to continue my contract with them.",TRUE,positive,0.9711394906044006,2
0422-uxfap,,FALSE,,,
1904-wajaa,,FALSE,,,
5130-ypirv,,FALSE,,,
2843-cqmeg,,FALSE,,,
6439-pktrr,"i have been a customer with this company for over 5 years now and i am very satisfied with the service. the dsl internet service has been reliable and consistent throughout my tenure. the monthly charges are reasonable at $80.7 and i appreciate the convenience of paying with electronic check. overall, i have no complaints and would recommend this company to others.",TRUE,positive,0.9779075384140015,2
5351-qesio,,FALSE,,,
0786-vssud,"i recently decided to cancel my service after being a customer for 16 months. the monthly charges of $39.0 for dsl internet were reasonable, but i ultimately decided to switch providers for a better deal. i preferred paying by mailed check, as it was convenient for me. overall, the service was satisfactory but i found a better option elsewhere.",TRUE,neutral,0.4942278265953064,1
5568-dmxzs,,FALSE,,,
8468-fztoe,,FALSE,,,
6633-syeus,"i have been a customer with this company for 23 months now and i am very satisfied with their service. the fiber optic internet service is fast and reliable, and i have had no issues with connectivity. the automatic bank transfer for payment makes it convenient",TRUE,positive,0.9788600206375122,2
6447-gorxk,,FALSE,,,
6967-pejll,,FALSE,,,
3976-bwuck,,FALSE,,,
5981-zvxot,,FALSE,,,
1684-flbgs,,FALSE,,,
1389-wnuib,,FALSE,,,
0376-oiwme,"i have been a customer with this company for 3 years now and i am very satisfied with their service. the fiber optic internet is fast and reliable, and i have had no issues with connectivity. the monthly charges are reasonable at $93.6 and i appreciate the convenience of the electronic check payment method. overall, i have had a great experience and would recommend this company to others.",TRUE,positive,0.9769407510757446,2
3585-isxzp,,FALSE,,,
0218-qnvas,,FALSE,,,
6583-qgcsi,,FALSE,,,
0804-ygeqv,,FALSE,,,
7164-bptut,,FALSE,,,
4174-lpgti,,FALSE,,,
2523-ewwzl,"i have been a customer with this fiber optic internet service provider for over two years now, and i have been very satisfied with the service. the speeds are consistently fast and reliable, and i have never experienced any issues with connectivity. the monthly charges are reasonable for the quality of service i receive. i appreciate the convenience of being able to pay my bill with electronic check. overall, i have no complaints and would recommend this provider to others.",TRUE,positive,0.9718665480613708,2
0928-xutsn,,FALSE,,,
2108-xwmpy,,FALSE,,,
0052-ynyot,,FALSE,,,
6304-ijfsq,"i recently switched to this internet provider three months ago and unfortunately, i have already decided to churn. the dsl service was not up to par with what i was expecting and i experienced frequent outages. additionally, having to mail in a check for payment was inconvenient and outdated. for the monthly charge of $49.9, i expected better reliability and service quality. i will be looking for a new provider that can offer a more reliable and efficient internet service.",TRUE,negative,0.9019317030906677,0
9586-jgqkh,"i have been a customer with this company for over 5 years now and i have been extremely satisfied with their service. the fiber optic internet has been fast and reliable, and i have never experienced any disruptions or outages. the automatic bank transfer for payment has been convenient and hassle-free. even though the monthly charges are a bit on the higher side at $105.4, i believe it is worth the quality of service i am receiving. overall, i have no complaints and would highly recommend this company to others.",TRUE,positive,0.9716189503669739,2
4501-vcpfk,,FALSE,,,
6075-slnil,,FALSE,,,
9347-aerrl,,FALSE,,,
0093-xwzfy,,FALSE,,,
2274-xuata,,FALSE,,,
1980-kxvpm,,FALSE,,,
7703-zekef,,FALSE,,,
0723-drclg,"i recently switched to this fiber optic internet service provider and unfortunately, i have already decided to churn after only one month of usage. the monthly charges of $74.45 were",TRUE,negative,0.8826494812965393,0
5482-nupna,,FALSE,,,
6691-cciha,,FALSE,,,
1685-bqula,"i have been a customer with this company for 40 months now and i am very satisfied with the service. the fiber optic internet service is fast and reliable, and i appreciate the convenience of automatic bank transfers for payment. the monthly charges of $93.4 are reasonable for the quality of service provided. overall, i have had a positive experience and have no plans to churn in the near future. keep up the good work!",TRUE,positive,0.9757699966430664,2
9053-ejunl,,FALSE,,,
0666-uxtjo,i have been a customer with this company for 34 months now and i am very satisfied with the fiber optic internet service they provide. the monthly charges of $85.2 are reasonable for the quality of service i receive. i appreciate the convenience of the,TRUE,positive,0.9737161993980408,2
1471-giqkq,,FALSE,,,
4807-izyoz,,FALSE,,,
1122-jwtjw,"i was disappointed with my experience with this company. despite signing up for fiber optic internet service, i experienced frequent outages and slow speeds. the monthly charges of $70.65 seemed reasonable",TRUE,negative,0.9378654360771179,0
9710-njern,,FALSE,,,
9837-fwlch,,FALSE,,,
1699-hpsbg,,FALSE,,,
7203-oykct,,FALSE,,,
1035-ipqpu,,FALSE,,,
7398-lxgyx,,FALSE,,,
2823-lkabh,"i have been a customer with this company for 18 months now and i have been very satisfied with the service. the fiber optic internet has been reliable and fast, and i have had no issues with the connection. the automatic bank transfer for payment makes it convenient for me to pay my monthly bill on time. the monthly charges of $95.05 are reasonable for the quality of service i am receiving. overall, i have no complaints and i am happy to continue being a customer on a month-to-month basis.",TRUE,positive,0.9615333080291748,2
8775-cebbj,,FALSE,,,
0550-dcxlh,,FALSE,,,
9281-cedru,,FALSE,,,
2235-dwlju,i have been a customer with this company for 6 months now and i am very satisfied with the service. the monthly charges are reasonable at $44.4 and i appreciate the flexibility of the month-to-month contrac,TRUE,positive,0.9711733460426331,2
0871-opbxw,,FALSE,,,
3605-jiskb,,FALSE,,,
6894-lfhly,,FALSE,,,
9767-fflem,,FALSE,,,
0639-tsiqw,,FALSE,,,
8456-qdavc,,FALSE,,,
7750-eyxwz,,FALSE,,,
2569-wgero,,FALSE,,,
6840-resvb,,FALSE,,,
2234-xaduh,,FALSE,,,
4801-jzazl,,FALSE,,,
8361-ltmkd,"i recently switched to this fiber optic internet service provider four months ago on a month-to-month contract. while the internet service itself has been reliable and fast, i have decided to cancel my subscription due to personal reasons. the monthly charges of $74.40 were reasonable for the quality of service provided. i appreciated the option to pay by mailed check, as it was convenient for me. overall, i had a positive experience with this provider and would consider using their services again in the future.",TRUE,positive,0.6036426424980164,2
3186-ajiek,,FALSE,,,
4374-ymusq,,FALSE,,,
4513-cxyix,,FALSE,,,
3957-hhlmr,,FALSE,,,
7803-xoccz,,FALSE,,,
5736-yejax,,FALSE,,,
5609-cebid,,FALSE,,,
8981-fjgla,"i have been a customer with this company for 11 months now and i am very satisfied with the service. the fiber optic internet service has been fast and reliable, and i have had no issues with connectivity. the monthly charges of $78.0 are reasonable for the quality of service i am receiving. i prefer to pay by mailed check and have not had any issues with billing or payment processing. overall, i am happy with my experience and plan to continue using this company for my internet service.",TRUE,positive,0.9711802005767822,2
7218-hkqfk,"i recently switched to fiber optic internet service with this provider, but unfortunately i had to cancel after just 2 months due to relocating for work. the monthly charges were reasonable at $94.2 and the i",TRUE,negative,0.7066245079040527,0
4636-qrjky,,FALSE,,,
1135-lmecx,,FALSE,,,
4332-muoez,,FALSE,,,
8535-sfutn,,FALSE,,,
5956-vkdtt,,FALSE,,,
8677-hdzee,,FALSE,,,
2475-mrozf,"i have been a customer with this company for 30 months now and have been very satisfied with their service. the fiber optic internet has been reliable and fast, and i have had no issues with billing or payments since setting up automatic credit card payments. the $95 monthly charge is reasonable for the quality of service i receive. i appreciate the flexibility of the month-to-month contract as well. overall, i have no complaints and would highly recommend this company to others.",TRUE,positive,0.9697880148887634,2
9412-gheec,,FALSE,,,
3482-abpkk,,FALSE,,,
6705-lxorm,,FALSE,,,
0257-zesqc,,FALSE,,,
7531-gqhme,,FALSE,,,
5174-itumv,,FALSE,,,
4109-cyrbd,,FALSE,,,
0913-xwscn,"i have been a customer with this company for over 4 years now and i am extremely satisfied with their service. the fiber optic internet is fast and reliable, and i have had no issues with connectivity. the automatic bank transfer payment method is convenient and hassle-free. the monthly charges ar",TRUE,positive,0.9784709811210632,2
6825-uypfk,,FALSE,,,
8397-mvtaz,,FALSE,,,
0750-ebaiu,,FALSE,,,
8606-ciqul,,FALSE,,,
3571-dpyuh,i have been a customer with this company for over 4 years now and have been extremely satisfied with the fiber optic internet service they provide. the automatic credit card payment method makes it convenient for me to pay my monthly bill without any hassle. the monthly charges of $94.7 are reasonable considering the quality of service i receive,TRUE,positive,0.964400589,2
7601-gndyk,"""i have been a customer with this company for 35 months now and have been satisfied with their services. even though i do not have internet service with them, i appreciate the affordable monthly charges of $19.6. i prefer to pay by mailing a check and",TRUE,positive,0.9288784861564636,2
0356-obmac,,FALSE,,,
8067-nioym,,FALSE,,,
1403-gyafu,,FALSE,,,
4234-xtnea,,FALSE,,,
1297-vqdrp,,FALSE,,,
9282-izgqk,,FALSE,,,
5348-cagxb,,FALSE,,,
0621-hjwxj,,FALSE,,,
5844-qvtat,,FALSE,,,
8905-iazpf,,FALSE,,,
5394-meitz,"i have been a loyal customer with this company for 5 years now and i am very satisfied with the service. the dsl internet service has been reliable and the monthly charges are reasonable at $80.6. i appreciate the convenience of automatic bank transfer for payment. overall, i have had a positive experience and have no plans to churn.",TRUE,positive,0.9734264016151428,2
6859-qnxiq,,FALSE,,,
2782-lfzvw,,FALSE,,,
2866-ikbtm,"i have been a customer with this company for 1 month now and i am very satisfied with their service. even though i do not have internet service with them, i appreciate their affordable monthly charges of $19.55. i also like that they offer a month-to-month contract option, which gives me flexibility. however, i do wish they had more convenient payment methods as i prefer to pay by mailed check. overall, i am happy with my experience so far and would recommend this company to others.",TRUE,positive,0.9660073518753052,2
1342-jpnki,,FALSE,,,
2817-ntqdo,,FALSE,,,
7129-azjde,,FALSE,,,
6986-ijdhx,,FALSE,,,
2560-ppche,,FALSE,,,
4676-mquea,,FALSE,,,
8138-ealnd,,FALSE,,,
3580-hycsp,,FALSE,,,
1352-hnsaw,"i have been a customer with this company for six years now and i am extremely satisfied with the service i have received. the fiber optic internet service has been reliable and fast, and i have not experienced any issues with downtime. the automatic bank transfer payment method is convenient and hassle-free. the monthly charges of $115.6 are reasonable for the quality of service i am receiving. overall, i have no complaints and would highly recommend this company to others.",TRUE,positive,0.9708823561668396,2
2075-puepr,,FALSE,,,
1982-febtd,,FALSE,,,
5301-gauuy,,FALSE,,,
5791-kajfd,i have been a loyal customer of this dsl internet service provider for over 4 and a half years now. i have always opted for the one-year contract and have been satisfied with the consistent monthly charges of $68.75. the automatic bank tra,TRUE,positive,0.8585666418075562,2
2654-vbvpb,i am a new customer with this service provider and so far i am satisfied with the month-to-month contract and the automatic bank transfer payment method. the monthly charges of $19.90 are affordable and the fact that there is no internet service included is not an iss,TRUE,positive,0.9340847730636597,2
1154-hywwo,,FALSE,,,
2501-xwwtz,"i have been a customer with this company for almost a year now and i am very satisfied with the service. the fiber optic internet is fast and reliable, and i have had no issues with downtime or slow speeds. the monthly charges are reasonable at $70.2 and i appreciate the convenience of being able to pay with electronic check. overall, i have had a positive experience and have no plans to switch providers.",TRUE,positive,0.968085527,2
3716-uvspd,,FALSE,,,
6815-abqfq,"i have been a customer with this company for over four and a half years now and i am extremely satisfied with the service they provide. the fiber optic internet service is fast and reliable, and i have never experienced any issues with connectivity. the monthly charges are reasonable for the quality of service i receive. i appreciate the convenience of being able to pay with electronic check. overall, i have no complaints and would highly recommend this company to others.",TRUE,positive,0.9759200811386108,2
7343-eobeu,,FALSE,,,
3701-sfmuh,,FALSE,,,
6103-lianb,,FALSE,,,
7319-venrz,,FALSE,,,
5846-neqvz,,FALSE,,,
6967-qiqrv,,FALSE,,,
5781-rfzrp,,FALSE,,,
0939-yapaf,,FALSE,,,
0308-ivgok,,FALSE,,,
7293-lscdv,,FALSE,,,
7025-wcbne,,FALSE,,,
5756-jyojt,,FALSE,,,
4710-fduiz,"i have been a customer with this company for over four and a half years, using their fiber optic internet service. unfortunately, i have decided to cancel my subscription due to some changes in my living situation. the monthly charges were reasonable at $100.3",TRUE,negative,0.8363338112831116,0
6030-rehux,,FALSE,,,
9548-ligta,i have been a loyal customer for over five years now and have been very satisfied with the dsl internet service provided by this company. the monthly charges are reasonable at $81.05 and i appreciate the option to pay by mailed check. i have,TRUE,positive,0.9669710397720337,2
5150-ljnsr,"i have been a customer with this company for over two and a half years now and i have been very satisfied with their service. the fiber optic internet has been reliable and fast, and i have never experienced any issues with connectivity. the automatic bank transfer payment method is convenient and hassle-free. the monthly charges are a bit on the higher side at $98.05, but considering the quality of service i receive, i believe it is worth it. overall, i have no complaints and am happy to continue being a loyal customer.",TRUE,positive,0.9686177968978882,2
8270-rksap,,FALSE,,,
6522-yrbxd,,FALSE,,,
2640-lymov,,FALSE,,,
1218-vkfpe,,FALSE,,,
3627-fhkbk,,FALSE,,,
2865-tchjw,,FALSE,,,
1423-bmpbq,"i have been a customer with this company for one month now and overall i am satisfied with the service. the monthly charges are reasonable at $19.0 and i appreciate the flexibility of the month-to-month contract. however, i do wish there was an option for internet service as that would be convenient for me. additionally,",TRUE,positive,0.9317787885665894,2
2393-divai,,FALSE,,,
5192-ebgov,,FALSE,,,
4568-knywr,,FALSE,,,
8752-imqos,,FALSE,,,
0742-lafqk,,FALSE,,,
0795-lafgp,,FALSE,,,
0619-olyur,,FALSE,,,
5512-idzei,,FALSE,,,
0459-spzhj,,FALSE,,,
0215-bqkgs,"i have been a customer with this company for 30 months now and have been satisfied with the fiber optic internet service. the monthly charges of $84.3 are reasonable for the quality of service provided. i appreciate the convenience of automatic credit card payments and have had no issues with billing or service interruptions. overall, i am happy with my experience and have no plans to churn.",TRUE,positive,0.939802349,2
9244-zvapm,,FALSE,,,
0719-syfrb,"i recently decided to switch internet providers after being with this company for 12 months on a month-to-month contract. the monthly charges of $61.65 for dsl internet were reasonable, but i ultimately chose to churn because i found a better deal with another provider. the payment method of mailing a check was convenient for me, but i was looking for faster internet speeds and better customer service. overall, my experience was satisfactory, but i felt it was time to explore other options.",TRUE,neutral,0.6032447814941406,1
8208-eumte,,FALSE,,,
5172-migpm,"i have been a customer with this internet provider for 4 months now and i am pleased to say that i have had no issues with churning or disruptions in service. the monthly charges of $65.55 for dsl internet seem reasonable to me. i prefer to pay my bills by mailing a check, and the process has been smooth so far. overall, i am satisfied with the service and would recommend it to others looking for reliable internet at a decent price.",TRUE,positive,0.8980454802513123,2
1710-rcxus,,FALSE,,,
0374-fiuca,,FALSE,,,
5839-suyvz,,FALSE,,,
5173-zxxxl,i have been a customer with this company for 2 months now and i am pleased with the service so far. the monthly charges are reasonable at $19.95 and i appreciate the op,TRUE,positive,0.9753522872924805,2
1096-adrux,,FALSE,,,
2001-mcuuw,,FALSE,,,
2731-gjrdg,,FALSE,,,
4723-begsg,"i have been a customer with this company for 6 years now and i have been very satisfied with the service. the monthly charges are reasonable at $86.65 and the automatic credit card payment method makes it convenient for me to pay my bill on time. the dsl internet service has been reliable and i have not experienced any issues with connectivity. overall, i am happy with my experience and have no plans to churn.",TRUE,positive,0.9566478729248047,2
6516-nkqbo,,FALSE,,,
8672-oaupw,,FALSE,,,
8207-dmrvl,,FALSE,,,
3419-snjjd,,FALSE,,,
6543-cpzmk,,FALSE,,,
4765-oxppd,i recently decided to cancel my dsl internet service after 9 months of being a customer. the monthly charges of $65.0 were,TRUE,negative,0.8223925828933716,0
2804-etqdk,,FALSE,,,
6689-vrrtk,i have been a customer with this company for 44 months now and i have been extremely satisfied with their service. the fiber optic internet service has been rel,TRUE,positive,0.9757083654403687,2
7138-girsh,,FALSE,,,
9396-zsfll,,FALSE,,,
6464-kexxh,"i have been a customer with this dsl internet service provider for 8 months now and i am pleased to say that i have had no issues with churning. the month-to-month contract and automatic credit card payment method make it convenient for me to continue using their services. the monthly charges of $25.25 are reasonable for the internet service i receive. overall, i am satisfied with my experience as a customer.",TRUE,positive,0.9433927536010742,2
7134-mjpdy,,FALSE,,,
5240-caoyt,,FALSE,,,
4059-iiebk,"i have been a customer with this company for 7 months now, and i am very satisfied with the service. the fiber optic internet is fast and reliable, and i have had no issues with outages or slow speeds. the automatic bank transfer payment method is convenient and hassle-free. the monthly charges of $78.55 are reasonable for the quality of service i am receiving. overall, i have no complaints and would recommend this company to others.",TRUE,positive,0.9717274308204651,2
4881-jvqod,,FALSE,,,
0516-uxrmt,,FALSE,,,
4851-bqdnx,"i have been a customer with this company for over 3 years now and i have been very satisfied with the service. the fiber optic internet is fast and reliable, and i have never experienced a",TRUE,positive,0.9777230024337769,2
5148-hkfir,,FALSE,,,
1009-irmna,,FALSE,,,
3003-cmduu,,FALSE,,,
5016-iberq,"i have been a customer with this fiber optic internet service provider for 23 months now and am very satisfied with the service. the speeds are consistently fast and reliable, and i have had no issues with connectivity. the monthly charges of $84.25 are reasonable for the quality of service i am receiving. i appreciate the convenience of paying with electronic check and have had no issues with billing. overall, i would highly recommend this provider to others looking for reliable internet service.",TRUE,positive,0.9749749302864075,2
6797-ucjhz,,FALSE,,,
2469-dtsgx,,FALSE,,,
4554-ygzih,,FALSE,,,
5099-bailx,,FALSE,,,
9931-kghoa,,FALSE,,,
1775-kwjkq,,FALSE,,,
7665-vigud,,FALSE,,,
9411-tpqqv,,FALSE,,,
7207-rmrdb,,FALSE,,,
7954-mlbun,,FALSE,,,
2077-ddhjk,i have been a customer with this dsl internet service provider for over 5 years now and i have been very satisfied with the service. the automatic payment method makes it easy to manage my monthly bill and the monthly charges of $70.9 are reasonable for the quality of service i re,TRUE,positive,0.9636968374252319,2
4913-ehyui,"""i have been a customer with this company for over four and a half years, utilizing their fiber optic internet service on a one-year contract. the service itself is reliable and fast, however, i recently decided to churn due to the increasing monthly charges. at $104.55 per month, the cost became too high for me to justify continuing with the service. the automatic bank transfer payment method was convenient and hassle-free. overall, i had a positive experience with the internet service itself, but the pricing ultimately led me to seek alternatives.""",TRUE,neutral,0.4589490294456482,1
0195-iescp,,FALSE,,,
9574-bosmd,,FALSE,,,
4580-tmhju,,FALSE,,,
0970-etwge,,FALSE,,,
4908-xaxay,,FALSE,,,
8404-vlqfb,,FALSE,,,
1626-ercmm,,FALSE,,,
0887-hjgar,,FALSE,,,
2391-iplop,,FALSE,,,
5644-pdmzc,,FALSE,,,
3509-gwqgf,,FALSE,,,
9576-anlxo,,FALSE,,,
2024-baskd,,FALSE,,,
5845-bzzib,i have been a customer with this company for 35 months now and have been satisfied with their service. the monthly charges are affordable at $20.1,TRUE,positive,0.9503951072692871,2
1140-ukvzg,,FALSE,,,
4160-amjtl,,FALSE,,,
5183-snmjq,,FALSE,,,
8100-pnjmh,,FALSE,,,
7838-lazfo,,FALSE,,,
4464-jcoln,,FALSE,,,
2085-jvgad,"i have been a customer with this company for over 3 years now and i am very satisfied with the service. the automatic bank transfer payment method makes it convenient for me to pay my bill on time every month. even though i do not have internet service with them, the monthly charges of $20.35 for whatever service i do have are very reasonable. i appreciate the flexibility of the month-to-month contract as well. overall, i have had a positive experience and have no complaints.",TRUE,positive,0.9639078974723816,2
5650-vduds,"i recently decided to switch internet providers after being with this company for 4 months. the monthly charges were reasonable at $24.25 for dsl service, but unfortunately, the speed and reliability of the internet were lacking. i often experienced slow connection speeds and frequent outages. additionally, the inconvenience of having to mail a check for payment each month was a hassle. overall, i was not satisfied with the service and decided to cancel my month-to-month contract.",TRUE,negative,0.9003189206123352,0
8095-wanwk,,FALSE,,,
3030-zkiwl,"i have only been a customer for a month, but so far i am satisfied with the service. i appreciate the flexibility of the month-to-month contract and the affordable monthly charges. however, i do",TRUE,positive,0.9012189507484436,2
9565-flvcg,"i have been a customer with this company for over 5 years now and i have been very satisfied with their service. the dsl internet has been reliable and the monthly charges are reasonable. i appreciate the option to pay by mailed check as it is convenient for me. overall, i have no complaints and have no plans to switch providers.",TRUE,positive,0.9669322371482849,2
8755-ogkna,"i have been a customer with this company for over four years now and i have been extremely satisfied with their service. the automatic bank transfer payment method makes it convenient for me to pay my bill on time every month. even though i do not have internet service with them, the $19.5 monthly charges for other services are very reasonable. i have had no issues with their service and have no plans to churn anytime soon. overall, i would highly recommend this company to others.",TRUE,positive,0.9655286073684692,2
2800-veqxm,,FALSE,,,
7538-gwhml,,FALSE,,,
5533-rjftj,i have been a customer with this dsl internet service provider for almost 4 years now and i have been very satisfied with the service. the mo,TRUE,positive,0.9641561508178711,2
3859-cvcet,,FALSE,,,
0214-jhpfw,,FALSE,,,
5642-mhdqt,,FALSE,,,
3088-fvywk,,FALSE,,,
3276-hdueg,,FALSE,,,
9092-gdzko,,FALSE,,,
0823-hscdj,,FALSE,,,
3729-owrvl,"i have been a customer with this company for 5 years and 5 months and have been very satisfied with their service. the fiber optic internet service has been reliable and fast, and the monthly charges of $110.35 are reasonable for the quality of service provided. i appreciate the convenience of paying with electronic check and have had no issues with billing or payments. overall, i have no complaints and am happy to continue being a customer.",TRUE,positive,0.9710620641708374,2
2324-aalno,,FALSE,,,
0822-gavap,,FALSE,,,
5760-ifjoz,"i have been a customer with this company for 3 months now and i am very satisfied with the service. the fiber optic internet service is fast and reliable, and i have not experienced any issues with connectivity. the monthly charges of $107.95 are reasonable for the quality of service i am receiving. i appreciate being able to pay by mailing a check, as it is convenient for me. overall, i have had a positive experience with this company and have no plans to churn.",TRUE,positive,0.9652667045593262,2
2826-uwhis,,FALSE,,,
1448-pwkye,,FALSE,,,
7501-iwung,,FALSE,,,
4957-treir,,FALSE,,,
7251-ljbqn,,FALSE,,,
8040-mnrtf,,FALSE,,,
1536-hbswp,,FALSE,,,
5313-fpxwg,"i have been a customer with this company for over four years now and i have been very satisfied with their service. the automatic bank transfer payment method is convenient and hassle-free. even though i do not have internet service with them, i appreciate the affordable monthly charges and the fact that i have not experienced any issues with churn. overall, i would highly recommend this company to others looking for reliable and cost-effective services.",TRUE,positive,0.9686890840530396,2
0067-dkwbl,"i recently switched to this internet service provider because of their competitive pricing for dsl internet. however, after only 2 months of service, i have decided to cancel due to unreliable connection and slow speeds. the monthly charges were affordable at $49.25, but the service did not meet my expectations. i paid using electronic check, which was convenient. overall, i was disappointed with the service and have decided to churn and look for a better provider.",TRUE,negative,0.8537314534187317,0
0946-fkytx,,FALSE,,,
5076-yvxcm,,FALSE,,,
8262-coggb,,FALSE,,,
6663-jocqo,,FALSE,,,
9620-qjrev,,FALSE,,,
2276-ydavz,,FALSE,,,
2682-kevrp,,FALSE,,,
2480-jzosn,,FALSE,,,
0078-xzmht,,FALSE,,,
5896-npfww,,FALSE,,,
9978-hycin,,FALSE,,,
8338-qiunr,"i have been a customer with this internet provider for the past 6 years and have been satisfied with the service overall. the monthly charges are reasonable at $66.5 and i appreciate the convenience of automatic credit card payments. the dsl internet service has been reliable for the most part and i have not experienced any issues with connectivity. overall, i would recommend this provider to others looking for a reliable and affordable internet service.",TRUE,positive,0.9552021026611328,2
1525-lnloj,"i have been a loyal customer with this internet service provider for 66 months now and i am very satisfied with the service. the monthly charges are reasonable at $63.3 and i appreciate the convenience of automatic bank transfers for payment. the dsl internet service has been reliable and i have not experienced any issues with connectivity. overall, i have had a positive experience with this provider and would recommend them to others.",TRUE,positive,0.9715798497200012,2
9450-trjuu,,FALSE,,,
1766-gknmi,,FALSE,,,
6942-lbfdp,,FALSE,,,
1456-twcgb,,FALSE,,,
7133-vbdcg,,FALSE,,,
7596-zywbb,,FALSE,,,
8329-utmvm,"i have been a customer of this fiber optic internet service provider for 27 months now and i have been extremely satisfied with the service. the automatic bank transfer payment method makes it convenient for me to pay my monthly charges of $104.65 without any hassle. the internet service has been reliable and fast, and i have experienced no issues with downtime or slow speeds. overall, i am very happy with my experience and have no plans to switch providers.",TRUE,positive,0.9672554731369019,2
3014-wjksm,,FALSE,,,
3347-yjzze,,FALSE,,,
1029-qfben,,FALSE,,,
7929-dmbcv,,FALSE,,,
9661-jalzv,"i have been a customer with this company for 58 months now and have been satisfied with their service. the monthly charges are affordable at $24.7 and i appreciate the convenience of automatic credit card payments. however, i do wish they offered internet service as well. overall, i have no complaints and am happy to continue my contract with them.",TRUE,positive,0.9510133266448975,2
5433-kyghe,,FALSE,,,
4312-kfrxn,i have been a customer with this company for 6 years now and have never had any issues with my service or billing. i appreciate the affordable monthly charges and the convenience of being able to pay by mailed check. while i do n,TRUE,positive,0.8973212838172913,2
5575-tpizq,,FALSE,,,
0114-igabw,,FALSE,,,
9944-aexbm,"i have been a customer with this company for over 2 and a half years now and i have been very satisfied with the service. the fiber optic internet service has been reliable and fast, and i have had no issues with connectivity. the automatic bank transfer payment method is convenient and hassle-free. the monthly charges of $85.65 seem reasonable for the quality of service i am receiving. overall, i am happy with my experience and have no plans to churn.",TRUE,positive,0.962670088,2
1853-araaq,,FALSE,,,
6952-omnwb,"i have been a customer with this company for over 5 years now and i am extremely satisfied with the service i have received. the fiber optic internet service has been reliable and fast, and i have never experienced any issues with my connection. the automatic credit card payment method makes",TRUE,positive,0.9751327633857727,2
4697-lupsu,,FALSE,,,
8434-vgeqq,,FALSE,,,
4952-ysogz,,FALSE,,,
1589-agtlk,"i recently decided to churn from my previous internet provider and signed up with this company three months ago. i opted for a month-to-month contract with a monthly charge of $45.35, which i found to be pretty reasonable. however, i have been experiencing slow and unreliable internet service since i switched over to dsl. i have also had some issues with the electronic check payment method. overall, i am not satisfied with the service and will likely be looking for a new provider soon.",TRUE,negative,0.5334028601646423,0
5244-irfih,,FALSE,,,
6549-ymfaw,,FALSE,,,
4950-hkqte,,FALSE,,,
6786-obwqr,,FALSE,,,
2684-eiweo,,FALSE,,,
2753-jmmcv,i have been a loyal customer of this dsl internet service provider for the past 65 months and have been very satisfied with the service. the monthly charges of $74.2 are reasonable for the speed and reliability of the internet connection. the automatic credit card payment method makes it convenient for me to pay my bill on time every month without any hassle. i have not experienced any issues with the servic,TRUE,positive,0.950867772,2
6439-gtpca,"i was a customer with this company for 45 months on a month-to-month contract with monthly charges of $87.25 for fiber optic internet service. i ultimately decided to churn due to finding a better deal with another provider. the payment method of electronic check was convenient and i did not have any issues with billing during my time as a customer. overall, i had a positive experience with the service provided, but ultimately chose to switch providers for a better deal.",TRUE,neutral,0.5755372643470764,1
6621-yobki,"i have been a customer with this company for 5 months now on a month-to-month contract. i do not have internet service with them, but i have been",TRUE,neutral,0.467830092,1
1216-jwvux,"i have been a customer with this company for 25 months now and i am extremely satisfied with their fiber optic internet service. the speeds are consistently fast and reliable, and i have had no issues with connectivity. the monthly charges of $75.5 are reasonable for the quality of service i am receiving. i also appreciate the convenience of paying with an electronic check. overall, i have no complaints and would highly recommend this company to others.",TRUE,positive,0.9769824743270874,2
7564-ghcvb,"i have been a customer with this company for 6 years now and i have been extremely satisfied with their service. the fiber optic internet has been reliable and fast, and i have never experienced any issues with connectivity. the automatic bank transfer for payment has been convenient and hassle-free. i have been on a two-year contract with a",TRUE,positive,0.9715960621833801,2
1173-noeyg,,FALSE,,,
7595-ehcdl,"i have been with this dsl internet provider for over 2 and a half years now and i have been very satisfied with the service. the monthly charges are reasonable at $50.6 and the automatic credit card payment method makes it convenient for me to pay my bill on time. the internet connection has been reliable and i have not experienced any issues with downtime or slow speeds. overall, i am happy with the service and have no plans to switch providers.",TRUE,positive,0.9611917734146118,2
6647-zedxt,"i have been a customer with this company for 30 months now and i am extremely satisfied with the service provided. the fiber optic internet service has been reliable and fast, and i have had",TRUE,positive,0.9804107546806335,2
2521-npuzr,,FALSE,,,
1307-tvufb,,FALSE,,,
7503-mioga,,FALSE,,,
4381-mhqdc,,FALSE,,,
6923-jhpmp,,FALSE,,,
5138-wvkyj,,FALSE,,,
4018-ppndw,,FALSE,,,
1635-fjfcc,,FALSE,,,
2499-ajyua,"i have been a customer with this company for six years now and i have been extremely satisfied with the service. the fiber optic internet is fast and reliable, and i have never experienced any downtime. the monthly charges are reasonable at $110.8 and i appreciate the convenience of automatic credit card payments. overall, i have no complaints and would highly recommend this company to others.",TRUE,positive,0.975913942,2
6919-elbgl,,FALSE,,,
3966-hrmza,,FALSE,,,
6425-jwtdv,"i have been a customer with this company for 48 months now and i have been very satisfied with their service. the monthly charges are affordable at $19.25 and i appreciate the option to pay by mailed check. while i do not have internet service with them, i have had no issues",TRUE,positive,0.963174582,2
8405-igqfx,,FALSE,,,
8224-ivvpa,,FALSE,,,
9477-lgwqi,,FALSE,,,
1410-rscmr,i have been a customer with this company for 7 months now and i am very satisfied with the service. the monthly charges of $71.35 for dsl internet are reasonable and the automatic credit card payment method is convenient for me. i have had no issues with connectivity,TRUE,positive,0.9653521180152893,2
0139-ivfjg,,FALSE,,,
6683-vlctz,,FALSE,,,
5730-dbdsi,,FALSE,,,
0030-fnxpp,,FALSE,,,
2189-wwoew,"i recently decided to cancel my service with this company after being a customer for 15 months. while i appreciated the reliable fiber optic internet service, the monthly charges of $85.9 were becoming too expensive for me. the automatic bank transfer payment method was convenient, but ultimately i felt i could find a better deal elsewhere. i would recommend this company to others who are willing to pay a premium for high-quality internet service.",TRUE,negative,0.7008511424064636,0
5684-fjvyr,"i have been a customer with this company for 6 years now and i have been extremely satisfied with the service. the fiber optic internet is fast and reliable, and the automatic bank transfer payment method makes it convenient for me to pay my monthly bill. the monthly charges are reasonable at $90.35, considering the quality of service i receive. i have no complaints and have no intention of churning anytime soon. overall, i highly recommend this company for their excellent internet service.",TRUE,positive,0.9746144413948059,2
4013-guxnd,"i have been a customer with this company for just one month now, and so far i am satisfied with the service. even though i do not have internet service",TRUE,positive,0.8564605712890625,2
1894-igfsg,,FALSE,,,
7379-pokdz,,FALSE,,,
1266-nzyui,"i have been a customer with this company for 6 years now and have always been satisfied with the service. the monthly charges are reasonable for the internet service i receive through dsl. the automatic bank transfer payment method makes it convenient for me to stay on top of my bills. i have had no issues with my service and have no plans to switch providers in the foreseeable future. overall, i am a happy and loyal customer.",TRUE,positive,0.9452504515647888,2
7969-ffowg,,FALSE,,,
4718-dhsmv,i have been a customer with this company for 11 months now and have been very satisfied with the dsl internet service they provide. the monthly charges of $35.8 are very reasonable for the quality of service i receive. i appreciate the,TRUE,positive,0.9744992852210999,2
5175-wlyxl,"i have been a customer of this fiber optic internet service provider for 22 months now and i have been very satisfied with the service. the speed and reliability of the internet connection have been excellent. despite being on a month-to-month contract, i have not experienced any issues with the service or billing. the monthly charges of $78.85 are reasonable for the quality of service provided. i appreciate the option to pay by mailed check, as it is convenient for me. overall, i have no complaints and would recommend this internet service provider to others.",TRUE,positive,0.9681568741798401,2
7817-omjna,,FALSE,,,
8728-skjlr,,FALSE,,,
3137-nyqqi,"i have been a customer with this dsl internet service provider for 17 months now, and i have been satisfied with the service overall. the monthly charges of $64.8 are reasonable for the quality of internet i receive. i appreciate the option to pay by mailed check as it is convenient for me. i have not experienced any issues with the service that would cause me to consider switching providers. overall, i am happy with my experience and would recommend this provider to others.",TRUE,positive,0.9540454745292664,2
7706-dznkk,,FALSE,,,
0236-hfwsv,,FALSE,,,
3900-aqphz,,FALSE,,,
5842-pocop,,FALSE,,,
2037-xjfup,,FALSE,,,
8823-rlpwl,,FALSE,,,
9505-sqfsw,,FALSE,,,
7314-oxenn,,FALSE,,,
3758-ckoql,,FALSE,,,
0322-chqru,,FALSE,,,
5676-cflyy,,FALSE,,,
7521-afhab,,FALSE,,,
0285-inhln,,FALSE,,,
4678-dvqeo,"i recently switched to this dsl internet service provider on a month-to-month contract. i found the monthly charges of $52.2 to be reasonable compared to other providers in the area. however, after just one month of service, i experienced several instances of slow internet speeds and disconnections. as a result, i have decided to cancel my service and look for a more reliable provider. i also had issues with the electronic check payment method, as it took longer for my payments to process compared to other payment methods. overall, i was not satisfied with the service and would not recommend it to others.",TRUE,negative,0.6977220177650452,0
5125-cndsp,,FALSE,,,
0691-ifbqw,"""i have been a customer with this company for almost four years now and i have been generally happy with the service. however, i recently decided to switch providers due to better pricing options elsewhere. the fiber optic internet service was reliable and fast, but i found the monthly charges to be on the higher side at $110.0. i appreciated the convenience",TRUE,positive,0.9369472861289978,2
4992-ltjne,"i have been a customer with this internet service provider for six years now, and i have been very satisfied with the service. the monthly charges are reasonable at $55.3, and i appre",TRUE,positive,0.9643489122390747,2
2202-outmo,,FALSE,,,
0810-bdhaw,,FALSE,,,
0229-lfjaf,i have been a loyal customer for 6 years now and have been satisfied with the dsl internet service provided by this company. the,TRUE,positive,0.9200432300567627,2
7131-zqznk,,FALSE,,,
3442-zhhcc,,FALSE,,,
5726-cvnya,,FALSE,,,
9871-eleya,,FALSE,,,
4257-gaesd,,FALSE,,,
5173-wxoqv,i have been a customer with this company for 2 months now and i am happy to say that i have no plans of churning anytime soon. the month-to-month contract works well for me and i find the monthly charges of $64.2 to be reasonable fo,TRUE,positive,0.9434018135070801,2
2040-obmlj,,FALSE,,,
6286-zhaok,,FALSE,,,
3807-xhcjh,,FALSE,,,
3009-jwmpu,"i have been a customer with this company for over 5 years now, and i have been generally satisfied with the service. the fiber optic internet service has been reliable and fast, which is important to me as i work from home. however, i recently decided to switch to a different provider due to their competitive pricing and better promotional offers. the monthly charges of $96.75 were starting to add up, and i felt that i could get a better deal elsewhere. i also found the payment method of electronic check to be a bit inconvenient at times. overall, i had a good experience with this company, but ultimately decided to churn due to cost considerations.",TRUE,positive,0.8157721757888794,2
5671-rqrlp,,FALSE,,,
1450-galxr,"i recently cancelled my service with this provider after being a customer for 10 months. the monthly charges of $98.5 were reasonable for the fiber optic internet service i received. however, i ultimately decided to switch to a different provider for better customer service and a more reliable connection. the payment method of electronic check was convenient and i had no issues with billing during my time with this provider. overall, i would recommend this provider for their competitive pricing and fast internet speeds, but improvements could be made in the customer service department to retain customers in the long term.",TRUE,negative,0.4376879930496216,0
8859-axjzp,,FALSE,,,
3174-akmas,,FALSE,,,
3138-bkyav,,FALSE,,,
9926-pjhdq,,FALSE,,,
7382-dfjtu,,FALSE,,,
2798-nylmz,"i have been a customer with this company for over 6 years now and i have been extremely satisfied with the service. the fiber optic internet is fast and reliable, and i have never experienced any issues with my connection. the automatic credit card payment makes it convenient for me to pay my bill on time every month. the monthly charges are a bit on the higher side at $108.55, but considering the quality of service i am receiving, i believe it is worth it. overall, i have no complaints and i would highly recommend this company to others.",TRUE,positive,0.9690176248550415,2
4289-dtdkw,"i recently decided to cancel my service after being a customer for 40 months on a month-to-month contract. while the fiber optic internet service was reliable and fast, i found that the monthly charges of $101.3 were becoming too expensive for me. i appreciated the convenience of paying with electronic check, but ultimately had to make the decision to churn due to the cost. i would consider returning in the future if there were more affordable pricing options available.",TRUE,negative,0.778239369,0
1820-tqvev,,FALSE,,,
2239-jalaw,,FALSE,,,
4853-rulsv,,FALSE,,,
8098-tdcbu,,FALSE,,,
3551-gaegl,"i have been a loyal customer with this internet service provider for 34 months now, and i have been very satisfied with the dsl internet service they provide. the monthly charges of $30.4 are reasonable and the automatic bank transfer payment method makes it convenient for me",TRUE,positive,0.9745070338249207,2
4785-nkhcx,"i have been a customer with this company for 5 months now on a month-to-month contract with automatic bank transfers for payment. i do not have internet service with them, so i cannot comment on that aspect. however, i have had no issues with my service and have not experienced any churn. the",TRUE,neutral,0.5108875632286072,1
3196-nvxlz,,FALSE,,,
6275-yduvo,,FALSE,,,
0036-ihmot,,FALSE,,,
0115-tfert,,FALSE,,,
4178-egmon,"i have been a customer with this company for over 5 years now, and i have been extremely satisfied with the service. the fiber optic internet is fast and reliable, and i have never experienced any issues w",TRUE,positive,0.9772660136222839,2
4220-tinqt,"i have been a customer with this company for over five years and have been very satisfied with the service. the fiber optic internet is fast and reliable, and i have never experienced any issues with connectivity. the monthly charges are reasonable for the quality of service provided. i appreciate the convenience of paying with electronic check, as it is quick and easy. overall, i have no complaints and would highly recommend this company to others.",TRUE,positive,0.9683438539505005,2
5318-ykdpv,,FALSE,,,
7975-tzmlr,"i have been a customer with this internet service provider for almost four years now and i have been really satisfied with the service. the fiber optic internet is fast and reliable, and i have had no issues with connectivity or speed. the monthly charges are reason",TRUE,positive,0.9725027084350586,2
0295-qvkpb,,FALSE,,,
4335-bsmjs,,FALSE,,,
2311-qymuq,"i was a customer with this company for 16 months before deciding to churn. i was on a month-to-month contract with monthly charges of $89.45 for fiber optic internet service. i found the service to be reliable and fast, but ultimately decided to switch provide",TRUE,neutral,0.7024044990539551,1
3643-ahcfp,,FALSE,,,
9146-jriox,,FALSE,,,
3104-owcgk,"""i have been a customer with this company for 5 years now, and i have always had a great experience with their fiber optic internet service. however, i recently decided to switch providers due to a better deal being offered elsewhere. the monthly charges of $90.95 were starting to add up, and i found a more affordable option. overall, i was satisfied with the service provided during my time as a customer.""",TRUE,positive,0.9353370666503906,2
5337-iiwkz,,FALSE,,,
9101-bwfss,"i have been a customer with this company for 50 months and unfortunately, i have decided to churn. while the fiber optic internet service was reliable and fast, i found that the monthly charges of $108.55 were becoming too expensive for me. i also had issues with the electronic check payment method, as it was not always convenient for me to make payments in this way. overall, i had a positive experience with the service itself, but the cost and payment method were ultimately what led me to switch providers.",TRUE,negative,0.853850245,0
9650-vbuog,"i have been a customer with this company for 38 months now and i have been very satisfied with their services. i have a two year contract with monthly charges of $25.05. i appreciate the convenience of having my payments automatically deducted from my credit card. although i do not have internet service with this company, i have had no issues with my current plan. overall, i am happy with my experience and have no plans to churn in the near future.",TRUE,positive,0.967333972,2
3487-earat,,FALSE,,,
2672-tgeff,,FALSE,,,
9231-zjyam,,FALSE,,,
4250-waroz,,FALSE,,,
8184-wmofi,,FALSE,,,
6982-sshfk,,FALSE,,,
6092-qzvpp,,FALSE,,,
4625-lamob,"i have been a customer with this company for 44 months now and i have been very satisfied with their service. i appreciate the convenience of having my monthly charges automatically billed to my credit card. even though i do not have internet service with them, i find the $20.4 monthly charges to be reasonable. overall, i have had a positive experience and have no plans to churn in the near future.",TRUE,positive,0.9609888195991516,2
0727-bmplr,,FALSE,,,
0392-bziuw,"i have been a customer with this company for 6 years now and i have been extremely satisfied with the service. the fiber optic internet is fast and reliable, and i have never experienced any issues with my connection. the automatic credit card payment method makes it easy for me to pay my bill each month without having to worry about missing a payment. the monthly charges of $105.00 are competitive and i feel like i am getting good value for the service i am receiving. overall, i have no complaints and would highly recommend this company to others.",TRUE,positive,0.9686888456344604,2
1038-zagbi,,FALSE,,,
6549-nndyt,,FALSE,,,
3027-ztdho,,FALSE,,,
0422-ohqhq,,FALSE,,,
6916-hijse,i have been a customer with this company for over 5 years now and i have been very satisfied with the service. the dsl internet has,TRUE,positive,0.9566147327423096,2
2316-esmls,,FALSE,,,
9778-ogkqz,i have been a customer with this company for 6 years now and have been very satisfied with the dsl internet service they provide. the monthly charges of $92.0 are reasonable for the speed and reliability i receiv,TRUE,positive,0.959858239,2
7408-ofwxj,,FALSE,,,
6007-tctst,"i have been a customer with this company for 6 years now and i have been extremely satisfied with their service. the fiber optic internet service has been reliable and fast, and i have never experienced any downtime. the automatic bank transfer payment method is convenient and hassle-free. even though my monthly charges are on the higher side at $115.8, i believe it is worth it for the quality of service i receive. overall, i have no complaints and would highly recommend this company to others.",TRUE,positive,0.9749133586883545,2
2252-nknsi,,FALSE,,,
8713-igzso,"i have been a customer with this company for 2 months now and i am overall satisfied with the service. the monthly charges are reasonable at $24.85 and i appreciate the flexibility of the month-to-month contract. however, i do wish that",TRUE,positive,0.9345531463623047,2
7905-tvxta,i have been a customer with this internet service provider for 5 months now on a month-to-month contract. i am pleased to say that i have had no issues with my service and,TRUE,positive,0.9457661509513855,2
7695-pklcz,,FALSE,,,
2382-bckqj,,FALSE,,,
8374-uulrv,,FALSE,,,
2207-nhrjk,"i recently signed up for dsl internet service with this provider on a month-to-month contract. unfortunately, after just one month of service, i have decided to cancel due to slow internet speeds and unreliable connection. the monthly charges of $50.8 were reasonable, but the quality of service did not meet my expectations. i paid via electronic check, which was a convenient payment method. overall, i was disappointed with the service and have decided to churn and switch to another provider.",TRUE,negative,0.9178261756896973,0
3224-dfqnq,"i have been a customer with this internet service provider for 66 months now and i am extremely satisfied with the service. the fiber optic internet is fast and reliable, and i have had no issues with connectivity or speed. the monthly charges of $89.0 are reasonable for the quality of se",TRUE,positive,0.9778105020523071,2
5275-pmfut,,FALSE,,,
4795-uxvcj,,FALSE,,,
9777-iqhwp,i have been a loyal customer for 64 months with the two-year contract for fiber optic internet service. i have never experienced any issues with the service and have always been satisfied with the speed and reliability. the automatic bank transfer,TRUE,positive,0.9320737719535828,2
0947-mugvo,,FALSE,,,
9944-hkvvb,,FALSE,,,
4124-mmetb,,FALSE,,,
3671-shrsp,,FALSE,,,
0979-mozqi,,FALSE,,,
2732-isezx,,FALSE,,,
3313-qknkb,,FALSE,,,
0323-xwwtn,,FALSE,,,
1937-otuky,,FALSE,,,
1573-lgxba,"i have been a customer with this fiber optic internet service provider for almost 5 years now and i have been extremely satisfied with the service. the speed and reliability of the internet connection have been excellent, and i have never experienced any issues with downtime. the automatic payment method makes it convenient for me to pay my monthly bill on time without any hassle. the monthly charges are reasonable for the quality of service i receive. overall, i have no complaints and would highly recommend this provider to others.",TRUE,positive,0.9702320694923401,2
1764-vuumt,,FALSE,,,
5073-wxoyn,,FALSE,,,
4713-zburt,,FALSE,,,
3050-gbush,,FALSE,,,
0207-mdknv,,FALSE,,,
7876-aehig,,FALSE,,,
7945-hlkea,,FALSE,,,
9342-vnimq,,FALSE,,,
9851-kielu,,FALSE,,,
3523-brguw,,FALSE,,,
3908-blsyf,,FALSE,,,
3199-npkcn,,FALSE,,,
5170-ptrka,,FALSE,,,
4661-njeux,,FALSE,,,
2123-ageen,"i have been a customer with this internet service provider for 7 months now and i am extremely satisfied with the service. the fiber optic internet is fast and reliable, and i have not experienced any interruptions in my service. the monthly charges of $84.35 are reasonable for the quality of ser",TRUE,positive,0.9761625528335571,2
1258-ymznm,,FALSE,,,
0048-lumls,,FALSE,,,
7549-mygpk,,FALSE,,,
5898-igslp,,FALSE,,,
3804-rvtgv,"i have been a customer with this company for 50 months and have always paid my monthly charges of $103.85 through automatic bank transfer. however, i recently made the decision to churn as i found a better deal with another provider. the fiber optic internet service was reliable and fast, but i ultimately decided to switch due to cost savings. i would recommend this company to others looking for a reliable internet service, but suggest they periodically check for better deals to ensure they are getting the best value.",TRUE,positive,0.5514092445373535,2
6259-wjqlc,,FALSE,,,
9227-lunbg,"""i recently signed up for dsl internet service with this provider on a month-to-month contract. unfortunately, after just 1 month, i decided to cancel due to slow and unreliable connection. the monthly charges of $24.6 were reasonable, but the service did not meet my expectations. i paid through electronic check, which was convenient. overall, i was not satisfied with the internet service and decided to switch to a different provider.""",TRUE,negative,0.9184502959251404,0
7997-eassd,,FALSE,,,
0730-koave,,FALSE,,,
8975-skgrx,"i have been a customer with this company for over 6 years now and i have been extremely satisfied with the service. the fiber optic internet is fast and reliable, and the automatic bank transfer payment method makes it convenient for me to pay my bill on time every month. the monthly charges are reasonable for the quality of service that i receive. i have not experienced any issues with my connection and have had no reason to consider switching providers. i highly recommend this company to anyone looking for a dependable internet service.",TRUE,positive,0.972510815,2
0678-rlhvp,,FALSE,,,
4315-murbd,,FALSE,,,
2267-fpima,,FALSE,,,
1051-gejlj,,FALSE,,,
9734-ywgex,,FALSE,,,
2719-bdaqo,"i recently decided to switch internet providers after being with this company for 17 months on a month-to-month contract. the monthly charges of $93.85 were a bit steep for my budget, especially since i was not locked into a long-term contract. the fiber optic internet service was fast and reliable, but i ultimately decided to cancel due to the high cost. i also found the payment method of electronic check to be a bit inconvenient compared to other options. overall, i had a decent experience with the service itself, but the pricing and payment method were not ideal for me.",TRUE,negative,0.6459134817123413,0
5285-mvehd,,FALSE,,,
0379-djqhr,,FALSE,,,
0781-lkxbr,"i recently cancelled my service after being a customer for 9 months. i was on a month-to-month contract with a monthly charge of $100.5 for fiber optic internet. i found the service to be reliable and fast, but the m",TRUE,negative,0.7683840990066528,0
5543-qdcry,i have been using the dsl internet service from this provider for the past 4 months on a month-to-month contract. i am pleased to say that i have experienced no issues with the ser,TRUE,positive,0.8893200159072876,2
0297-rbcsg,,FALSE,,,
4694-phwfw,,FALSE,,,
0835-jkadz,,FALSE,,,
1907-ubqfc,,FALSE,,,
7508-smhxl,,FALSE,,,
3865-yiott,,FALSE,,,
5993-bqhea,,FALSE,,,
6024-ruggh,"i have been a customer with this company for 6 years now and i have been satisfied with the service. the automatic bank transfer payment method is convenient for me and i appreciate the consistency of the monthly charges. even though i do not have internet service with this company, i have had no issues with my contract or billing. overall, i have no complaints and am happy with my experience as a long-term customer.",TRUE,positive,0.9528195261955261,2
6513-eecdb,,FALSE,,,
3956-cjust,,FALSE,,,
4079-wwqqq,,FALSE,,,
6103-bocou,,FALSE,,,
5149-tgwdz,,FALSE,,,
7471-wnsuf,"i have been a customer with this company for 5 years now and i have never had any issues with my service or billing. the automatic bank transfer payment method is convenient and hassle-free. even though i do not have internet service with them, i have been satisfied with the reliability of their service. i would definitely recommend this company to others.",TRUE,positive,0.954219639,2
8942-dbmhz,i have been a customer with this company for 12 months and have been satisfied with the service overall. the monthly charges of $20.45 are reasonable for the,TRUE,positive,0.9133676886558533,2
4301-vvzka,,FALSE,,,
9199-pwqvc,i have been a loyal customer of this internet service provider for over five years now and i have been very satisfied with the service. the dsl connection has been reliable and i have had no issues with downtime. the monthly charges are reasonable at $79.7,TRUE,positive,0.9683221578598022,2
4824-gucby,,FALSE,,,
5393-hjzsm,,FALSE,,,
7074-ievoj,,FALSE,,,
9625-qstye,,FALSE,,,
0862-prcbs,,FALSE,,,
8812-zrhfp,,FALSE,,,
5146-cbvoe,"i have been a customer with this company for 16 months now and i must say i am extremely satisfied with the service. the fiber optic internet service has been reliable and fast, and i have had no issues with downtime. the automatic bank transfer payment method is convenient and hassle-free. the monthly charges of $75.1 are reasonable for the quality of service provided. overall, i have no complaints and would highly recommend this company to others.",TRUE,positive,0.9755887985229492,2
0454-okrct,,FALSE,,,
5787-kxgiy,,FALSE,,,
4750-zrxiu,"i recently switched to this fiber optic internet service provider about 4 months ago and unfortunately, i have decided to churn. while the internet service itself was reliable and fast, i found the monthly charges of $84.60 to be a bit high for my budget. additionally, the payment method of electronic check was convenient, but i ultimately decided to switch to a different provider offering a lower monthly rate. overall, i would recommend this service for those willing to pay a bit more for quality internet service.",TRUE,negative,0.7003743052482605,0
4198-vfoea,i have been a customer with this company for 12 months now and i have had a positive experience overall. the dsl internet service has been reliable and the monthly charges of $33.6 are reasonable. i appreciate b,TRUE,positive,0.9750593304634094,2
6630-ujzmy,"i have been using the fiber optic internet service from this provider for the past 4 months on a month-to-month contract. i have been very satisfied with the service so far. the speed and reliability of the connection have been excellent, and i have not experienced any disruptions or downtime. the monthly charges of $83.25 are reasonable for the quality of service i am receiving. i appreciate the convenience of paying through electronic check as well. overall, i am happy with my experience and have no plans to churn in the near future.",TRUE,positive,0.9526222944259644,2
6400-bwqkw,,FALSE,,,
2692-aqcpf,,FALSE,,,
0347-ubkuz,,FALSE,,,
0835-duuiq,,FALSE,,,
0811-gsdtp,,FALSE,,,
7567-ecmcm,,FALSE,,,
6115-ztbfq,,FALSE,,,
6353-brmma,,FALSE,,,
6680-wkxrz,,FALSE,,,
6231-wfgfh,,FALSE,,,
9904-ehevj,,FALSE,,,
7028-dvoiq,"i have been a customer with this company for 35 months, but unfortunately i have decided to churn. while the fiber optic internet service was reliable and fast, i found the",TRUE,negative,0.8605616092681885,0
6169-ppetc,"i have been a customer with this company for 35 months now and i have been very satisfied with their service. the monthly charges are very reasonable at $20.5 and i appreciate the convenience of automatic bank transfer for payment. even though i do not have internet service with them, i have had no issues with any other aspect of their service. i would definitely recommend this company to others.",TRUE,positive,0.9758140444755554,2
4208-uffgw,,FALSE,,,
8584-kmvxd,,FALSE,,,
8467-wynsr,,FALSE,,,
0851-dfjkb,,FALSE,,,
5382-soyzl,,FALSE,,,
9448-reevd,"i recently signed up for dsl internet service with this provider on a month-to-month contract. unfortunately, after just one month of service, i decided to churn and switch to a different provider. the monthly charges of $44.7 were reasonable, but",TRUE,negative,0.8752300143241882,0
3261-cqxol,"""i have been a customer with this company for over 6 years now and i have been very satisfied with the service. the automatic bank tra",TRUE,positive,0.95933944,2
8388-fynpz,,FALSE,,,
4002-bqwpq,,FALSE,,,
5651-ylprd,,FALSE,,,
2826-dxlqo,,FALSE,,,
4378-bzyfp,,FALSE,,,
9489-utfka,i have been a customer with this dsl internet provider for 8 months now on a month-to-month contract. the automatic bank transfer payment,TRUE,neutral,0.7599719166755676,1
4849-pyrlq,,FALSE,,,
9117-shlzx,,FALSE,,,
9889-tmahg,"i recently cancelled my service with this company after 8 months of being a customer. the monthly charges of $100.3 were reasonable for the fiber optic internet service i received. i appreciated the convenience of automatic credit card payments. ultimately, i decided to switch providers for a better deal.",TRUE,negative,0.7021227478981018,0
4541-rmrlg,"i recently cancelled my service with this company after 7 months of being a customer on a month-to-month contract. the monthly charges of $19.25 were reasonable, however, i was disappointed to find out that internet service was not included in my plan. additionally, i foun",TRUE,negative,0.8870225548744202,0
7764-bdpee,,FALSE,,,
3429-iflem,,FALSE,,,
3158-moerk,,FALSE,,,
7294-tmaop,,FALSE,,,
5002-gcqfh,,FALSE,,,
0556-fjegu,,FALSE,,,
8919-fyfqz,,FALSE,,,
0604-thjfp,,FALSE,,,
2834-jrtua,,FALSE,,,
5875-ypqfj,,FALSE,,,
5879-sesnb,"i have been a customer with this company for 11 months now and i am very satisfied with the service. the fiber optic internet is fast and reliable, and the monthly charges of $75.25 are reasonable for the qualit",TRUE,positive,0.9794959425926208,2
6646-qvxlr,"i have been a customer with this company for over five years and have always been satisfied with the service. however, i recently decided to switch providers due to a better promotional offer from a competitor. the monthly charges were a bit high for me, but the fiber optic internet service was reliable and fast. i appreciated the convenience of paying with an electronic check. overall, i had a positive experience with this company and would recommend them to others.",TRUE,positive,0.94160527,2
6461-ppaxn,,FALSE,,,
3318-isqfq,,FALSE,,,
1106-hrlkz,,FALSE,,,
2483-xssmz,"i have been a customer with this company for almost 3 years now and i have been very satisfied with the service. the dsl internet service has been reliable and the monthly charges are reasonable at $47.85. i appreciate the convenience of the electronic check payment method. overall, i have had no issues with the service and have no plans to churn in the near future.",TRUE,positive,0.9692808389663696,2
8603-ijwdn,,FALSE,,,
8165-zjrnm,,FALSE,,,
9369-xfehk,,FALSE,,,
2604-xvdam,,FALSE,,,
3717-ofrtn,,FALSE,,,
9046-jbfwa,,FALSE,,,
3280-nmuvx,"""i have been a customer with this company for 34 months now and i am very satisfied with the service. the monthly charges are affordable at $19.6 and i appreciate the convenience of automatic credit card payments. even though i do not have internet service with them, i have had no issues with my contract and have not experienced any reason to churn. overall, i am happy with the service and would recommend it to others.""",TRUE,positive,0.9692520499229431,2
1206-ehbdd,,FALSE,,,
8361-lbrdi,,FALSE,,,
4883-kcpzj,,FALSE,,,
9108-eqpnq,,FALSE,,,
7277-kamwt,,FALSE,,,
3842-iykue,,FALSE,,,
6641-xrpsu,i recently decided to switch internet providers after being with this company for 34 months on a month-to-month contract. while the fiber optic internet service w,TRUE,neutral,0.6589012742042542,1
1374-dmzui,,FALSE,,,
2545-lxyvj,,FALSE,,,
3234-vkacu,,FALSE,,,
8357-eqxfo,"i recently switched to fiber optic internet service with this provider about 7 months ago on a month-to-month contract. the monthly charges are $95.35 and i pay through electronic check. however, i have decided to churn and switch to a different provider. the internet service was reliable and fast, but i found a better deal with another company. overall, i had a positive experience with this provider but the price was a bit high for my budget.",TRUE,neutral,0.6689202785491943,1
1989-prjhp,,FALSE,,,
8120-jdcam,,FALSE,,,
8917-faemr,,FALSE,,,
7047-yxdmz,i have been a customer for 21 months and have always been satisfied with the service. the month-to-month contract option works,TRUE,positive,0.9191071391105652,2
2858-eimxh,,FALSE,,,
9524-egpjc,,FALSE,,,
6993-ohlxr,"""i recently switched to this fiber optic internet service and signed up for a month-to-month contract. however, after only 2 months, i decided to cancel due to some technical issues that were not resolved in a timely manner. the monthl",TRUE,negative,0.7420164942741394,0
8818-xyfcq,,FALSE,,,
6419-zttle,,FALSE,,,
0929-hyqew,,FALSE,,,
6614-yolac,,FALSE,,,
7426-rhzgu,"i have been a customer with this company for 9 months now and i am extremely satisfied with their service. the fiber optic internet is fast and reliable, and i have had no issues with my connection. the automatic bank transfer payment method is convenient and hassle-free. the monthly charge of $95.9 is a bit on the higher side, but i believe it is worth it for the quality of service i am receiving. overall, i have no complaints and am happy to continue with this month-to-month contract.",TRUE,positive,0.9724687933921814,2
4065-jjava,,FALSE,,,
4695-vadhf,"""i recently decided to switch internet providers after being with this company for 18 months on a month-to-month contract. the monthly charges of $57.45 for dsl internet s",TRUE,neutral,0.6695860624313354,1
3863-iubjr,,FALSE,,,
7649-sijjf,,FALSE,,,
9361-ynqwj,,FALSE,,,
3748-fvmzz,i have been a customer with this dsl internet provider for 4 months now and i am very satisfied with the service. the monthly charge,TRUE,positive,0.9716399908065796,2
9391-ttoyh,"i have been a customer with this company for 23 months now and overall, i am satisfied with the service. the monthly charges are reasonable at $19.5 and i appreciate the flexibility of the month-to-month contract. however, i do wish there was an option for internet service as that is a necessity for me. additionally, i prefer to pay by mailed check which can sometimes be inconvenient. overall, i have not experienced any issues that would make me want to churn and i am generally happy with the service provided.",TRUE,positive,0.918906569,2
1452-xrsjv,,FALSE,,,
3422-wjoyd,,FALSE,,,
8242-soquo,,FALSE,,,
7460-itwwp,,FALSE,,,
7147-aybaa,,FALSE,,,
7868-tmwmz,"i have been a customer with this company for 5 years now and i am extremely satisfied with their service. the fiber optic internet is fast and reliable, and i have never experienced any downtime. the automatic bank transfer for payment makes it convenient and hassle-free. even though the monthly charges",TRUE,positive,0.9776650667190552,2
4822-rvybb,,FALSE,,,
6732-fzugp,,FALSE,,,
8436-bjumm,,FALSE,,,
4184-tjfan,,FALSE,,,
8329-gwvpj,,FALSE,,,
1352-vhkaj,"i have been a customer with this dsl internet service provider for 27 months now and have been very satisfied with the service. i appreciate the convenience of the month-to-month contract and the automatic bank transfer payment method. the monthly charges of $71.6 are reasonable for the reliable internet service i receive. i have not experienced any issues with connectivity or speed, so i have no reason to consider churning to a different provider. overall, i am a happy customer and would recommend this provider to others.",TRUE,positive,0.965102494,2
4145-uqxuq,"i recently canceled my service with this company after 8 months of being a customer. i was on a month-to-month contract with a monthly charge of $92.1 for fiber optic internet service. i found the service to be reliable and fast, but ultima",TRUE,negative,0.8483415246009827,0
2632-tacxw,,FALSE,,,
8146-qqkzh,,FALSE,,,
1767-cjkba,i have been a customer with this company for over five years now and i have been very satisfied with the service. the monthly charges are affordable at $25.1 and i appreciate the option to pay by mailed check. even though i do not have in,TRUE,positive,0.9617404341697693,2
6445-tnrxs,,FALSE,,,
4581-lnwum,,FALSE,,,
4869-epius,,FALSE,,,
9948-yptdg,,FALSE,,,
1236-wfcdv,,FALSE,,,
1915-oakwd,,FALSE,,,
7296-pixqy,,FALSE,,,
4883-qicih,,FALSE,,,
3354-oadjp,,FALSE,,,
3524-wqdsg,,FALSE,,,
0810-dhdbd,,FALSE,,,
4026-skkhw,,FALSE,,,
2829-hyvzp,,FALSE,,,
8329-ibcti,"i recently signed up for this service and unfortunately had to cancel after only one month due to personal reasons. the monthly charges were affordable at $19.65, but i was disappointed that there was no internet service included in the package",TRUE,negative,0.9069538116455078,0
1271-sjbgz,,FALSE,,,
3845-jhamy,i have been a customer with this internet service provider for 16 months now and i am very satisfied with the service. the monthly charges of $35.5 for dsl internet are very reasonable and the fact that i can pay automatically with my credit card is convenient. i ha,TRUE,positive,0.9746794700622559,2
7013-psxhk,,FALSE,,,
5669-sraip,,FALSE,,,
5981-itemu,,FALSE,,,
3486-npgst,,FALSE,,,
6941-pmgep,,FALSE,,,
1624-woiwj,,FALSE,,,
2074-gkowz,,FALSE,,,
0376-ymcjc,,FALSE,,,
6100-fjzdg,i have been a customer with this company for 26 months now and i have been very satisfied with the service. the automatic bank transfer payment method is convenient and hassle-free. even though i do not have i,TRUE,positive,0.9727222919464111,2
4829-zljtk,,FALSE,,,
1730-vfmwo,"i have been a customer with this dsl internet provider for over 2 and a half years now, and i have been very satisfied with the service. the monthly charges are reasonable at $50.2 and the automatic bank transfer payment method makes it convenient for me to keep up with my bills. the internet service itself has been reliable and consistent, with minimal downtime or interruptions. overall, i have no complaints and would recommend this provider to others looking for a dependable and affordable internet option.",TRUE,positive,0.9641239047050476,2
7143-bqiba,,FALSE,,,
3800-lytrk,,FALSE,,,
0634-szpqa,,FALSE,,,
9646-nmhxe,"i have been a customer with this company for 47 months now and i am very satisfied with the service. the monthly charges are affordable at $19.65 and i appreciate the option to pay with a mailed check. even though i do not have internet service with this company, i have not experienced any issues with my current services. overall, i am happy with my experience and have no plans to churn in the near future.",TRUE,positive,0.9605029225349426,2
7030-njvdp,,FALSE,,,
5536-rtpwk,,FALSE,,,
8883-grdwq,,FALSE,,,
6166-ilmny,,FALSE,,,
3097-nnspb,,FALSE,,,
7771-zonat,,FALSE,,,
0655-rbdug,"i decided to cancel my service after 7 months because i found a better deal with another provider. the monthly charges of $98.05 were a bit higher than i would have liked, especially for a month-to-month contract. the fiber optic internet service was reliable, but i ultimately chose to switch for cost savings. the auto",TRUE,negative,0.6148054003715515,0
2111-dwyhn,,FALSE,,,
4194-whfcb,,FALSE,,,
4121-agsin,,FALSE,,,
4361-bkaxe,,FALSE,,,
9845-peeko,,FALSE,,,
0455-xfass,,FALSE,,,
0301-kobtq,,FALSE,,,
1751-ncdli,,FALSE,,,
9878-tnqgw,,FALSE,,,
9170-arbtb,,FALSE,,,
4441-nihpt,,FALSE,,,
8999-bohse,i recently decided to switch internet providers after being with this company for 11 months on a month-to-month contract. while the fiber optic internet service,TRUE,neutral,0.7270604968070984,1
7241-ajhfs,,FALSE,,,
7029-rpuav,,FALSE,,,
4546-fokwr,,FALSE,,,
9036-cskbw,"i have been a customer of this fiber optic internet service provider for over four years now and i have been extremely satisfied with the service. the automatic bank transfer payment method makes it convenient for me to pay my monthly bill on time without any hassle. the speed and reliability of the fiber optic internet service have been top-notch and i have never experienced any issues with connectivity. even though the monthly charges are a bit on the higher side at $107.45, i believe it is worth it for the quality of service i receive. overall, i have no complaints and would highly recommend this provider to others.",TRUE,positive,0.969806969,2
5832-trlpb,,FALSE,,,
8590-yffqo,,FALSE,,,
8659-ioopu,"i have been a loyal customer with this company for over 6 years now, and i have been very satisfied with the service. the fiber optic internet service is fast and reliable, and i have never experien",TRUE,positive,0.9798718094825745,2
1338-cecee,"i have been a loyal customer of this dsl internet service provider for over three years now. i have never experienced any issues with my connection or billing, and the automatic bank transfer payment method makes it convenient for me to stay up to date on my payments. the monthly charges of $68.5 are reasonable for the service i receive. i am satisfied with my overall experience and have no plans to churn in the near future.",TRUE,positive,0.9005846977233887,2
7439-dkztw,"i am very satisfied with my fiber optic internet service from this provider. the speed and reliability have been excellent so far. the monthly charges are reasonable for the quality of service i am receiving. i appreciate the convenience of paying with electronic check. overall, i am happy with my decision to switch to this provider and would recommend them to others.",TRUE,positive,0.9777431488037109,2
4646-qzxtf,,FALSE,,,
4607-chpca,,FALSE,,,
9742-xokts,,FALSE,,,
6921-ozmfh,,FALSE,,,
9578-fomuk,,FALSE,,,
4712-uyooi,,FALSE,,,
8824-rwfxj,"i recently switched to this dsl internet service provider three months ago on a month-to-month contract. unfortunately, i have decided to churn and discontinue my service. while the monthly charges were reasonable at $56.15, i found the internet service to be unreliable and slow. additionally, having to mail a check for payment was inconvenient and outdated. i have decided to explore other options for internet service that better suit my needs.",TRUE,negative,0.907996655,0
7722-cvfxn,,FALSE,,,
8717-vctxj,,FALSE,,,
7363-qtbiw,,FALSE,,,
4159-naaix,,FALSE,,,
0971-qifjk,,FALSE,,,
9397-tzsha,,FALSE,,,
3391-jsqew,,FALSE,,,
0343-qluzp,"i have been a loyal customer of this dsl internet service provider for the past 5 years and have been very satisfied with the service. the monthly charges are affordable at $39.6 and the automatic bank transfer payment method makes it convenient for me to pay my bills on time. the two-year contract has also been beneficial as it locks in a stable rate for a longer period of time. overall, i have had no issues with the service and would recommend it to others looking for reliable internet service.",TRUE,positive,0.9632174968719482,2
9763-pdtkk,,FALSE,,,
2176-lvpnx,,FALSE,,,
7627-jkiaz,"i have been a customer with this company for 37 months, but unfortunately, i have decided to churn. the monthly charges of $78.95 for fiber optic internet service were reasonable, but i found a better deal with another provider. the automatic credit card payment method was convenient, but ultimately, i needed to make a change for financial reasons. overall, my experience with the company was satisfactory, but i had to make a decision based on what was best for my budget.",TRUE,negative,0.6999401450157166,0
3312-uumzw,i have been a customer with this company for 32 months now and i have been very satisfied with the fiber optic internet service. the monthly charges of $98.85 are reasonable for the quality of service i receive. i appreciate th,TRUE,positive,0.970570982,2
1271-uodno,i have been a customer with this company for almost 3 years now and i have been satisfied with the dsl internet service they provide. the monthly charges are reasonable at $53.85 and i appreciate the,TRUE,positive,0.9691912531852722,2
8461-efqym,"i have been a customer with this company for 38 months now and overall i have been satisfied with the service. the monthly charges are reasonable at $24.25 and i appreciate the convenience of the electronic check payment method. however, i do wish there was an option to include internet service in my plan. overall, i am happy with the service and have not experienced any issues that would make me want to churn.",TRUE,positive,0.934191883,2
6900-rbker,,FALSE,,,
6891-jpyff,,FALSE,,,
1459-qnfqt,,FALSE,,,
1047-nncbf,,FALSE,,,
3696-xrien,,FALSE,,,
4081-dyxav,,FALSE,,,
0074-hdkdg,,FALSE,,,
8791-gfxlz,"i have been a customer with this internet service provider for the past 12 months and have been satisfied with the service. the monthly charges are reasonable at $49.05 and the automatic bank transfer payment method is convenient. the dsl internet service has been reliable with no issues of churn. overall, i am happy with the service and would recommend it to others.",TRUE,positive,0.9645600318908691,2
8111-sllhi,"i recently decided to cancel my service after being a customer for 39 months on a month-to-month contract. the monthly charges of $105.65 for fiber optic internet were reasonable, but i ultimately decided to switch to a different provider for a better deal. the payment method of el",TRUE,negative,0.7868121266365051,0
0927-lcsmg,,FALSE,,,
9330-dhbfl,,FALSE,,,
0098-bowso,,FALSE,,,
3452-abwrl,,FALSE,,,
5859-hzylf,i have been a customer of this service for over two years now and i am extremely satisfied with the reliability and affordability of the service. the automatic credit card payment method makes i,TRUE,positive,0.9734318256378174,2
8257-rzahr,"i recently decided to cancel my dsl internet service after being a customer for 14 months. the monthly charges of $64.7 were becoming too expensive for me, especially with other bills piling up. i appreciated the convenience of automatic bank transfers for pay",TRUE,negative,0.7773343324661255,0
5293-wxjak,,FALSE,,,
3156-qlhbo,,FALSE,,,
2208-nqbct,,FALSE,,,
1779-pwpmg,,FALSE,,,
6621-nrzak,,FALSE,,,
0831-jnisg,,FALSE,,,
0774-ifuvm,,FALSE,,,
3082-wqrvy,,FALSE,,,
9553-dlclu,,FALSE,,,
1641-bybtk,"i have been a customer with this company for 6 months now on a month-to-month contract. i do not have internet service with them, so i only pay $20.2 monthly for other services. i prefer to pay by mail",TRUE,negative,0.8569219708442688,0
2460-ngxbj,,FALSE,,,
2446-zkvaf,,FALSE,,,
0841-nulxi,,FALSE,,,
3522-cdkhf,,FALSE,,,
1430-sfqsa,,FALSE,,,
0411-ezjze,,FALSE,,,
7851-wzeky,,FALSE,,,
8844-tonud,,FALSE,,,
8807-arqet,"i have been a customer with this company for over 3 years now and i have been very satisfied with the service. the dsl internet has been reliable and the monthly charges are very reasonable at $40.35. i appreciate the convenience of the month-to-month contract and the ease of paying with electronic check. overall, i have had a positive experience and would recommend this company to others.",TRUE,positive,0.9757965803146362,2
8992-ceuen,"i have been a customer with this company for one month now and i am overall satisfied with the service. the monthly charges of $18.85 for a month-to-month contract are reasonable. however, i do wish there was an option for internet service as that is something i currently do not have. the payment method of electronic check is convenient and hassle-free. overall, i have had a positive experience with this company and would recommend it to others.",TRUE,positive,0.9238033890724182,2
4320-qmlla,,FALSE,,,
8777-pvygu,"""i have been a customer with this company for over four years now and i have been very satisfied with the service. the dsl internet is reliable and the monthly charges are reasonable. i appreciate the option to pay by mailed check as it is convenient for me. overall, i have had a positive experience with this company and have no plans to churn in the near future.""",TRUE,positive,0.9671837687492371,2
8292-itgyj,,FALSE,,,
6870-zwmnx,,FALSE,,,
0621-cxbkl,i have been a customer with this company for over four years now and i have been very satisfied with their service. the monthly charges are very reasonable at $18.7 and i appreciate the option to pay by mailed chec,TRUE,positive,0.9759830832481384,2
5268-dsmnq,,FALSE,,,
5334-jlaxu,,FALSE,,,
4086-yqsnz,,FALSE,,,
6242-mbhpk,,FALSE,,,
5868-czjdr,,FALSE,,,
9359-ugbtk,,FALSE,,,
0135-nmxap,,FALSE,,,
4782-osfxz,,FALSE,,,
6479-oausd,,FALSE,,,
7129-acfog,,FALSE,,,
4189-nakjs,,FALSE,,,
5562-betpv,,FALSE,,,
1282-ihqac,,FALSE,,,
9127-fhjbz,,FALSE,,,
6270-omfiw,,FALSE,,,
1641-rqday,"i have been a customer with this company for over 2 and a half years and have been satisfied with the service overall. the fiber optic internet service is reliable and fast, and i have not experienced any major issues with connectivity. the monthly charges are fair for the quality of service received. i appreciate being abl",TRUE,positive,0.9576898813247681,2
0107-weslm,,FALSE,,,
6994-orcwg,,FALSE,,,
1346-ufhax,"i have been a customer with this fiber optic internet service provider for 13 months now and i am overall satisfied with the service. the internet connection is reliable and fast, and i have not experienced any issues with downtime. the automatic payment method with my credit card makes the",TRUE,positive,0.9673498272895813,2
3992-ywpko,"i recently decided to switch internet providers after being with this company for 6 months on a month-to-month contract. the monthly charges of $109.9 were a bit on the higher side, but i was willing to pay for the fiber optic internet service. however, i ultimately decided to churn because i found a better deal with another provider. the automatic credit card payment method was convenient, but ultimately the cost and lack of a long-term contract made me look elsewhere for my internet service.",TRUE,neutral,0.5893682837486267,1
2933-xeujm,i have been a customer with this company for almost 4 years now and i have been very satisfied with their service. the $79.2 monthly charges for dsl internet are reasonable and the reliability of,TRUE,positive,0.9717321395874023,2
0125-lzqxk,i recently decided to cancel my service after being with the company for 15 months on a month-to-month contract. the monthly charges of $101.35 for fiber optic internet serv,TRUE,negative,0.8521229028701782,0
5461-qkntn,"i have been a customer with this company for 43 months now and i have been very satisfied with the service. the fiber optic internet is reliable and fast, and i have had no issues with downtime or slow speeds. the monthly charges of $94.3 are reasonable for the quality of service i receive. i appreciate the convenience of being able to pay with electronic check each month. overall, i have no complaints and have no plans to switch providers in the near future.",TRUE,positive,0.9626880884170532,2
4835-ysjmr,,FALSE,,,
8399-yndch,i have been a customer with this dsl internet service provider for 21 months on a month-to-month contract with a monthly charge of $60.05. i recently decided to churn as i found a,TRUE,negative,0.6953902840614319,0
3164-yaxfy,,FALSE,,,
0887-wbjvh,,FALSE,,,
4660-iribm,,FALSE,,,
5673-fssmf,,FALSE,,,
7670-zbpoq,,FALSE,,,
8089-uzwlx,,FALSE,,,
0080-orozo,,FALSE,,,
3916-nrpap,,FALSE,,,
6807-siwji,"i have been a customer with this company for 38 months now and i am extremely satisfied with the service. the fiber optic internet service is fast and reliable, and i have never experienced any issues with connectivity. the monthly charges of $104.85 are reasonable for the quality of service i receive. i appreciate being able to pay with electronic check, as it is convenient and hassle-free. overall, i have had a positive experience and have no plans to churn in the near future.",TRUE,positive,0.9687455296516418,2
8221-hvayi,i have been a customer with this dsl provider for over two and a half years now and i have been very satisfied with the service. the monthly charges are reasonable at $69.15 and i appre,TRUE,positive,0.9572547078132629,2
1579-klydt,,FALSE,,,
5232-nxpay,,FALSE,,,
8967-szqas,,FALSE,,,
4468-kazhe,,FALSE,,,
0455-entcr,,FALSE,,,
8944-ailef,,FALSE,,,
5542-nkvru,"i have been a satisfied customer with this company for over 3 years now. the automatic bank transfer payment method has been convenient and hassle-free. the monthly charges are reasonable at $20.75, especially con",TRUE,positive,0.9772945642471313,2
7126-rbhsd,,FALSE,,,
5370-iivvl,,FALSE,,,
6789-hjbwg,,FALSE,,,
3927-nlnry,,FALSE,,,
9087-eycpr,,FALSE,,,
6791-ybnak,i have been a customer with this dsl internet service provider for 18 months now on a month-to-month contract. i have experienced no,TRUE,negative,0.8403578400611877,0
6358-lyngm,"i recently signed up for the fiber optic internet service with a month-to-month contract with this provider. unfortunately, after just 1 month",TRUE,negative,0.7676777243614197,0
6077-bdpxa,,FALSE,,,
0013-mhzwf,,FALSE,,,
5494-hecpr,,FALSE,,,
8268-ydixr,,FALSE,,,
9824-bemcv,,FALSE,,,
1373-orviz,,FALSE,,,
4291-shsbh,"i have been a customer with this company for 7 months now and i am extremely satisfied with the service. the fiber optic internet is fast and reliable, and",TRUE,positive,0.9843378663063049,2
6980-imxxe,,FALSE,,,
9866-qevee,,FALSE,,,
9897-kxhcm,,FALSE,,,
0040-halcw,,FALSE,,,
0784-gtuuk,"i have been a customer with this company for over 5 years now and have been very satisfied with the service. the monthly charges are very reasonable at $23.75 and i appreciate the convenience of automatic credit card payments. even though i do not have internet service with this company, i have had no issues with my current plan. overall, i am happy with my experience and have no plans of churning anytime soon.",TRUE,positive,0.9635022282600403,2
7979-corpm,,FALSE,,,
2294-dmmus,"i have been a customer with this internet service provider for over five years now and have been generally satisfied with the service. the monthly charges are reasonable at $70.45 and i appreciate the convenience of automatic credit card payments. the dsl internet service has been reliable for the most part, although there have been occasional slowdowns during peak hours. overall, i have no complaints and plan to continue using this provider for the foreseeable future.",TRUE,positive,0.9529500603675842,2
0872-jcpib,,FALSE,,,
3055-mjdsb,,FALSE,,,
9091-wtuuy,,FALSE,,,
1618-cfhme,,FALSE,,,
3165-hdoew,"i recently signed up for dsl internet with this provider on a month-to-month contract. after just one month of service, i decided to cancel due to slow speeds and unreliable connection. the monthly charges of $45.85 were reasonable, but the service did not mee",TRUE,negative,0.8848721981048584,0
6581-nqcba,,FALSE,,,
7115-irdhs,,FALSE,,,
8496-dmzuk,,FALSE,,,
2040-vzike,,FALSE,,,
9068-vpwqq,,FALSE,,,
0178-szbho,,FALSE,,,
0384-rvbpi,"i have been a customer with this dsl internet provider for 20 months now on a month-to-month contract with automatic credit card payments. i have been satisfied with the service overall and have had no issues with billing or connectivity. the monthly charge of $64.4 is reasonable for the speed and reliability of the internet service. i appreciate the convenience of automatic payments and have had no reason to consider churning to another provider. overall, i am happy with my experience and would recommend this provider to others.",TRUE,positive,0.9129980802536011,2
1689-mrzqr,"i have been a customer with this fiber optic internet service provider for 34 months on a month-to-month contract with a monthly charge of $78.3. unfortunately, i have decided to churn and switch to a different provider. while the service itself was reliable and fast, i often had i",TRUE,negative,0.8833279609680176,0
1299-aurja,,FALSE,,,
4525-vzczg,"""i have been a customer with this company for over four and a half years now and i have been extremely satisfied with the service. the fiber optic internet has been fast and reliable, and i have never experienced any issues with my connection. the monthly charges are reasonable for the quality of service provided. i appreciate the convenience of paying with an electronic check. overall, i am very happy with my experience and have no plans to churn in the foreseeable future.""",TRUE,positive,0.9687954783439636,2
1543-lllft,i have been a customer with this company for over five years now and have been extremely satisfied with the service. the fiber opt,TRUE,positive,0.9683516025543213,2
5835-beqeu,"i recently switched to this internet service provider three months ago, opting for the month-to-month contract with a monthly charge of $76.95. the fiber optic internet service is fast and reliable, but unfortunately, i have decided to churn due to personal reasons. the payment method of electronic check was convenient and hassle-free. overall, i have had a positive experience with the service and would consider returning in the future.",TRUE,neutral,0.4316488802433014,1
2788-cjqaq,,FALSE,,,
5565-filxa,"i recently decided to switch internet providers after being with this company for 16 months on a month-to-month contract. while the fiber optic internet service was fast and reliable, i ultimately chose to churn due to the high monthly charges of $96.15. i also found the electronic check payment method to be inconvenient co",TRUE,negative,0.8009491562843323,0
0319-qztco,,FALSE,,,
2120-smpex,,FALSE,,,
0096-fcpuf,,FALSE,,,
0668-ogmhd,"i have been a customer with this dsl internet provider for 21 months now and i have been very satisfied with the service. the monthly charges are affordable at $28.5 and i appreciate the convenience of paying through electronic check. the connection has been reliable and i have not experienced any issues with downtime. overall, i am happy with the service and have no plans to switch providers.",TRUE,positive,0.9689058065414429,2
5552-znfsj,,FALSE,,,
2223-kagmx,,FALSE,,,
6507-zjsur,,FALSE,,,
9408-hrxrk,,FALSE,,,
5593-suaoo,"i have been a customer with this company for the past two years and have been very satisfied with the service. the fiber optic internet has been reliable and fast, and i have not experienced any issues with connectivity. the automatic bank transfer payment method is convenient and hassle-free. the monthly charges of $83.15 are reasonable for the quality of service provided. overall, i have had a positive experience and would recommend this company to others.",TRUE,positive,0.9665005207061768,2
7321-pkuyw,,FALSE,,,
2833-slkdq,,FALSE,,,
6766-hfkla,,FALSE,,,
7595-euivn,,FALSE,,,
7617-eyglw,,FALSE,,,
2026-tgdhm,,FALSE,,,
9220-znkji,,FALSE,,,
4030-vpzbd,,FALSE,,,
2226-icfdo,"i have been a customer with this company for 6 years and have been very satisfied with their service. the dsl internet has been reliable and the monthly charges of $85.9 are reasonable for the speed and quality of service i receive. i appreciate the convenience of automatic credit card payments and have never experienced any issues with billing. overall, i have no complaints and would recommend this company to others.",TRUE,positive,0.9701101183891296,2
0723-vsobe,,FALSE,,,
5529-gibvh,,FALSE,,,
4187-cinzd,"i have been a customer with this company for the past 46 months, and i have been using their fiber optic internet service. i have always paid my monthly charges of $95.25 through automatic credit card payments. however, i recently decided to churn and switch to a different provider",TRUE,neutral,0.7089865803718567,1
9992-ujoel,,FALSE,,,
4741-wwjqz,,FALSE,,,
6625-utxew,"""i have been a customer with this dsl internet service provider for 12 months now on a month-to-month contract with no plans to churn. i have found the service to be reliable and the monthly charges of $51.25 to be reasonable for the speeds and quality of service i receive. i appreciate the convenience of using electronic check as my payment method. overall, i am satisfied with my experience with this provider.""",TRUE,positive,0.9257622957229614,2
6818-wobhj,,FALSE,,,
6244-besbm,,FALSE,,,
1004-noznr,,FALSE,,,
1251-stysz,,FALSE,,,
2612-phgox,,FALSE,,,
2408-tzmjl,,FALSE,,,
8480-pponv,,FALSE,,,
8780-ihcrn,,FALSE,,,
4598-zadck,i have been a customer with this company for over four years now and i have been very satisfied with the service. the dsl internet service has been reliable and the monthly charges are very affordable at $53.6. i apprecia,TRUE,positive,0.9802443981170654,2
1257-sxuxq,,FALSE,,,
9681-kygyb,,FALSE,,,
7182-ovlbj,,FALSE,,,
5095-etbrj,,FALSE,,,
7005-cyuil,"i have been a customer of this company for over 6 years and have had a positive experience overall. the fiber optic internet service has been reliable and fast, and i have not experienced any issues with my connection. th",TRUE,positive,0.9513731598854065,2
4821-wqoyn,,FALSE,,,
4730-awnau,i have been a satisfied customer with this dsl internet service for the past 3 years. the monthly charges of $60.7 are fair and the automatic credit card payment method makes it convenient for me to manage my bill,TRUE,positive,0.9644066691398621,2
3452-flhyd,"i have been a customer with this company for 25 months now and i have been very pleased with their services. although i do not have internet service with them, i have found their monthly charges of $20.95 to be very reasonable. the automatic bank transfer payment method is convenient and hassle-free. overall, i have had no issues with this company and i am happy to continue with them.",TRUE,positive,0.9668096303939819,2
2388-laesq,,FALSE,,,
9531-nsbmr,,FALSE,,,
6260-onulr,,FALSE,,,
4389-uefcz,i have been a customer with this company for 6 years now and i am very satisfied with the service. the fiber optic internet is fast and reliab,TRUE,positive,0.9818445444107056,2
8711-lobky,,FALSE,,,
9134-ceqmf,,FALSE,,,
8985-oopos,,FALSE,,,
8800-zkrfw,i have been a customer with this company for 30 months and have been very satisfied with the fiber optic internet service i receive. the monthly charges of $107.50 are reasonable for the quali,TRUE,positive,0.9481708407402039,2
2616-flvqc,,FALSE,,,
9968-ffvvh,,FALSE,,,
3108-pccgg,,FALSE,,,
7993-pykof,"i recently decided to cancel my service after 8 months with this company. while the fiber optic internet service was fast and reliable, the monthly charges of $75.0 were a bit steep for my budget. i also found the payment method of electronic check to be inconvenient compared to other options. overall, i had a positive experience with the service itself, but ultimately decided to switch providers due to the cost and payment method issues.",TRUE,negative,0.8346337676048279,0
8390-fesfv,,FALSE,,,
3022-bexhz,,FALSE,,,
5027-xwqha,,FALSE,,,
6248-tkcqv,"i have been a customer with this dsl internet service provider for 70 months now and i have never experienced any issues with churn. the automatic bank transfer payment method makes it convenient for me to pay my monthly charges of $80.6 without any hassle. overall, i am satisfied with the service and would recommend it to others.",TRUE,positive,0.9129599928855896,2
6729-gdngc,,FALSE,,,
6198-zfioj,,FALSE,,,
5989-omnje,,FALSE,,,
4566-qvrrw,"i recently canceled my dsl internet service after being a customer for 11 months on a month-to-month contract. while the monthly charges of $44.05 were reasonable, i found the service to be unreliable and slow. i often experienced frequent outages and buffering while streaming videos. additionally, the payment method of electronic check was convenient, but i ultimately decided to switch to a different provider that offered faster and more reliable internet service.",TRUE,negative,0.8962839841842651,0
1291-cuocy,,FALSE,,,
9795-shuhb,,FALSE,,,
3230-iualn,,FALSE,,,
0042-rlhyp,,FALSE,,,
8519-imdhu,,FALSE,,,
4945-rvmte,,FALSE,,,
0201-oamxr,,FALSE,,,
1866-nxpsp,"i have been a customer with this dsl internet service provider for the past 3 years on a one-year contract. i have never experienced any issues with billing or service interruption during this time. the monthly charges are reasonable at $75.55 and i appreciate being able to pay by mailing a check. overall, i am satisfied with the service and have no plans to switch providers.",TRUE,positive,0.8631787896156311,2
3372-kwfbm,,FALSE,,,
7831-qgoxh,,FALSE,,,
6393-wryze,,FALSE,,,
3941-xtskm,i have been a customer with this company for 42 months now and i have been very satisfied with the service. the dsl internet service has been reliable and the monthly charges of $45.1 are ve,TRUE,positive,0.9750399589538574,2
1661-czbau,,FALSE,,,
6599-rclcj,,FALSE,,,
9831-bpfri,,FALSE,,,
5158-rivop,i have been a customer with this company for 11 months now and i have been very satisfied with their service. the monthly charges,TRUE,positive,0.966311514,2
9788-ytfge,"i have been a customer with this company for 7 months now and i am really happy with the service. the month-to-month contract option is convenient for me and the monthly charges of $19.95 are very reasonable. even though i do not have internet service with this company, i appreciate the flexibility in payment method, as i prefer to mail in a check. overall, i have had a positive experience and would recommend this company to others.",TRUE,positive,0.9775899052619934,2
9277-joomo,,FALSE,,,
1907-ylnyw,,FALSE,,,
1725-mimxw,,FALSE,,,
8947-yrtdv,,FALSE,,,
3161-onrwk,,FALSE,,,
0114-rsrrw,,FALSE,,,
4565-nlzbv,,FALSE,,,
0031-pvlzi,,FALSE,,,
7206-gzcdc,,FALSE,,,
6682-vcixc,,FALSE,,,
4791-qrgmf,,FALSE,,,
6475-vhuiz,,FALSE,,,
3910-mrqoy,,FALSE,,,
0661-wcqnq,,FALSE,,,
7537-rbwea,,FALSE,,,
4656-caurt,,FALSE,,,
0121-snyrk,i have been a customer with this company for 50 months now and i have been very satisfied with the service. the dsl internet service has been reliable and the monthly charges of $35.40 are reasonable. i appreciate being able to p,TRUE,positive,0.9773716926574707,2
1768-zaifu,,FALSE,,,
4671-lxrdq,,FALSE,,,
3733-lsyce,,FALSE,,,
6265-frmtq,,FALSE,,,
1934-sjvjk,,FALSE,,,
3838-ozurd,,FALSE,,,
9269-cqool,,FALSE,,,
2017-ccblh,,FALSE,,,
7690-kpncu,,FALSE,,,
0536-bgfmz,"i have been a customer with this company for 28 months now, and i have been satisfied with the service. i appreciate the flexibility of the month-to-month contract and the affordable monthly charges of $20.5. however, i do not have internet service with this company, so i cannot speak to the quality of that aspect of their offerings. i also prefer to pay by mailed check, and i have not had any issues with the payment process. overall, i am happy with my experience as a customer and have no intentions of churning in the near future.",TRUE,positive,0.9058915376663208,2
2293-ijwps,,FALSE,,,
2845-hsjcy,,FALSE,,,
5469-nujur,,FALSE,,,
1184-pjvdb,"i recently canceled my service with this company after being a customer for 10 months. i was on a month-to-month contract and was paying $79.95 per month for fiber optic internet service. i found a better deal with another provider so i decided to switch. the payment method of using electronic check was convenient for me. overall, i was satisfied with the service during my time as a customer.",TRUE,negative,0.6749143004417419,0
2625-trczq,,FALSE,,,
4102-hlenu,"i have been a customer with this company for over 5 years now and i have been satisfied with the dsl internet service they provide. the monthly charges are reasonable at $65.65 and i appreciate being able to pay with a mailed check. i have not experienced any issues with my service and have no plans to churn in the near future. overall, i am a happy customer and would recommend this company to others.",TRUE,positive,0.9609386324882507,2
7266-gssjx,,FALSE,,,
7722-vjrqd,,FALSE,,,
7073-qetqy,,FALSE,,,
9415-dpews,,FALSE,,,
5624-ryamh,,FALSE,,,
0196-jtuqi,,FALSE,,,
7130-yxbro,i have been a customer with this fiber optic internet service provider for 4 years now and i am extremely satisfied with the service. th,TRUE,positive,0.9760117530822754,2
9272-lsvyh,,FALSE,,,
7943-rqchr,,FALSE,,,
3793-mmfuh,,FALSE,,,
3249-zpqrg,,FALSE,,,
2568-brgyx,"i recently switched to this fiber optic internet service provider four months ago, opting for a month-to-month contract with monthly charges of $70.2. unfortunately, i experienced frequent outages and slow speeds during my time with them, leading me to ultimately churn and switch to a different provider. i paid my bills using el",TRUE,negative,0.8369175791740417,0
3084-dowle,,FALSE,,,
1084-mnsmj,"i have been a customer with this internet service provider for over four years now and i must say i am extremely satisfied with the service. the dsl internet is reliable and fast enough for my needs. the monthly charges are reasonable at $85.5 and having automatic credit card payments makes it convenient for me to pay my bill on time. overall, i have had no issues with the service and would highly recommend it to others.",TRUE,positive,0.974543571,2
7721-jxeaw,,FALSE,,,
7249-wbiyx,,FALSE,,,
4238-hfhsn,i have been a loyal customer for over 5 years now and have been very satisfied with the fiber optic internet service provided by this company. the monthly charges are reasonable at $82.15 and i appreciate the convenience of paying with electronic check. i have had no issues w,TRUE,positive,0.9590416550636292,2
6250-cggun,,FALSE,,,
5478-jjvzk,,FALSE,,,
7596-iiwyc,"i have been a customer with this company for over two years now and i have had a great experience overall. the automatic bank transfer for payment is convenient and hassle-free. although i do not use their internet service, i find the monthly charges of $20.25 to be reasonable. i have not experienced any issues with billing or service disruptions during my tenure. overall, i am satisfied with the service and would recommend it to others.",TRUE,positive,0.9661530256271362,2
6567-hoopw,,FALSE,,,
9793-wecqc,,FALSE,,,
4291-hpaxl,,FALSE,,,
8999-ypybv,"i have been a loyal customer with this internet service provider for 45 months now, and i have not experienced any issues that would make me want to leave. the monthly charge",TRUE,positive,0.6755722761154175,2
1839-fbnfr,,FALSE,,,
3164-aalrn,,FALSE,,,
3071-mvjcd,,FALSE,,,
1697-bcshv,,FALSE,,,
0562-kbdvm,,FALSE,,,
1131-suekt,,FALSE,,,
3717-oeauq,"i have been a customer of this fiber optic internet service for 2 months now and i am very satisfied with the speed and reliability of the connection. the $70.7 monthly charge is reasonable for the quality of service i am receiving. i appreciate the option to pay by mailed check as it is convenient for me. overall, i have had no issues with the service and am happy to continue with my month-to-month contract.",TRUE,positive,0.9629533290863037,2
4538-wntmj,"i have been a customer with this company for almost four years now and have always been satisfied with the service. the monthly charges are very reasonable at $24.95 and i appreciate being able to pay with a mailed check. even though i do not have internet service with this provider, i am happy with the other services they offer. i have not had any issues that would cause me to consider canceling my contract. overall, i am a happy and loyal customer.",TRUE,positive,0.9635417461395264,2
3334-cthol,,FALSE,,,
4704-eryfc,"""i recently decided to switch internet providers after being with this company for 22 months on a month-to-month contract. the monthly charges of $69.25 were reasonable for the fiber",TRUE,neutral,0.6882970929145813,1
9432-ruvsl,,FALSE,,,
8060-hiwjj,,FALSE,,,
7684-xsziy,i have been a customer with this company for 6 years now and i have been very satisfied with the service. the automatic bank transfer for payment makes it very convenient for me and i have never experienced any issues with billing. even though i do not have internet servi,TRUE,positive,0.957149088,2
9089-uowjg,"i have been a customer with this dsl internet service provider for the past 12 months on a month-to-month contract. i have been satisfied with the service overall. the monthly charges of $58.35 are reasonable for the quality of internet i receive. i appreciate the convenience of automatic credit card payments, as it ensures i never miss a payment. i have not experienced any issues with the service that would cause me to consider leaving, so i have not churned. overall, i am happy with my experience as a customer.",TRUE,positive,0.9347989559173584,2
8621-mnihh,,FALSE,,,
8039-aclpl,,FALSE,,,
9885-aibvb,,FALSE,,,
1934-mkpxs,,FALSE,,,
2592-ykdif,,FALSE,,,
2272-jkmsi,"i have been a loyal customer with this company for over five years now and have been very satisfied with the service provided. the fiber optic internet service has been reliable and fast, and i have not experienced any issues with connectivity. the monthly charges are reasonable for the quality of service received. i appreciate the convenience of being able to pay with electronic check. overall, i have had a positive experience with this company and would recommend them to others.",TRUE,positive,0.9679796099662781,2
0471-lvhgk,,FALSE,,,
9518-rwhzl,,FALSE,,,
8714-ctzjw,,FALSE,,,
3569-edbpq,,FALSE,,,
3131-nwvfj,i have been a customer with this company for 14 months now and i am pleased to say that i have not experienced any issues that would make me want to cancel my service. t,TRUE,positive,0.8660091757774353,2
7521-yxvzy,,FALSE,,,
5419-conwx,,FALSE,,,
6240-eurks,,FALSE,,,
2373-ntkod,,FALSE,,,
1970-kkfwl,,FALSE,,,
6960-hvyxr,,FALSE,,,
9337-srrni,,FALSE,,,
0895-uadgo,,FALSE,,,
5678-vfneq,,FALSE,,,
5977-ckhon,,FALSE,,,
7024-ohcck,,FALSE,,,
2692-bucfv,,FALSE,,,
7861-uvuft,,FALSE,,,
1830-ggfnm,,FALSE,,,
5302-bdjnt,"i have been a customer of this internet service provider for 35 months now, and i have been very satisfied with the service. the fiber optic internet has been reliable and fast, and i have not experienced any issues with connectivity. the monthly charges of $95.5 are reasonable for the quality of service i am receiving. i appreciate the convenience of paying with electronic check. overall, i have had a positive experience with this provider and would recommend them to others.",TRUE,positive,0.9681204557418823,2
5223-uzavk,,FALSE,,,
4859-zsrdz,"i have been a loyal customer with this company for 58 months now and have been satisfied with the dsl internet service they provide. the monthly charges of $55.5 are reasonable for the quality of service i receive. i appreciate the convenience of automatic credit card payments, as it ensures that i never miss a payment. overall, i am happy with my experience and have no plans to churn in the near future.",TRUE,positive,0.9630475044250488,2
5651-wyiph,,FALSE,,,
9350-vlhmb,,FALSE,,,
3498-lzgqz,,FALSE,,,
8785-cjshh,,FALSE,,,
5357-tzhpp,,FALSE,,,
3870-spzsi,,FALSE,,,
0680-dfnny,,FALSE,,,
7560-qrbxh,,FALSE,,,
7077-xjmet,,FALSE,,,
8752-ghjfu,,FALSE,,,
6896-srvyq,,FALSE,,,
7767-uxagj,"i recently signed up for dsl internet service with this company on a month-to-month contract. unfortunately, after just one month",TRUE,negative,0.8521901369094849,0
4652-odevh,,FALSE,,,
6510-upnks,,FALSE,,,
6718-bdghg,i have been a loyal customer for over three and a half years now and have been satisfied with the dsl internet service provided by this company. the monthly charges are reasonable at $64.85 and i appreciate the convenience of automatic bank transfer for payment. i have had no issues with the service or billing and would recommend this company to others looking for reliable internet service.,TRUE,positive,0.9603011608123779,2
9046-dqmtp,,FALSE,,,
6439-lajxl,,FALSE,,,
1571-savhk,,FALSE,,,
9052-vkduw,,FALSE,,,
9546-cqjsu,,FALSE,,,
1666-jzpzt,"i have been a customer with this company for 27 months now, and i am happy to say that i have not experienced any issues that would make me want to cancel my service. i appreciate the month-to-month contract option as it gives me flexibility. the $49 monthly charge for dsl internet is reasonable and the service has been reliable. i prefer to pay by mailed check and have not had any problems with the payment process. overall, i am satisfied with the service provided.",TRUE,positive,0.9135102033615112,2
5777-kjirb,,FALSE,,,
0506-lvngn,,FALSE,,,
7677-sjjjk,,FALSE,,,
2480-ejwyp,,FALSE,,,
3253-hkokl,"i have been a customer with this company for over four years now and i have been extremely satisfied with the service. the fiber optic internet service has been reliable and fast, allowing me to stream videos, work from home, and stay connected with friends and family without any interruptions. the monthly charges are reasonable for the quality of service provided. i appreciate the convenience of paying through electronic check, it's quick and easy. overall, i have no complaints and would highly recommend this company to others.",TRUE,positive,0.9737923741340637,2
7055-hneoj,,FALSE,,,
5514-yqent,,FALSE,,,
3211-aapkx,,FALSE,,,
8445-dnbae,,FALSE,,,
2951-qoqtk,,FALSE,,,
2958-nhpps,,FALSE,,,
6806-ydeul,,FALSE,,,
1735-xmjvh,,FALSE,,,
6890-pfrqx,,FALSE,,,
0222-cnvpt,,FALSE,,,
5899-ouvkv,"i have been a customer with this internet service provider for over two and a half years now and i must say i am extremely satisfied with the service. the fiber optic internet is fast and reliable, and i have had no issues with connectivity. the monthly charges are reasonable for the quality of service",TRUE,positive,0.9792554974555969,2
8681-icons,,FALSE,,,
1621-yncjh,,FALSE,,,
3473-xiiit,,FALSE,,,
6362-qhafm,,FALSE,,,
7893-ixhrq,,FALSE,,,
3070-bdoqc,,FALSE,,,
2952-qayzf,"""i recently cancelled my service with this company after being a customer for 5 months. the month-to-month contract was convenient for me, but i ultimately decided to switch providers due to the high monthly charges of $85.3. the fiber optic internet service was reliable",TRUE,negative,0.5638093948364258,0
6234-pfpxl,"i have been a customer with this company for almost two years now and i am very satisfied with the service. the fiber optic internet is fast and reliable, and i have had no issues with connectivity. the automatic credit card payment is convenient and hassle-free. the monthly charges are reasonable for the quality of service i receive. i appreciate the flexibility of the month-to-month contract as it gives me the option to cancel at any time if needed. overall, i am a happy customer and would recommend this company to others.",TRUE,positive,0.9725119471549988,2
9824-qcjpk,,FALSE,,,
4763-pgdpo,"i recently switched to this internet service provider four months ago and decided to go with the month-to-month contract option. the fiber optic internet service has been fast and reliable, but unfortunately, i have decided to churn due to personal reasons. the monthly charges of $70.4 were reasonable and the payment method of electronic check was convenient. overall, i had a positive experience with the internet service during my time as a customer.",TRUE,neutral,0.44912704825401306,1
4283-ivyci,i have been a customer with this internet service provider for 9 months now and i am pleased to say that i have had no issues with churning. the month-to-month contract is convenient for me as i have,TRUE,positive,0.9389607906341553,2
1866-obpnr,,FALSE,,,
8205-mqugy,,FALSE,,,
8970-anwxo,,FALSE,,,
9480-bqjei,,FALSE,,,
5394-svgjv,,FALSE,,,
6979-tndeu,,FALSE,,,
9777-wjjpr,,FALSE,,,
9283-lzqoh,"i recently decided to switch internet providers after being with this company for 13 months on a month-to-month contract. while the fiber optic internet service was fast and reliable, i ultimately chose to churn because i found a better deal with another provi",TRUE,negative,0.5597092509269714,0
7079-qrcbc,,FALSE,,,
9495-sklkd,,FALSE,,,
6048-uwkal,,FALSE,,,
5067-dgxll,,FALSE,,,
5469-ctcwn,,FALSE,,,
9851-qxeeq,,FALSE,,,
6281-fkews,i have been a customer with this internet service provider for over three and a half years now and i have been quite satisfied with the service. the monthly charges are reasona,TRUE,positive,0.906211793,2
8898-kascd,,FALSE,,,
9242-tkfsv,,FALSE,,,
9290-shcmb,"i have been a customer with this company for 13 months now and i am very satisfied with the service. the fiber optic internet is fast and reliable, and i have not experienced any issues with my connection. the monthly charges are reasonable at $96.85 and i appreciate the convenience of paying with electronic check. overall, i have had a positive experience and have no plans to churn in the near future.",TRUE,positive,0.9645843505859375,2
0743-hnpfg,,FALSE,,,
2277-bkjkn,,FALSE,,,
9809-imgcq,,FALSE,,,
5208-hfsbt,,FALSE,,,
5035-pgzxh,,FALSE,,,
8695-wdyea,,FALSE,,,
6543-jxsoo,,FALSE,,,
8016-zmgmo,i have been a loyal customer for over 5 years now and have been very satisfied with the dsl internet service provided by this company. the automatic bank transfer payment method makes it easy for me to ensure my bills are always paid o,TRUE,positive,0.9613755345344543,2
8605-ituld,,FALSE,,,
3254-yrilk,,FALSE,,,
6416-yjttb,,FALSE,,,
2667-wylwj,,FALSE,,,
4472-vesgy,,FALSE,,,
3195-tqdzx,,FALSE,,,
3128-yovtd,,FALSE,,,
0529-onker,"i recently switched internet service providers after being with this company for 15 months on a month-to-month contract. the monthly charges were reasonable at $75.65 for fiber optic internet service. however, i found the payment method of electronic check to be inconvenient and outdated. i",TRUE,negative,0.5690264105796814,0
1728-cxqbe,,FALSE,,,
7041-txqjh,i have been a customer with this dsl internet service provider for 37 months now on a month-to-month contract. i have never experienced any issues with my service and have always found the $40.2 monthly charges to be reasonable. the automatic credit card payment method makes it,TRUE,positive,0.8858093023300171,2
5014-gsouq,,FALSE,,,
5724-bidbu,i have been a customer with this dsl internet service provider for almost four years now and i have had a great experience overall. the monthly charges are reasonable at $55.35 and i appreciate the convenience of paying with electronic check. the connection is reliable and i have not experienced any issues with downtime or slow speeds. i have been happy with the service and have no plans to switch providers.,TRUE,positive,0.9723789095878601,2
0481-sumcb,,FALSE,,,
1769-gruik,,FALSE,,,
5240-ijoqt,"i recently switched to this internet service provider, but unfortunately, i had to churn after only one month. the monthly charges of $74.7 were reasonable for fiber optic internet, but i had issues with the payment method of electronic",TRUE,negative,0.8522630333900452,0
8819-wfggj,i have been a loyal customer with this company for over 5 years now and i am very satisfied with the service they provide. the dsl internet service has been reliable,TRUE,positive,0.9805876612663269,2
7427-aufpy,,FALSE,,,
2811-povex,"i have been a customer with this company for 23 months now and i am extremely satisfied with the service. the fiber optic internet is fast and reliable, and i have had no issues with connectivity. the automatic bank transfer payment method is convenient and hassle-free. the monthly charges of $88.45 are reasonable for the quality of service i receive. overall, i have no complaints and would highly recommend this company to others.",TRUE,positive,0.9756450653076172,2
1092-ganhu,"i recently churned from this service after being a customer for 17 months. i was on a month-to-month contract with a monthly charge of $76.65 for fiber optic internet service. i found the service to be reliable and fast, but ultimately decided to switch providers for a better deal. the electro",TRUE,negative,0.6472169756889343,0
7898-pdwqe,"i have been a customer with this company for over 6 years now, and i have been very satisfied with their service. the monthly charges are reasonable at $80.4 and i appreciate the convenience of automatic credit card payments. the dsl internet service has been reliable and meets my needs. i have not experienced any issues with churn, and i plan on continuing my contract with this company. overall, i am a happy and loyal customer.",TRUE,positive,0.9715774059295654,2
9972-ewrjs,,FALSE,,,
9314-ijwsq,"i have been a customer with this internet provider for 14 months now and i am very satisfied with the service. the fiber optic internet is fast and reliable, and i have had no issues with connectivity. the monthly charges of $84.8 are reasonable for the quality of service i am receiving. i appreciat",TRUE,positive,0.9774845242500305,2
0661-xeyan,,FALSE,,,
5799-jrczo,,FALSE,,,
1921-kysay,,FALSE,,,
6198-rtpmf,,FALSE,,,
2924-khuvi,"i have been a customer with this company for over four and a half years now and i have been extremely satisfied with the service. the fiber optic internet service has been reliable and fast, an",TRUE,positive,0.9786796569824219,2
1925-gmvbw,"i have been a customer with this company for 5 months now and i am very satisfied with the service. the month-to-month contract works well for me and the monthly charges of $20.55 are affordable. i appreciate the convenience of automatic credit card payments. although i do not have internet service with this company, i have had no issues with my current services. overall, i am happy with my experience as a customer and have no intention of churning.",TRUE,positive,0.97021085,2
7881-evuad,,FALSE,,,
6184-dyuob,,FALSE,,,
9207-zpanb,i have been a customer with this dsl provider for 37 months now and i have been very satisfied with the service. the monthly charges of $67.45 are reasonable for the quality of internet service i receive. i appreciate the convenience of paying through electronic check and,TRUE,positive,0.9661096930503845,2
5766-xqxmq,"i had been a loyal customer of this dsl internet service provider for almost 2 and a half years on a month-to-month contract with automatic bank transfers for payment. however, i recently decided to churn and switch to a different provider. 

while the monthly charges of $68.85 were reasonable, i found that the internet speeds and reliability were not up to par with what i needed for my work and entertainment purposes. there were frequent outages and slow speeds, causing frustration and inconvenience.

overall, i believe that there is room for improvement in the internet service provided by this company. i hope they can make necessary upgrades and enhancements to better serve their customers in the future.",TRUE,neutral,0.496703565,1
9327-qsded,,FALSE,,,
1656-drsmg,,FALSE,,,
3012-vffmn,,FALSE,,,
2984-afwnc,"i have been a customer with this company for 3 months now and i am very satisfied with the service. the fiber optic internet is fast and reliable, and i have had no issues with connectivity. the monthly charges are reasonable at $95.4 and the electronic check payment method is convenient. i appreciate the month-to-month contract type as it gives me flexibility. overall, i am happy with my experience and would recommend this company to others.",TRUE,positive,0.9750626087188721,2
0640-yjtpy,i have been a loyal customer for 6 years now and have never experienced any issues with my service. the automatic bank transfer payment method makes it convenient,TRUE,positive,0.9152509570121765,2
8096-loist,,FALSE,,,
9764-reaff,,FALSE,,,
3703-vavcl,,FALSE,,,
7107-ubyky,,FALSE,,,
4881-gqjtw,,FALSE,,,
8519-qjgjd,,FALSE,,,
7876-dnyap,i have been a loyal customer with this company for over 5 years now and i have had a great experience overall. the automatic payment method makes it conv,TRUE,positive,0.9828636050224304,2
7905-njmxs,,FALSE,,,
2882-wdtba,i have been a loyal customer with this company for over 5 years now and i have never experienced any issues with my internet service. the automatic bank transfer payment method makes it easy for me to pay my bill on time each month. the monthly charges are reasonable at $75.75 considering the reliable,TRUE,positive,0.909576952,2
2091-gppiq,,FALSE,,,
6326-mttxk,,FALSE,,,
5071-fbjfs,,FALSE,,,
2796-uuzzo,,FALSE,,,
2429-aykko,,FALSE,,,
9798-opfem,,FALSE,,,
0330-ivzha,"i recently switched internet providers to this company because they offered fiber optic service, which i was excited about. however, after 5 months of service, i have decided to churn and switch to a differ",TRUE,negative,0.5105599164962769,0
3794-nfnch,,FALSE,,,
5193-qlvzb,,FALSE,,,
7114-aeoze,,FALSE,,,
2886-kefum,,FALSE,,,
5522-nykpb,"i have been a customer with this company for 25 months now and i have been very satisfied with their service. the fiber optic internet service has been reliable and fast, and i have had no issues with connectivity. the monthly charges of $85.9 are reasonable for the quality of service i am receiving. i appreciate being able to pay with electronic check, as it is convenient and easy to manage. overall, i have had a positive experience with this company and would recommend them to others.",TRUE,positive,0.9700323343276978,2
4237-rlaqd,,FALSE,,,
9957-yodkz,,FALSE,,,
6518-kzxcb,,FALSE,,,
2245-adzfj,,FALSE,,,
7776-qgyjc,"""i have been a loyal customer of this internet service provider for almost 3 years now and i am extremely satisfied with their fiber optic internet service. the speed and reliability have been consistently great. i appreciate the convenience of the automatic bank transfer payment method as well. the monthly charges of $81.5 are reasonable for the quality of service i am receiving. overall, i have had a positive experience and would highly recommend this provider to others.""",TRUE,positive,0.9819934964179993,2
9313-qoltz,"i have been a customer with this company for over two years and have been satisfied with the service. the monthly charges are reasonable at $20.9 and i appreciate the flexibility of the month-to-month contract. i do not have internet service with this company, so i cannot comment on that aspect. i prefer to pay by mailed check and have had no issues with the payment process. overall, i have had a positive experience as a customer and have not experienced any reason to churn.",TRUE,positive,0.9045745134353638,2
9651-gtsaq,,FALSE,,,
3186-baxnb,,FALSE,,,
4672-fotsd,,FALSE,,,
0637-ylety,,FALSE,,,
9818-xqcuv,,FALSE,,,
7338-eriva,,FALSE,,,
1157-bqcuw,,FALSE,,,
8259-nfjtv,,FALSE,,,
3223-dwfio,i have been a customer with this fiber optic internet service provider for 4 months now on a month-to-month contract. i am pleased to say that i have not experienced any issues with my connection and have not had any reason to consider churning to a different provider. the monthly charges of $69.35 are reasonable for the quality of service i am receiving. i appreciate being able to pay via electronic c,TRUE,positive,0.9055652618408203,2
2660-emubi,,FALSE,,,
6968-gmkpr,,FALSE,,,
4751-erman,,FALSE,,,
1436-zmjan,,FALSE,,,
3292-pbzej,,FALSE,,,
0799-ddihe,,FALSE,,,
3070-fnfzq,,FALSE,,,
2812-sfxmj,"i have been a customer with this company for just over a month now and i am pleased to say that i have not experienced any issues with their service. the monthly charges are affordable at $20.05 and i appreciate the flexibility of the month-to-month contract. while i do not utilize their internet service, i",TRUE,positive,0.9382980465888977,2
7675-ozczg,,FALSE,,,
5014-wuqmg,"i have been a customer with this company for almost four years now and have been very satisfied with the service. the fiber optic internet service is fast and reliable, and i have had no issues with connectivity. the monthly charges are reasonable at $96.1 and being able to pay with electronic check is convenient. i appreciate the one year contract option as it gives me some flexibility. overall, i am happy with my experience and have no plans to churn.",TRUE,positive,0.9654263854026794,2
5312-tszvc,,FALSE,,,
2003-cklor,,FALSE,,,
0993-osgpt,,FALSE,,,
9254-rbfon,"i recently decided to switch internet providers after being with this company for 17 months. while the fiber optic internet service was fast and reliable, i found that the monthly charges of $98.6 were a bit steep compared to other options in the market. additionally, i pre",TRUE,negative,0.5883906483650208,0
1205-wnwpj,,FALSE,,,
9391-eoyli,"i recently decided to cancel my service with this provider after being a customer for 12 months. while the fiber optic internet service was fast and reliable, i found that the monthly charges of $80.45 were a bit high compared to other providers in the area. additionally, i was not satisfied with the limited options for payment methods, as i prefer to use a credit card rather than an electronic check. overall, i enjoyed the quality of the service but ultimately decided to switch to a different provider for better pricing and payment options.",TRUE,negative,0.8362850546836853,0
7108-dgvuu,,FALSE,,,
2782-jeebu,i have been a customer with this dsl internet service provider for 21 months now and i have had a positive experience overall. the monthly charges are reasonable at $36.0 and i appreciate the flexibility of the month-to-month contract. i prefer to pay by mailed check and have not had any issues with billing or payment pro,TRUE,positive,0.9534071087837219,2
5127-bzenz,,FALSE,,,
2720-fvbqp,,FALSE,,,
9906-nhhvc,,FALSE,,,
4522-xrwwi,,FALSE,,,
3766-ejlfl,,FALSE,,,
5939-sxwhm,,FALSE,,,
8152-uobny,,FALSE,,,
7351-kyhqh,i have been a customer with this internet service provider for 7 months now and i am very satisfied with the service. the monthly charges of $64.95 for dsl internet are reasonable and the payment method of electronic check is convenient for me. i appr,TRUE,positive,0.9719064235687256,2
7643-rchxs,,FALSE,,,
8246-shfga,,FALSE,,,
8387-mojjt,,FALSE,,,
0620-xefwh,,FALSE,,,
6485-qxwwe,,FALSE,,,
2761-ociax,,FALSE,,,
7321-vgnku,"i have been using the fiber optic internet service for 2 months now and i am very satisfied with the speed and reliability. the monthly charges of $70.35 are reasonable for the quality of service i am receiving. i appreciate the convenience of paying with electronic check. overall, i have had a positive experience with this provider and have no complaints. i do not plan on churning anytime soon.",TRUE,positive,0.9630605578422546,2
5327-cnluq,,FALSE,,,
7552-keygt,i have been a customer with this company for 27 months now and i am very satisfied with the service. i have not experienced any issues with churn and have been able to consistently make pa,TRUE,positive,0.963769794,2
5816-jmlgy,i have been a customer with this company for 70 months now and have been very satisfied with the dsl internet service they provide. the automatic bank transfer payment method makes it convenient for me to pay my monthly bill of $80.4. i have not experienced any issues with,TRUE,positive,0.9413055181503296,2
3068-omwza,"i recently signed up for the fiber optic internet service with this provider on a month-to-month contract. however, after just one month of service, i decided to cancel due to some issues with the connection. the monthly charges of $88.8 were reasonable, but unfortunately, the service did not meet my expectations. i used an electronic check as my payment method, which was convenient. overall, i was disappointed with the service and ultimately chose to switch to a different provider.",TRUE,negative,0.804069996,0
2927-qrrqv,"i have been a customer with this fiber optic internet service provider for 46 months now and i have been extremely satisfied with the service. the connection is reliable and fast, and i have never experienced any issues with downtime. the monthly charges of $94.65 are reasonable for the quality of service i receive. i appreciate the convenience of paying through electronic check, as it is quick and easy. overall, i have no complaints and would highly recommend this provider to others.",TRUE,positive,0.9678133130073547,2
6032-krxxo,,FALSE,,,
7459-rrwqz,"i recently decided to switch internet service providers after being with this company for 15 months on a month-to-month contract. the monthly charges of $64.65 for dsl service were reasonable, but i ultimately deci",TRUE,neutral,0.5254588723182678,1
6265-sxwbu,,FALSE,,,
7941-rcjow,,FALSE,,,
6374-ntqlp,i have been a loyal customer of this company for 6 years now and have been extremely satisfied with the fiber optic internet service they provide. the automatic credit ca,TRUE,positive,0.9732018709182739,2
4154-aqugt,,FALSE,,,
2387-kdzqy,,FALSE,,,
3584-wkttw,,FALSE,,,
3399-bmlvw,,FALSE,,,
1971-dtczb,"i have been a customer with this internet service provider for six years now and i have been extremely satisfied with the service. the monthly charges are reasonable at $90.95 and i appreciate the convenience of automatic bank transfers for payment. the dsl internet service has been reliable and i have had no issues with downtime. overall, i would highly recommend this provider to others.",TRUE,positive,0.9739404916763306,2
3092-ighwf,,FALSE,,,
3374-pzlxd,"i have been a customer with this company for 34 months now and i am overall satisfied with their service. the monthly charges are very reasonable at $19.7 and i appreciate the flexibility of the month-to-month contract. however, i do not use their internet service so i cannot comment on that aspect. i prefer to pay my bills with a",TRUE,positive,0.9346343874931335,2
3813-dhbbb,,FALSE,,,
2812-reyat,i have been a customer with this company for almost four years now and have never experienced any issues with my service. the aut,TRUE,positive,0.6555033922195435,2
6518-pplmz,,FALSE,,,
4939-kyypy,,FALSE,,,
8017-lxhfa,,FALSE,,,
5930-gbiwp,,FALSE,,,
6022-kouqo,,FALSE,,,
6352-twcau,,FALSE,,,
2361-upsnd,"i have been a loyal customer with this company for 46 months now and i am very satisfied with the dsl internet service i receive. the monthly charges of $70.6 are reasonable for the quality of service i am getting. i appreciate being able to pay with a mailed check, as it is a convenient payment method for me. overall, i have had a positive experience with this company and have no plans to churn in the near future.",TRUE,positive,0.9683904647827148,2
6035-riiom,,FALSE,,,
2929-qnsrw,"i have been a customer with this company for over four and a half years now, and i must say that i am very disappointed with their service. despite being on a one-year contract with monthly charges of $98.25, i have experienced frequent outages and slow internet speeds with their fiber optic service. the payment method of electronic check has also been a hassle at times, with delays in processing and payments not being processed correctly. as a result, i have decided to churn and look for a more reliable and efficient internet service provider.",TRUE,negative,0.9271590709686279,0
1262-opmfy,,FALSE,,,
9504-dshwm,"i have been a customer with this dsl internet service provider for 20 months now, and i am pleased to say that i have not experienced any issues that would make me want to churn. the month-to-month contract is convenient for me, as i have the flexibility to cancel at any time if needed. the monthly charges of $59.2 are reasonable for the service i receive. i appreciate the convenience of automatic bank transfers for payment, as it ensures that i never miss a payment. overall, i am satisfied with the service and would recommend it to others looking for reliable dsl internet.",TRUE,positive,0.9099748730659485,2
5035-bvcxs,"i have been a customer with this fiber optic internet service provider for 11 months now and i am extremely satisfied with the service. the speed and reliability of the internet connection have been excellent, and i have had no issues with downtime or interruptions. the monthly charges of $75.9 are reasonable for the quality of service i am receiving. 

i appreciate the convenience of being able to pay by mailed check, as it is my preferred method of payment. overall, i have had a positive experience with this provider and have no plans to churn. i would highly recommend them to others looking for a reliable internet service.",TRUE,positive,0.9717504978179932,2
6267-dcffz,,FALSE,,,
3533-uvmom,,FALSE,,,
2439-lypmq,,FALSE,,,
4248-qpavc,,FALSE,,,
1899-vxwxm,,FALSE,,,
1478-vpoad,,FALSE,,,
9995-hotoh,,FALSE,,,
2988-plahs,,FALSE,,,
1371-ojcek,,FALSE,,,
4999-iezlt,,FALSE,,,
8883-anodq,,FALSE,,,
4690-llkua,,FALSE,,,
2351-rrbue,,FALSE,,,
5980-bdhpy,,FALSE,,,
1498-dqnrx,"i have been a customer with this company for almost 2 and a half years now and i am very satisfied with the service. the month-to-month contract works well for me, as i appreciate the fle",TRUE,positive,0.9757469892501831,2
9469-wejbt,,FALSE,,,
3331-hqdtw,"i have been a customer with this company for 34 months on a month-to-month contract. i have been satisfied with the fiber optic internet service provided, but unfortunately, i have decided to churn due to personal reasons. the monthly charges of $109.8 were reasonable for the quality of service received. i typically paid my bills through mailed checks, which was a convenient option for me. overall, i had a positive experience as a customer and would recommend this company to others.",TRUE,neutral,0.42967724800109863,1
9490-dfpmd,"i have been a customer with this company for 42 months on a month-to-month contract with fiber optic internet service. i have recently decided to churn as i have found a better deal with another provider. while the service was reliable and the speed was good, i found the monthly charges of $84.65 to be a bit high compared to other options available in the market. i also had some issues with the payment method being limited to electronic check, which was a bit inconvenient for me. overall, i would recommend this company for their reliable service but suggest they consider offering more flexible payment options and competitive pricing to retain customers in the future.",TRUE,negative,0.5322843194007874,0
2581-vkirt,,FALSE,,,
5442-xsdcw,"i recently decided to cancel my service after being a customer for 11 months. the monthly charges of $79.5 for fiber optic internet were reasonable, but i ulti",TRUE,negative,0.7336713075637817,0
7426-weijx,,FALSE,,,
2851-mmutz,i have been a customer with this internet service provider for over two years now and i have been very satisfied with the service. the dsl internet is reliable and i rarely experience any downtime. the monthly charges are reasonable at $56.15 and i appreciate the flexibility of the month-to-month contract. i prefer to pay,TRUE,positive,0.960075855,2
3049-ndxfl,,FALSE,,,
8580-aecuz,"i recently switched to this internet service provider and unfortunately decided to churn after only one month. the monthly charges were reasonable at $79.1, but i experienced frequent outages and slow speeds with the fiber optic internet service. the payment method of electronic check was convenient, but ultimately i was not satisfied with the overall reliability and performance of the service. i would recommend potential customers to proceed with caution and possibly explore other options before committing to a contract with this provider.",TRUE,negative,0.8829973340034485,0
3307-tlcud,,FALSE,,,
6625-fleno,,FALSE,,,
2967-mxrav,,FALSE,,,
7963-gqrmy,,FALSE,,,
8189-hbvrw,,FALSE,,,
4163-kiuhy,i have been a customer with this company for 35 months now on a month-to-month contract. i have never experienced any issues with my s,TRUE,positive,0.6573044061660767,2
1228-fzfrv,,FALSE,,,
3500-nsdoa,,FALSE,,,
1171-tykur,,FALSE,,,
3761-flyzi,,FALSE,,,
2058-dcjbe,,FALSE,,,
5364-xyirr,,FALSE,,,
4829-auoax,,FALSE,,,
1219-nnddo,,FALSE,,,
8388-dmkae,,FALSE,,,
4403-bwpay,,FALSE,,,
9659-qeqsy,"i have been a customer with this company for almost 4 years now and i have been very satisfied with their service. the fiber optic internet is fast and reliable, and i have had no issues with connectivity. the monthly charges are reasonable at $",TRUE,positive,0.9763144254684448,2
5405-zmyxq,,FALSE,,,
5047-lhvly,,FALSE,,,
1442-okrje,,FALSE,,,
4737-aqcpu,,FALSE,,,
9158-vctqb,,FALSE,,,
2808-chtdm,,FALSE,,,
6311-ueume,,FALSE,,,
0793-tweln,,FALSE,,,
3283-wcwxt,,FALSE,,,
1060-entof,,FALSE,,,
0999-qxnsa,,FALSE,,,
5451-mhqof,,FALSE,,,
4836-wnfno,,FALSE,,,
9225-bzlnz,,FALSE,,,
0354-vxmjc,,FALSE,,,
4422-qvija,,FALSE,,,
9365-srsze,"i have been a customer with this company for 27 months now and i am extremely satisfied with the service. the fiber optic internet service is fast and reliable, and the monthly charges of $70.55 are very reasonable. i appreciate the convenience of the electronic check payment method and the flexibility of the month-to-month contract. overall, i have had a positive experience and have no plans to churn in the near future. thank you for providing such a great service.",TRUE,positive,0.9784662127494812,2
6839-itvzj,,FALSE,,,
8332-osjdw,,FALSE,,,
4735-bjkou,"i have been a customer with this company for 40 months now and have had no issues with churning. i have a two-year contract with monthly charges of $20.15, which is very affordable. i do not have internet service with this company, but that has not been a problem for me. i prefer to pay by mailed check and have had no issues with this payment method. overall, i am satisfied with my experience as a customer.",TRUE,positive,0.7618968486785889,2
0274-jkujr,i have been with this dsl internet provider for 7 months now on a month-to-month contract. i have been satisfied with the service overall. the monthly charges of $58.85 are,TRUE,positive,0.9225488901138306,2
5740-yhgtw,"i have been a loyal customer of this company for over 5 years now and have been extremely satisfied with the fiber optic internet service they provide. the automatic credit card payment method makes it convenient for me to pay my monthly bill without any hassle. the monthly charges of $97.55 are reasonable for the quality of service i receive. i appreciate the flexibility of the month-to-month contract as it gives me the option to easily make changes if needed. overall, i have had a positive experience with this company and would highly recommend their services to others.",TRUE,positive,0.9658428430557251,2
8917-szttj,,FALSE,,,
1696-mzvau,,FALSE,,,
7359-wwyjv,,FALSE,,,
0375-hvgxo,,FALSE,,,
4906-zhgpk,,FALSE,,,
8593-whyhv,,FALSE,,,
3795-gwtrd,,FALSE,,,
1298-phbti,,FALSE,,,
6223-dhjgv,,FALSE,,,
6961-mjkbo,,FALSE,,,
6097-eqisj,,FALSE,,,
4423-ylhdv,,FALSE,,,
8158-wpezg,"i have been a customer with this company for 11 months now and i am very satisfied with the service. the monthly charges are affordable at $35.65 for dsl internet. i appreciate the convenience of the electronic check payment method. overall, i have had no issues with the service and i would recommend it to others.",TRUE,positive,0.9703595638275146,2
0107-yhina,"i recently signed up for fiber optic internet service with this company on a month-to-month contract. unfortunately, after just one month, i decided to cancel due to some unexpected financial constraints. the monthly charges of $99.75 were a bit higher than i initially anticipated, and i found it difficult to keep up with the payments using electronic check. the internet service itself was",TRUE,negative,0.8890050649642944,0
4918-fyjnt,,FALSE,,,
0727-bnrlg,"i have been a loyal customer with this company for nearly six years now and i have been very satisfied with the service. the fiber optic internet service has been reliable and fast, and the automatic credit card payment method makes it convenient for me to pay my monthly bill. although the monthly charges are on the higher side at $97.65, i feel that the quality of service justifies the cost. overall, i have no complaints and would definitely recommend this company to others.",TRUE,positive,0.973602295,2
4854-cidcf,"i have been a customer with this company for 3 months now and i have been really satisfied with the service. the fiber optic internet is fast and reliable, and i haven't experienced any issues with connectivity. the monthly charges of $73.85 are reasonable for the quality of service provided. i also appreciate the convenience of paying through electronic check. overall, i have no complaints and would recommend this company to others.",TRUE,positive,0.9689534902572632,2
8640-sdgkb,,FALSE,,,
3280-mrdof,i have been a customer with this internet service provider for 30 months now and i am overall satisfied with the service. the monthly charges are reasonable at $69.1 and i appreciate the convenience of automatic credit card payments. the dsl internet service has been reliable and i have n,TRUE,positive,0.969379723,2
6435-srwbj,,FALSE,,,
9964-wbqdj,"i have been a customer with this company for over 6 years now and i have been very satisfied with the service. the automatic credit card payment option has made it convenient for me to pay my bills on time without any hassle. even though i do not have internet service with them, the monthly charges are very affordable at $24.4. i have had no issues with the service and i am happy to say that i have no plans to churn in the near future. overall, i highly recommend this company for their reliable service and affordable pricing.",TRUE,positive,0.9615962505340576,2
6303-kfwsl,,FALSE,,,
1702-ccfnj,i have been a customer with this internet service provider for over four years now and i have been very satisfied with their service. the dsl internet connection has been reliable and i have not experienced any issues with downtime or slow speeds. the monthly,TRUE,positive,0.9675981998443604,2
8932-czhrq,,FALSE,,,
0386-cwrgm,,FALSE,,,
5515-rugkn,i have been a customer with this dsl internet service provider for 8 months now on a month-to-month contract. i have had no issues with churn and my internet service has been reliable. the monthly charges are reasonable at $54.75 and i appre,TRUE,positive,0.891137421,2
0404-ahasp,i have been a customer with this company for 6 years now and have been very satisfied with the service. the automatic credit card payment option makes it convenient for me to pay my bills on time without,TRUE,positive,0.9604843258857727,2
7279-nmvjc,,FALSE,,,
2081-veyeh,i have been using the fiber optic internet service for 3 months now and i am extremely satisfied with the speed and reliability. the monthly charges of $107.95 are reasonable for the quality of service i am receiving. i appreciate the convenie,TRUE,positive,0.9735296368598938,2
6407-utslv,,FALSE,,,
4116-tzaqj,"i recently switched internet service providers after being with this company for 9 months on a month-to-month contract. the monthly charges of $74.25 were reasonable for the fiber optic internet service i received. however, i ultimately decided to churn because i found a better deal with another provider. the automatic credit card payment method was convenient and i never had any issues with billing. overall, i had a positive experience with this company but ultimately chose to move on for a better offer.",TRUE,neutral,0.6095742583274841,1
9060-hjjrw,"i have been a loyal customer with this internet provider for over four years now and i have been very satisfied with the service. the dsl internet has been reliable and consistent, al",TRUE,positive,0.9789842963218689,2
2587-ynles,,FALSE,,,
7398-sknqz,,FALSE,,,
5935-fccnb,,FALSE,,,
1958-rnrks,i have been a customer with this dsl internet service provider for the past 30 months on a month-to-month contract. i have been satisfied with the service,TRUE,positive,0.9122086763381958,2
5136-rgmzo,"i have been a customer for 31 months and have been satisfied with the dsl internet service provided by this company. the monthly charges of $71.05 are reasonable for the service i receive. i appreciate the convenience of paying with electronic check. i have had no issues with the service and have not experienced any reason to consider churning to another provider. overall, i am happy with my experience as a customer.",TRUE,positive,0.9525758624076843,2
8345-mvdyc,i have been a customer with this company for almost 4 years now and i have been satisfied with the service overall. the dsl internet service has been reliable and the automatic bank transfer payment method makes it easy for me to pay my bill on time every month. the monthly charges of $81.65 are reasonable for the service provided. i have not experienced any issues with churn and i plan to continue using this service in the future.,TRUE,positive,0.9545524716377258,2
8226-bxges,,FALSE,,,
3877-jrjip,,FALSE,,,
8375-dkebr,"i recently signed up for the fiber optic internet service with this provider on a month-to-month contract. unfortunately, after just one month, i decided to cancel due to some technica",TRUE,negative,0.8266509175300598,0
9705-iovqq,i have been a customer with this company for over 5 years now and have been very satisfied with the service. the fiber,TRUE,positive,0.9626778364181519,2
1015-owjki,,FALSE,,,
7511-ymxvq,i recently decided to cancel my internet service after being a customer for 9 months. the month-to-month contract and affordable monthly char,TRUE,negative,0.5276031494140625,0
2040-xbavj,,FALSE,,,
7551-johti,"i recently signed up for this service and unfortunately had to cancel after only one month. i was disappointed to find out that there was no internet service included in the plan, which was a dealbreaker for me. additionally, having to pay by m",TRUE,negative,0.9250507354736328,0
8887-ipqnc,"i have been a customer with this company for 7 months now and i am very satisfied with the service. the monthly charges are reasonable at $44.25 and the dsl internet service has been reliable. i appreciate the flexibility of the month-to-month contract and the option to pay by mailed check. overall, i have had a positive experience and have no plans to churn in the near future.",TRUE,positive,0.9690335988998413,2
8646-jcoms,,FALSE,,,
9804-icwbg,"i recently switched to this company for their fiber optic internet service, but unfortunately i had to churn after only 1 month. the monthly charges of $69.90 were reasonable, but i experienced issues with the reliability of the service. i paid through electronic check, which was convenient. i hope they can improve their service in the future.",TRUE,negative,0.8409788608551025,0
1222-kjnzd,,FALSE,,,
0106-ghrqr,"i have been a customer with this dsl internet service provider for 16 months now, and i have been very satisfied with the service. the monthly charges of $71.4 are reasonable for",TRUE,positive,0.9673718810081482,2
5318-ixuzf,,FALSE,,,
3768-vhxqo,,FALSE,,,
8952-wcvcd,"i have been a customer with this company for 41 months now and i am extremely satisfied with the service. the fiber optic internet service has been reliable and fast, with no issues of downtime or slow speeds. the automatic bank transfer payment method is convenient and hassle-free. the monthly charges of $104.45 are reasonable for the quality of service provided. overall, i have had a positive experience and would highly recommend this company to others.",TRUE,positive,0.9761985540390015,2
2418-tpeun,,FALSE,,,
3963-ryfns,,FALSE,,,
3198-velrd,,FALSE,,,
8540-zqgea,,FALSE,,,
1320-rehcs,"i have been a customer with this company for over four years now and i have been extremely satisfied with their fiber optic internet service. the speeds are consistently fast and reliable, and i have never experienced any outages or interruptions. the monthly charges are reasonable for the quality of service provided. i appreciate the convenience of paying with electronic check and have had no issues with billing or payments. overall, i have had a positive experience with this company and would highly recommend their services.",TRUE,positive,0.9736294150352478,2
4137-jophl,,FALSE,,,
9436-zbzct,,FALSE,,,
7801-cednv,i have been a customer with this dsl internet service provider for 27 months now and i have been very satisfied with the service. the monthly charges are reasonable at $48.7 and i appreciate the convenience of automatic credit card payments. i have not ex,TRUE,positive,0.9640782475471497,2
2057-boykm,,FALSE,,,
3658-qqjyd,"i have been a customer with this internet service provider for over five years now and i have been very satisfied with their service. the monthly charges are reasonable at $74.3 and i appreciate the convenience of automatic payment through my credit card. i have had no issues with the dsl internet service and have not experienced any interruptions or downtime. overall, i am happy with my experience and have no plans to switch providers.",TRUE,positive,0.9665505290031433,2
1803-bgnbd,,FALSE,,,
0134-xwxce,"i have been a customer with this dsl internet service provider for 44 months now and i have been satisfied with the service. the monthly charges of $74.85 are reasonable for the speed and reliability of the internet connection. i appreciate the convenience of automatic bank transfers for payment. overall, i have had no issues with billing or service interruptions. i would recommend this provider to others looking for a reliable internet service.",TRUE,positive,0.95706284,2
6950-twmyb,,FALSE,,,
5848-fhrfc,"i have been a customer with this company for 68 months now and have been on a two-year contract with monthly charges of $20.05. i have never experienced any issues with billing or service interruptions. the automatic bank transfer payment method is convenient and hassle-free. although i do not have internet service with this company, i am satisfied with the services i do receive. overall, i would highly recommend this company to others.",TRUE,positive,0.8806005716323853,2
2243-fnmmi,,FALSE,,,
2511-morqy,,FALSE,,,
5356-kzckt,"i have been a customer with this company for almost 5 years now and i have been very satisfied with the service. the automatic credit card payment option makes it convenient for me to pay my bill on time every month. even though i do not have internet service through this provider, the monthly charges of $24.45 for my contract type are very reasonable. i have not experienced any issues with churn and i would definitely recommend this company to others.",TRUE,positive,0.958807111,2
9470-xccem,,FALSE,,,
6519-cfdbx,,FALSE,,,
3902-mivle,,FALSE,,,
0409-wtmpl,,FALSE,,,
8763-kiafh,,FALSE,,,
3669-whafy,,FALSE,,,
3055-vtcgs,,FALSE,,,
3144-kmtwz,"i have been a customer with this company for over 6 years and have been extremely satisfied with the service. the fiber optic internet is fast and reliable, and i have never experienced any issues with connectivity. the automatic bank transfer for payment is convenient and hassle-free. the monthly charges of $93.25 are fair for the quality of service provided. i have no complaints and would highly recommend this company to others.",TRUE,positive,0.9703369736671448,2
7279-buywn,,FALSE,,,
7156-mhugy,"i recently decided to switch internet providers after being with this company for 13 months on a month-to-month contract. while the fiber optic internet service was fast and reliable, i ultimately decided to cancel due to the high monthly charg",TRUE,negative,0.6976096630096436,0
7198-glxtc,,FALSE,,,
2007-qvgaw,,FALSE,,,
5207-plstk,,FALSE,,,
2307-fynnl,"""i have been a loyal customer for over 5 years now and have been very satisfied with the fiber optic internet service provided by this company. the speed and reliability have been excellent and i have had no issues with billing or customer service. the $109.05 monthly charge is reasonable for the quality of service i receive. i appreciate the convenience of being able to pay with electronic check. overall, i am very happy with my experience and have no plans to switch providers.""",TRUE,positive,0.9682279825210571,2
5605-xnwen,,FALSE,,,
2155-amqrx,i have been a customer with this company for 28 months now and i have been pleased with the service overall. the internet service has been reliable and the monthly charges of $54.9 are reasonable for the quality of service i receive. i appreciate the convenience of automatic credit card payments and have had no issues with billing. i am satisfied with my experience and have no plans to churn in the near future.,TRUE,positive,0.9698043465614319,2
6181-axxyf,"i have been a customer with this company for 6 years now and i have been very satisfied with their service. the automatic payment method through my credit card has made it convenient for me to pay my monthly charges of $24.75. even though i do not have internet service with them, i have had no issues with their customer service or billing. i am happy to say that i have no plans to churn and will continue to be a loyal customer.",TRUE,positive,0.9594935178756714,2
5091-hfazw,,FALSE,,,
0516-vrybw,,FALSE,,,
2519-lbnql,,FALSE,,,
8623-ulfnq,,FALSE,,,
8380-pefpe,,FALSE,,,
5687-dkdtv,,FALSE,,,
1568-ljszu,i have been a customer with this company for over 5 years now and have been very satisfied with the service provided. the monthly charges are reasonable for th,TRUE,positive,0.9590179920196533,2
7530-hdyds,,FALSE,,,
7789-hksbs,,FALSE,,,
7416-cktep,i have been a customer with this company for 57 months and have been on a two-year contract with automatic bank transfer payments of $19.6 per month. i do not h,TRUE,negative,0.7922676205635071,0
2586-cwxvv,,FALSE,,,
3096-izetn,,FALSE,,,
2348-kcjlt,,FALSE,,,
8401-emuwf,i have been a customer with this internet provider for 42 months now and i am extremely satisfied with the service. the monthly charges are reaso,TRUE,positive,0.9783088564872742,2
4193-ibksw,,FALSE,,,
5377-ndtou,,FALSE,,,
5922-abdvo,,FALSE,,,
2474-lcnue,"i have been a customer with this dsl internet service provider for almost two years now and i have been very satisfied with the service. the monthly charges are reasonable at $73.65 and i appreciate the convenience of automatic credit card payments. the internet connection has been reliable and i have not experienced any issues with downtime or slow speeds. overall, i am happy with my service and have no plans to switch providers.",TRUE,positive,0.9687415361404419,2
0839-qnxme,,FALSE,,,
3506-ovlkd,,FALSE,,,
9172-ancrx,,FALSE,,,
6650-vjonk,i have been using the dsl internet service for the past month and i am very satisfied with the connection speed and reliability. the monthly charges of $43.85 are reasonable fo,TRUE,positive,0.9673563838005066,2
2178-pmgcj,,FALSE,,,
7492-tafjd,,FALSE,,,
2773-madbq,,FALSE,,,
6016-lvtjq,"""i have been a customer with this company for 34 months now and have always been satisfied with the service. the month-to-month contract is flexible and the mo",TRUE,positive,0.9509709477424622,2
7860-ksugx,,FALSE,,,
8966-kzxxa,,FALSE,,,
6910-hadcm,,FALSE,,,
4816-lxzyw,,FALSE,,,
9606-pbkbq,,FALSE,,,
5149-qyttu,"i have been a customer with this company for over 6 years now and i have been extremely satisfied with the service. the fiber optic internet service has been reliable and fast, and the automatic credit card payment method has made my billing process seamless. the monthly charges of $95.15 for the one-year contract are fair and competitive. overall, i have had no issues with churn and plan to continue being a loyal customer in the future.",TRUE,positive,0.969873309,2
2070-xymfh,"i have been a customer of this fiber optic internet service for almost two years now and i have been very satisfied with the service. the speed and reliability of the connection have been excellent, an",TRUE,positive,0.9812397956848145,2
2085-bojki,,FALSE,,,
0817-hsuse,,FALSE,,,
5442-pptjy,,FALSE,,,
1927-qewmy,,FALSE,,,
1663-mhlhe,"i have been a customer with this company for one month now and so far i am impressed with their service. the month-to-month contract option is convenient for me as i like the flexibility it offers. the monthly charges of $19.2 are reasonable and affordable. 

i do not have internet service with this company, but that is not an issue for me as i do not need it at the moment. i appreciate being able to pay by mailing a check, as that is my preferred payment method. overall, i am satisfied with my experience as a customer and do not have any complaints.",TRUE,positive,0.9627293944358826,2
5663-qbgis,,FALSE,,,
4450-mdzfx,,FALSE,,,
6701-dhkwq,,FALSE,,,
7554-akdqf,,FALSE,,,
3536-iqctx,,FALSE,,,
4911-banwh,i have been a customer with this company for 31 months now and have been utilizing their fiber optic internet service on a month-to-month contract. the monthly charges of $86.55 are reasonable for the quality of service provided. i appreciate the convenience of automatic credit card paym,TRUE,positive,0.9293730854988098,2
8496-ejaui,"i recently canceled my fiber optic internet service after being with the provider for 19 months on a month-to-month contract. the monthly charges of $73.85 were reasonable for the speed and reliability of the service. however, i ultimately decided to switch provider",TRUE,negative,0.768867016,0
0794-yvsge,,FALSE,,,
5423-bhixo,i have been a customer with this internet service provider for 32 months now and i have been satisfied with the service overall. the monthly charges are reasonable at $54.2 and i appreciate the convenience of the electronic check payment method. the dsl internet s,TRUE,positive,0.9678154587745667,2
6908-vvyhm,"i have been a customer with this company for over 5 years now and i have been very satisfied with the service. the fiber optic internet is fast and reliable, and i have had no issues with connectivity. the monthly charges are reasonable for the quality of service provided. i appreciate the convenience of the electronic check payment method. overall, i have no complaints and would recommend this company to others.",TRUE,positive,0.9695380330085754,2
2959-eexwb,,FALSE,,,
1839-umack,,FALSE,,,
3030-ydnrm,,FALSE,,,
7321-kksdu,,FALSE,,,
3402-xriuo,,FALSE,,,
3132-tvfdz,,FALSE,,,
8286-afuyi,,FALSE,,,
8080-ddemj,,FALSE,,,
8356-wuaoj,,FALSE,,,
6365-mtgzx,,FALSE,,,
1349-wxngg,,FALSE,,,
8058-dmyru,i have been a loyal customer for 54 months now and have been very satisfied with the fiber optic internet service provided by this company. the monthly charges,TRUE,positive,0.957027256,2
9350-zxyjc,,FALSE,,,
6990-ynrio,"i have been a customer with this company for over five years now, and i have been using their fiber optic internet service. the service itself has been great, with fast and reliable speeds. however, i recently decided to switch to a different provider due to their increasing monthly charges. despite being on a two-year",TRUE,positive,0.8699630498886108,2
8958-jptrr,,FALSE,,,
6959-gqegv,i have been a customer with this dsl internet service provider for 45 months now and i am overall satisfied with the service. the monthly charges of $75.95 are reasonable for the speed and reliability of the internet connection. i appreciate the convenience of the month-to-month contract and the ease of payment through electronic check. i have not experienced any issues with churn and plan on continuing to use this service in the future.,TRUE,positive,0.9601391553878784,2
3173-wssue,,FALSE,,,
1265-hvpzb,,FALSE,,,
4115-umjfq,,FALSE,,,
7369-trpfd,,FALSE,,,
1098-kfqec,,FALSE,,,
7190-xhtwj,,FALSE,,,
0621-twiem,"i recently cancelled my internet service after 10 months with this provider. the monthly charges of $45.55 for dsl internet were reasonable, but i ultimately decided to switch to a different provider for a better c",TRUE,negative,0.7905703783035278,0
3537-rybhh,i have been a customer with this internet service provider for almost four years now and i have been satisfied with the service. the monthly charges are reasonable at $67.45 and i appreciate the convenience of automatic credit card payments.,TRUE,positive,0.9684496521949768,2
2485-itvkb,,FALSE,,,
3669-oysji,"i recently signed up for dsl internet service with this company on a month-to-month contract. the monthly charges were reasonable at $46.2, and i set up automatic credit card payments for convenience. however, after just one month of service, i experienced multiple disruptions and slow speeds. as a result, i have decided to churn and switch to a different internet provider. i was disappointed with the quality of service and reliability of the connection during my brief tenure with this company.",TRUE,negative,0.5748344659805298,0
1612-eohdh,,FALSE,,,
6702-ohfwr,"""i recently signed up for dsl internet service with this provider on a month-to-month contract. unfortunately, after just one month of using the service, i decided to churn and switch to a different provider. the internet speeds were inconsistent and often slow, causing frustration when trying to complete tasks online. additionally, the monthly charges of $43.3 seemed a bit high for the quality of service i was receiving. i also had issues with the payment method of electronic check, as it seemed to take longer to process compared to other payment options. overall, i was not satisfied with my experience and ultimately decided to cancel my service.""",TRUE,negative,0.9105828404426575,0
5296-bfcyd,"i have been a customer with this company for almost 4 years now and i have been satisfied with the service overall. even though i do not have internet service with them, i appreciate the affordable monthly charges and the convenience",TRUE,positive,0.9623538851737976,2
4510-pyush,,FALSE,,,
9359-janws,,FALSE,,,
7517-sawmo,,FALSE,,,
4143-hhpmk,,FALSE,,,
3279-dyzqm,,FALSE,,,
7054-lgeqw,"i recently signed up for dsl internet service with this provider on a month-to-month contract. unfortunately, after just one month, i decided to cancel due to slow speeds and unre",TRUE,negative,0.8883850574493408,0
0523-vngtf,,FALSE,,,
9575-iwcaz,"i have been a customer with this company for 6 months now and i have not experienced any issues with their service. i am on a one year contract with a monthly charge of $25.1 which i find to be reasonable. even though i do not have internet service with this company, i have been satisfied with the payment method of mailing a check. overall, i am happy with my experience so far and have no plans to switch providers.",TRUE,positive,0.8233017921447754,2
7105-mxjll,,FALSE,,,
7064-frrsw,,FALSE,,,
7940-uqqug,,FALSE,,,
0923-pnfub,,FALSE,,,
3961-sxaxy,,FALSE,,,
7010-brbuu,,FALSE,,,
3566-hjgpk,,FALSE,,,
3062-icyzq,,FALSE,,,
9938-prcvk,,FALSE,,,
0973-kyvnf,,FALSE,,,
5129-hhmzc,i have been a customer with this company for 43 months now and i am pleased to say that i have had no issues with churn. the two year contract has been hassle-free and the monthly c,TRUE,positive,0.9572030901908875,2
9637-cdtkz,,FALSE,,,
3946-jewrq,,FALSE,,,
7873-cvmaw,"i have been a customer with this company for 6 years now and have been on a two-year contract with dsl internet service. i have never experienced any issues with billing or service interruptions. the monthly charges of $88.55 are reasonable for the quality of service i receive. i appreciate the convenience of automatic credit card payments, making it easy to manage my account. overall, i am satisfied with my experience and have no plans to churn.",TRUE,positive,0.8745600581169128,2
0463-wzzko,,FALSE,,,
3494-jchrq,,FALSE,,,
6474-fvjlc,,FALSE,,,
4524-qcssm,,FALSE,,,
5832-exgtt,"i have been a customer with this company for almost 2.5 years now and i have been very satisfied with the service. the dsl internet is reliable and meets my needs, and the monthly charges are reasonable at $60.2. i appreciate the flexibility of the month-to-month contract and the option to pay by mailed check. overall, i have had a positive experience and have no plans to churn in the near future.",TRUE,positive,0.9644525647163391,2
8840-dqlgn,,FALSE,,,
2039-jondj,,FALSE,,,
7217-jyhoq,i have been a customer with this dsl internet service provider for 24 months now on a month-to-month contract. i have not experienced any issues with churn or service interruptions during this time. the monthly charges of $70.3 are reasonable for the internet speeds and reliability i receive. i apprec,TRUE,positive,0.786418617,2
6695-frvec,,FALSE,,,
4547-lytdd,,FALSE,,,
9894-qmimj,,FALSE,,,
8069-yqqaj,,FALSE,,,
6770-xuagn,,FALSE,,,
4193-orfcl,,FALSE,,,
1636-ntnco,"i have been a customer with this internet service provider for 4 months now on a month-to-month contract. i have been satisfied with the dsl internet service they provide for a monthly charge of $50.95. i appreciate the convenience of automatic credit card payments and have had no issues with billing or service interruptions. overall, i have had a positive experience with this company and plan to continue using their services.",TRUE,positive,0.9273328185081482,2
3466-waesx,,FALSE,,,
9281-pkkze,i have been a customer with this company for almost 4 years now and i have been very satisfied with the service. the monthly charges are very reasonable at $43.95 and i appreciate the flexibility of the month-to-month,TRUE,positive,0.9751046895980835,2
3638-vbzta,i have been a loyal customer with this dsl internet service provider for 68 months now and i have never experienced any issues with my service. the automatic bank transfer payment method is convenient and hassle-free. the monthly charges of $86.5 are reasonable for the quali,TRUE,positive,0.935610831,2
7459-imvyu,,FALSE,,,
7776-qwnfx,,FALSE,,,
6689-tczhq,,FALSE,,,
8563-oymqy,,FALSE,,,
0754-eebdc,,FALSE,,,
5777-zpqnc,,FALSE,,,
1951-ieyxm,,FALSE,,,
3318-nmqxl,"i have been using the fiber optic internet service for the past 3 months and i am extremely satisfied with the speed and reliability. the monthly charges of $92.0 are reasonable for the quality of service provided. i appreciate the convenience of paying with an electronic check. overall, i have had a positive experience and have no plans to switch providers.",TRUE,positive,0.9664379358291626,2
3143-ildal,"i have been a customer with this company for over four and a half years, with a month-to-month contract and monthly charges of $94.45 for fiber optic internet service. while the service itself was reliable and fast, i ultimately decided to churn due to the increasing monthly charges. i found a better deal with another provider and decided to switch. i would have appreciated more competitive pricing options to incentivize long-term loyalty. overall, i was satisfied with the service provided but ultimately had to make a decision based on cost.",TRUE,negative,0.5251755714416504,0
1022-rkxdr,,FALSE,,,
2361-fjwno,,FALSE,,,
2272-uoini,,FALSE,,,
8232-utfoz,i have been a customer with this company for almost six years now and i have been extremely satisfied with the service. the automatic payment method makes it convenient for me to pay my bill on time every month. even though i do not have internet service w,TRUE,positive,0.963848889,2
3750-yhryo,,FALSE,,,
6637-kyrcv,,FALSE,,,
5668-meisb,,FALSE,,,
0129-qmpdr,"i have been a customer with this company for 44 months now and i have had a great experience overall. the automatic bank transfer for payment has been convenient and hassle-free. the monthly charges are reasonable at $20.5, especially considering i do not have internet service with them. the one-year contract type has also been satisfactory for me. i have not experienced any issues with churn and i am happy with the service provided.",TRUE,positive,0.9640840291976929,2
7188-cbbba,,FALSE,,,
5356-csvsq,,FALSE,,,
3221-cjmsg,,FALSE,,,
4720-vstsi,,FALSE,,,
3219-jqrsl,i have been a loyal customer with this company for 6 years now and have never experienced any issues with my service. the monthly charges are reasonable for the internet speed i receive with dsl. i,TRUE,positive,0.8753576278686523,2
2801-nisei,,FALSE,,,
3946-mhczw,,FALSE,,,
4623-zkhly,,FALSE,,,
6732-vaile,,FALSE,,,
8201-aaxcb,,FALSE,,,
7696-cftat,,FALSE,,,
1845-csbrz,,FALSE,,,
2123-vscot,,FALSE,,,
6651-azvtj,,FALSE,,,
4566-goluk,,FALSE,,,
2484-dgxpz,,FALSE,,,
2018-qkygt,,FALSE,,,
2792-vppet,,FALSE,,,
7409-jurkq,,FALSE,,,
3247-mhjkm,,FALSE,,,
1964-svlea,,FALSE,,,
4587-nukox,,FALSE,,,
7297-dvyga,i have been a loyal customer for over four years now and have been very satisfied with the service provided. the automatic bank transfer payment method is convenient and hassle-free. even though i do not have internet,TRUE,positive,0.9635985493659973,2
2239-cgbuz,,FALSE,,,
0854-uyhzd,,FALSE,,,
7243-lcggz,,FALSE,,,
8267-kfgyd,,FALSE,,,
4890-vmuav,,FALSE,,,
9261-wdcaf,i have been a customer with this dsl internet service for 3 months now on a month-to-month contract. i have not experienced any issues with churn and have been satisfied with the service so far. the monthly charges of $54.65 are reasonable for,TRUE,positive,0.8725864291191101,2
3764-mnmoi,,FALSE,,,
7442-ygzfk,"i have been using the dsl internet service from this company for the past month and so far, i am satisfied with the service. the connection has been reliable and i have not experienced any interruptions. the monthly charges of $49.8 are reasonable for th",TRUE,positive,0.9490018486976624,2
0420-bwtpw,,FALSE,,,
8229-bujhx,"i have been a loyal customer with this company for over 6 years now and i have never had any issues with my service. the automatic bank transfer payment method makes it convenient for me to pay my monthly bill on time. even though i do not have internet service with them, i am satisfied with the $20.5 monthly charges for the services i do have. overall, i am happy with my experience and have no plans to switch to another provider.",TRUE,positive,0.9103635549545288,2
7449-hvpiv,,FALSE,,,
5504-wsiur,,FALSE,,,
8183-onmxc,,FALSE,,,
8466-pzblh,"i have been a customer with this company for over five years now and i have been extremely satisfied with the service. the fiber optic internet is incredibly fast and reliable, and i have never experienced any issues with it. the automatic bank transfer for payment makes it convenient and hassle-free for me to pay my monthly bill. even though t",TRUE,positive,0.9731427431106567,2
9614-rmgha,"i have been a customer for 65 months with the fiber optic internet service on a month-to-month contract. i have always paid my monthly charges of $91.85 through automatic bank transfer. however, i have recently decided to churn and switch to a different provider for personal reasons. overall, i have been satisfied with the service provided during my time as a customer.",TRUE,positive,0.518031657,2
8735-ijjeg,,FALSE,,,
0564-muuqk,"i have been a customer with this fiber optic internet service provider for 20 months now and i am extremely satisfied with the service. the speed and reliability of the connection have been consistently excellent. the automatic bank transfer for payment is convenient and hassle-free. the monthly charges of $95.5 are reasonable considering the quality of service provided. overall, i have had a positive experience and have no complaints. i would highly recommend this provider to others.",TRUE,positive,0.9803422093391418,2
5054-iexzt,"i recently signed up for the fiber optic internet service with this company on a month-to-month contract. the monthly charges were $75.35, which i found to be reasonable for the speed and reliability of the service. however, after just one month, i decided to churn as i found a better deal w",TRUE,neutral,0.7154355645179749,1
5834-aspwa,,FALSE,,,
0701-rfgfi,,FALSE,,,
0019-efaep,,FALSE,,,
5619-ptmik,,FALSE,,,
3737-xbqdd,"i have been a customer with this company for 24 months now and have been very satisfied with the service. the fiber optic internet service has been reliable and fast, and i appreciate the convenience of the automatic bank transfer for payment. the monthly charges of $84.85 are reasonable for the quality of service i receive. overall, i have had no issues with churn and would recommend this company to others looking for a dependable internet provider.",TRUE,positive,0.9703087210655212,2
5882-cmazq,"i have been with this internet service provider for 5 months now on a month-to-month contract. i am pleased with the reliable dsl internet service i receive for a reasonable monthly charge of $34.25. the payment process through electronic check is convenient and hassle-free. overall, i am satisfied with my experience and have no plans to churn.",TRUE,positive,0.9515007734298706,2
5846-qfdfi,,FALSE,,,
4445-kwokw,,FALSE,,,
3511-appbj,,FALSE,,,
7967-hycde,,FALSE,,,
2430-rryuw,"i have been a loyal customer with this company for over 5 years now and i have been satisfied with their dsl internet service. the monthly charges are reasonable at $54.8 and i appreciate being able to pay by mailing in a check. overall, i have had no issues with the service and i am happy to continue my contract with them.",TRUE,positive,0.9597923159599304,2
3948-xhgna,,FALSE,,,
3723-bfbgr,"i have been a customer with this dsl internet service provider for 24 months on a month-to-month contract with automatic credit card payments. i have never experienced any issues with billing or service interruptions, and the m",TRUE,positive,0.6238102912902832,2
0565-iycgt,,FALSE,,,
5447-wzafp,,FALSE,,,
5110-chopy,,FALSE,,,
5445-utodq,"""i recently decided to switch internet providers after being with this company for 7 months on a month-to-month contract. the monthly charges of $81.1 were reasonable for the fiber op",TRUE,neutral,0.7244376540184021,1
4425-owhwb,,FALSE,,,
7892-qvykw,,FALSE,,,
9675-icxct,,FALSE,,,
1024-vrzhf,,FALSE,,,
4703-mqykt,,FALSE,,,
9497-qcmms,,FALSE,,,
5692-icxlw,"i have been a customer with this company for over two and a half years and have been very satisfied with the service. the fiber optic internet service has been reliable and fast, and i have not",TRUE,positive,0.8975523710250854,2
0602-dduml,,FALSE,,,
2208-mpxio,"i have been a customer with this company for 45 months now and i have been very satisfied with their service. the automatic bank transfer for payment makes it convenient for me to pay my monthly charges of $20.0. even though i do not have internet service with them, i have had no issues with my two year contract. overall, i am happy with my experience and have not experienced any reason to churn.",TRUE,positive,0.9501283168792725,2
1960-uycnn,,FALSE,,,
0348-sdkol,,FALSE,,,
3190-fzatl,,FALSE,,,
7336-rllrh,,FALSE,,,
4373-mavjg,,FALSE,,,
8901-hjxtf,,FALSE,,,
7710-jsyoa,"i have been a customer with this company for almost 6 years now and i am extremely satisfied with their service. the fiber optic internet service is fast and reliable, and i have never experienced any issues with connectivity. the automatic bank transfer payment method makes it convenient for me to pay my monthly charges on time. despite the slightly higher monthly charges of $93.3, i believe the quality of service i receive is well worth it. overall, i have no complaints and would highly recommend this company to others.",TRUE,positive,0.9739495515823364,2
5419-klxbn,"i recently decided to switch internet providers after being with this company for 25 months on a month-to-month contract. while the fiber optic internet service was fast and reliable, i ultimately chose to cancel due to the high mo",TRUE,negative,0.7121708989143372,0
3424-nmnbo,,FALSE,,,
9885-mfvsu,i have been a customer with this internet provider for 35 months now and i have been satisfied with the service. the monthly charges of $46.35 for dsl interne,TRUE,positive,0.9211889505386353,2
4514-gfcfi,"i recently canceled my service with this provider after being a customer for 16 months. i was on a month-to-month contract with monthly charges of $84.75 for fiber optic internet service. i found the service to be reliable and fast, but ultimately decided to switch to a different provider for a better deal. the payment method of electronic check was convenient and i never had any issues with billing. overall, i had a positive experience with this provider but ultimately chose to move on for financial reasons.",TRUE,neutral,0.4285161793231964,1
0607-mvmgc,,FALSE,,,
3365-saigs,,FALSE,,,
9828-aoqlm,"i recently signed up for dsl internet service with this provider on a month-to-month contract. unfortunately, after just one month of service, i decided to cancel due to slow speeds and frequent disconnections. the monthly charges of $45.70 were reasonable, but the quality of the",TRUE,negative,0.9026724100112915,0
8022-becsi,,FALSE,,,
8000-reiqb,,FALSE,,,
9993-lhieb,"i have been a loyal customer of this company for over five years now and i have been very satisfied with the dsl internet service they provide. the monthly charges are reasonable at $67.85 and i appreciate being able to pay with a mailed check. overall, i have had no issues with the service and would recommend it to others.",TRUE,positive,0.9658883213996887,2
0266-clzkz,"i have been a customer with this company for over 5 years now and have always been pleased with the service provided. the fiber optic internet service has been reliable and fast, and the automatic bank transfer payment method makes it convenient for me to pay my monthly bill on time. t",TRUE,positive,0.9717944264411926,2
7615-esmyf,,FALSE,,,
3858-vobet,,FALSE,,,
7020-ozkxz,,FALSE,,,
3977-qcrsl,,FALSE,,,
0017-dinoc,,FALSE,,,
1447-pjgga,,FALSE,,,
8565-clbzw,,FALSE,,,
9139-wqqdy,,FALSE,,,
0224-hjapt,,FALSE,,,
8086-ovpwv,,FALSE,,,
9430-frqoc,,FALSE,,,
7639-oplng,,FALSE,,,
3074-gqwyx,,FALSE,,,
1492-qgclu,,FALSE,,,
6845-rgtys,,FALSE,,,
7328-owmom,,FALSE,,,
4418-lzmsv,,FALSE,,,
5155-azqpb,,FALSE,,,
8861-hggkb,"i recently decided to cancel my service with this provider after being a customer for 10 months. the monthly charges of $86.45 for fiber optic internet were reasonable, and the payment method of electronic check was convenient. however, i found that the service was not as reliable as i had hoped for and experienced frequent interruptions. as a result, i",TRUE,negative,0.8067236542701721,0
1087-gruyi,,FALSE,,,
7065-yunry,"i recently signed up for dsl internet service with this company on a month-to-month contract. unfortunately, after just one month, i decided to cancel and switch to a different provider. the internet connection was unreliable and slow, making it difficult for me to work from home efficiently. the monthly charges of $45.3 were reasonable, but it wasn't worth it for the poor quality of service. additionally, having to pay by mailing a check was inconvenient compared to other companies that offer more convenient payment methods.overall, i was not satisfied with my experience and would not recommend this company to others.",TRUE,negative,0.9275830984115601,0
7694-vlbwq,,FALSE,,,
2546-kzaat,,FALSE,,,
0181-ritdd,,FALSE,,,
5989-pgkjb,"i have been a customer with this company for 16 months now and i have been very satisfied with the service. the fiber optic internet service has been fast and reliable, and i have had no issues with conn",TRUE,positive,0.9743597507476807,2
4795-ktrth,,FALSE,,,
8272-onjlv,,FALSE,,,
1488-pbljn,,FALSE,,,
0308-giqjt,,FALSE,,,
3778-foaqw,,FALSE,,,
4452-rohmo,,FALSE,,,
6481-ogdoo,,FALSE,,,
3090-letty,,FALSE,,,
5349-azpew,i have been using the dsl internet service with this provider for 5 months now on a month-to-month contract. i have not experienced any issues with the service and have been satisfied with the speed and rel,TRUE,positive,0.7714782953262329,2
3753-tsemp,"i recently switched internet providers after being with this company for 15 months on a month-to-month contract. the monthly charges of $88.15 were reasonable for the fiber optic internet service i received. however, i ultimately decided to churn because i found a better deal with another provider. the payment method of electronic check was convenient and hassle-free. overall, i had a positive experience with this company, but ultimately decided to switch for better pricing.",TRUE,neutral,0.5918830037117004,1
8305-vhzbz,,FALSE,,,
9720-jjjor,,FALSE,,,
8100-hzzlj,,FALSE,,,
8775-erlnb,,FALSE,,,
8309-ieyjd,"i have been a customer with this internet service provider for about a month now and i am really happy with the service so far. the fiber optic internet is fast and reliable, and i have had no issues with connectivity. the month",TRUE,positive,0.9841929078102112,2
9172-jitsm,,FALSE,,,
6298-qdfnh,,FALSE,,,
7398-hpyzq,,FALSE,,,
3546-gheae,,FALSE,,,
7361-ypxfs,,FALSE,,,
6557-bzxlq,,FALSE,,,
2550-qhzgp,,FALSE,,,
7519-jtwqh,,FALSE,,,
2538-oimxf,,FALSE,,,
8543-msdmf,,FALSE,,,
9961-jbnmk,,FALSE,,,
1170-sasml,,FALSE,,,
4872-jcvca,,FALSE,,,
5346-bzchp,,FALSE,,,
2038-llmlm,,FALSE,,,
6173-itpwd,,FALSE,,,
9734-uyxqi,"i recently cancelled my dsl service with this provider after only two months. the monthly charges of $49.4 were reasonable, but i found the internet servi",TRUE,negative,0.5999625325202942,0
1216-bgtsp,,FALSE,,,
4138-naxed,,FALSE,,,
2189-uxtky,,FALSE,,,
0744-bikkf,i have been a customer with this company for 6 years now and i have been very satisfied with the service. the dsl internet service has been reliable and i have not experienced any issues with connectivity. the automatic bank transfer payment method makes it convenient for me to pay my bill each month wi,TRUE,positive,0.9630224108695984,2
7483-iqwib,,FALSE,,,
5248-kwlar,,FALSE,,,
4958-gzwiy,,FALSE,,,
7996-mhxlw,i have been a loyal customer with this company for 66 months now and i have had a positive experience overall. the automatic credit card payment method has made it convenient for me to pay my monthly charges of $25.15 without any,TRUE,positive,0.960702121,2
7833-pkihd,,FALSE,,,
7061-ovmim,,FALSE,,,
5153-rthkf,,FALSE,,,
1852-qswcd,,FALSE,,,
4832-vrbmr,"i have been a customer with this company for 65 months now and i have been extremely satisfied with their service. the fiber optic internet service has been reliable and fast, and the automatic bank transfer payment method makes it convenient for me to pay my monthly charges of $103.15. i have had no issues with churn and i plan on continuing my contract with them for the foreseeable future. overall, i highly recommend this company for their excellent service.",TRUE,positive,0.9739493131637573,2
9079-lwtfd,,FALSE,,,
6356-elrkd,,FALSE,,,
8624-giout,,FALSE,,,
3392-ehmnk,"i have been a loyal customer with this company for 67 months now and i must say i am extremely satisfied with their service. the fiber optic internet service has been reliable and fast, allowing me to stream movies and work from home without any interruptions. the",TRUE,positive,0.9820228219032288,2
5986-wwxdv,,FALSE,,,
3061-bckyi,"i have been a customer with this company for 14 months now and have been satisfied with their service overall. the monthly charges are affordable at $19.9 and i appreciate the flexibility of the month-to-month contract. however, i do wish they offered internet service as that would make my experience even better. i also prefer to pay by mailed check which has not been an issue so far. overall, i have no complaints and am happy to continue with this company.",TRUE,positive,0.9499701857566833,2
6179-gjpso,,FALSE,,,
7901-tbkjx,,FALSE,,,
7228-paqpd,,FALSE,,,
3177-lasxd,,FALSE,,,
7746-qyvco,,FALSE,,,
5804-hyiez,,FALSE,,,
9919-fzded,,FALSE,,,
5934-tssau,,FALSE,,,
3486-khmli,i have been a customer with this company for 21 months now and i am very satisfied with the service. i appreciate the flexibility of the,TRUE,positive,0.9735144972801208,2
4897-qsuyc,,FALSE,,,
1084-uqchv,,FALSE,,,
8290-ywkhz,,FALSE,,,
2955-bjzhg,"i recently switched internet providers after being with this company for 17 months on a month-to-month contract. the monthly charges of $80.85 for fiber optic internet were reasonable, but i ultimately decided to churn due to incon",TRUE,negative,0.7174181342124939,0
3806-dxqom,,FALSE,,,
6784-xyjae,,FALSE,,,
3933-dqpwx,,FALSE,,,
6661-eipzc,,FALSE,,,
8957-thmoa,"i have been a customer with this company for over 4 years now and i have been very satisfied with their service. the automatic credit card payment option makes it convenient for me to pay my bill on time every month. even though i do not have internet service with them, i appreciate the affordable monthly charges for the other",TRUE,positive,0.9634053111076355,2
2251-pylpb,,FALSE,,,
5555-rnpgt,,FALSE,,,
1057-foglz,,FALSE,,,
9300-rendd,,FALSE,,,
0761-aetcs,,FALSE,,,
8087-lgyhq,,FALSE,,,
4137-btikl,"i have been a customer with this company for 2 months now and i am extremely satisfied with the fiber optic internet service provided. the speed and reliability have been excellent, and i have not experienced any issues with the connection. the monthly charges of $90.7",TRUE,positive,0.9757214188575745,2
2190-bcxec,"i have been a loyal customer of this fiber optic internet service for 40 months now and i have been extremely satisfied with the quality of the service. the speed and reliability have been top-notch, and i have never experienced any issues with connectivity. the automatic credit card payment method is convenient and hassle-free. although the monthly charges of $78.85 may seem a bit high, i believe the quality of service justifies the cost. overall, i have no complaints and would highly recommend this internet service to others.",TRUE,positive,0.9744523167610168,2
6227-fbdxh,,FALSE,,,
2153-mrefk,,FALSE,,,
2911-wdxmv,,FALSE,,,
7206-pqbbz,,FALSE,,,
3106-ulwfw,,FALSE,,,
0925-vydlg,,FALSE,,,
4547-fzjwe,,FALSE,,,
7422-wnbty,,FALSE,,,
0842-iwycp,,FALSE,,,
3521-htqtv,,FALSE,,,
3744-zbhon,,FALSE,,,
3373-diuun,,FALSE,,,
8383-sghju,,FALSE,,,
7607-qkktj,,FALSE,,,
7707-pybbh,,FALSE,,,
8984-hpemb,,FALSE,,,
4349-gfqhk,,FALSE,,,
4139-detxs,,FALSE,,,
9779-dpnej,"i have been a customer with this company for 22 months now and i am very satisfied with the service. the fiber optic internet service is reliable and fast, and the monthly charges of $80.15 are reasonable for the quality of service provided. i appreciate the convenience of paying with electronic",TRUE,positive,0.9793282151222229,2
9805-filkb,,FALSE,,,
5793-yoljn,,FALSE,,,
0673-iguqo,"i have been a customer with this company for 1 month now and i must say i am very satisfied with the service. even though i do not have internet service with them, i appreciate the affordable monthly charges of $20.45. i also like the flexibility of the month-to-month contract type and the option to pay via mailed check. overall, i have had a positive experience and do not plan on churning anytime soon. thank you for providing great service at a reasonable price.",TRUE,positive,0.9616495966911316,2
4123-fcvcb,,FALSE,,,
8819-imisp,,FALSE,,,
7802-efkny,,FALSE,,,
8311-ueuab,,FALSE,,,
5858-eafcz,"i have been a customer with this company for just over a month now, and so far i am quite satisfied with the service. the dsl internet is reliable and meets my needs, and the monthly charges of $44.45 are reasonable. i appreciate the option to pay by mailed check, as it is convenient for me. overall, i have had no issues with the service and would recommend it to others.",TRUE,positive,0.955071747,2
8035-buyvg,,FALSE,,,
1163-onyey,i have been a customer with this internet service provider for over three years now and i am extremely satisfied with the service i have received. the dsl internet service has been reliable and consistent throughout my tenure. the automatic credit card payment method is convenient and hassle-free. the monthly charges of $74.55 are reasonable for the quality of service i am receiving. i have no complaints and have no plans to switch providers in the near future. highly recommend this provider to others.,TRUE,positive,0.9771765470504761,2
9787-xvqiu,"i recently signed up for the fiber optic internet service with a month-to-month contract. however, after just one month of service, i have decided to cancel. the monthly charg",TRUE,neutral,0.5519899725914001,1
8945-muquf,,FALSE,,,
5656-mjefc,,FALSE,,,
6082-oqfba,,FALSE,,,
8051-hjrlt,,FALSE,,,
8974-ovacp,,FALSE,,,
4010-ylmvt,,FALSE,,,
1379-frveb,,FALSE,,,
8612-gxidd,,FALSE,,,
6288-chqjb,,FALSE,,,
8160-howox,,FALSE,,,
3023-gflbr,,FALSE,,,
6648-inwps,,FALSE,,,
4223-bkeor,,FALSE,,,
4079-vtglk,"i have been a customer with this company for 30 months now and i have had a positive experience overall. the dsl internet service has been reliable and the monthly charges of $74.85 are reasonable for the quality of service i am receiving. i appreciate being able to pay through electronic check, as it is convenient and hassle-free. i have no complaints and am satisfied with my decision to choose this company for my internet service.",TRUE,positive,0.9688156843185425,2
1763-wqfuk,"i have been a customer with this dsl internet service provider for 3 months now on a month-to-month contract. i have found the service to be reliable and consistent with no interruptions or issues. the monthly charges of $50.5 are reasonable for the service provided. i appreciate being able to pay by mailing a check, as it is convenient for me. overall, i am satisfied with my experience and have no complaints.",TRUE,positive,0.9340087175369263,2
1391-ubdar,,FALSE,,,
8894-jvdcv,,FALSE,,,
2023-vqfdl,,FALSE,,,
1345-gkdzz,,FALSE,,,
2014-mkgmh,,FALSE,,,
5628-fcgyg,,FALSE,,,
2560-wbwxf,,FALSE,,,
0248-ipdfw,,FALSE,,,
7978-dkuqh,,FALSE,,,
4335-upjsi,,FALSE,,,
0524-iavzo,,FALSE,,,
2737-yngyw,,FALSE,,,
1784-ezdkj,,FALSE,,,
9297-fvvdh,,FALSE,,,
8007-yypwd,,FALSE,,,
7101-hrblj,,FALSE,,,
5159-yfpkq,i recently switched to this internet service provider two months ago and decided to go with the month-to-month contract option. the monthly charges of,TRUE,neutral,0.8543396592140198,1
6635-cpnun,,FALSE,,,
4021-rqsny,,FALSE,,,
5453-ybtwv,"i have been a customer with this company for 70 months now and i am very satisfied with the service. the fiber optic internet service has been reliable and fast, and i have not experienced any issues with my connection. the monthly charges of $101.1 are reasonable for the quality of service i receive. the automatic c",TRUE,positive,0.9676417112350464,2
5039-lzrqt,,FALSE,,,
2931-vuvjn,,FALSE,,,
9061-tihda,"""i recently decided to cancel my service with this company after being a customer for 13 months. the monthly charges of $95.25 were becoming too expensive for me, especially since i was only on a month-to-month contract. despite having fiber optic internet service, i felt like i coul",TRUE,negative,0.908299983,0
8699-asufo,,FALSE,,,
6418-piqsp,,FALSE,,,
8220-ocufy,,FALSE,,,
3995-wfcsm,,FALSE,,,
1895-qtkdo,"i have been a customer with this company for just over a month now and so far i am very satisfied with the service. the monthly charges are reasonable at $43.95 and i have had no issues with billing, as it is set up to be automatically deducted from my credit card. the dsl internet service has been reliable and i have not experienced any disruptions. overall, i am happy with my decision to sign up for this month-to-month contract and have no plans to churn in the near future.",TRUE,positive,0.9549204111099243,2
2038-oeqzh,"i have been a customer with this fiber optic internet service provider for 4 months now on a month-to-month contract. i have had no issues with the service and have not experienced any interruptions or outages. the monthly charges of $86.05 are reasonable for the quality of service i am receiving. i appreciate the convenience of paying with an electronic check. overall, i am satisfied with my experience and have no plans to switch providers.",TRUE,positive,0.8914766311645508,2
1178-pzgab,,FALSE,,,
7927-auxbz,,FALSE,,,
2626-veewg,"i have been a customer with this company for over five years now and have been very satisfied with the service. the automatic credit card payment option is convenient and hassle-free. even though i do not have internet service with this company, the monthly charges are very affordable at $19.4. overall, i have no complaints and am happy to continue being a customer.",TRUE,positive,0.9682744741439819,2
2878-rmwxy,,FALSE,,,
1657-dymbm,,FALSE,,,
7311-mqjch,,FALSE,,,
7375-wmvmt,"i have been a customer with this company for over 6 years now and i am very satisfied with the service. the fiber optic internet service has been reliable and fast, and i have never exp",TRUE,positive,0.9804373383522034,2
1136-xgequ,i have been a customer with this company for over four years now and i have been very satisfied with the service. the dsl internet service has bee,TRUE,positive,0.9626049399375916,2
2530-fmfxo,"i have been a loyal customer of this company for over four and a half years now and have been extremely satisfied with the service i have received. the fiber optic internet service has been reliable and fast, allowing me to work from home without any issues. the monthly charges are reasonable for the quality of service i am receiving. i appreciate the convenience of being abl",TRUE,positive,0.9739789366722107,2
6844-dzkrf,,FALSE,,,
4695-wjzue,,FALSE,,,
7619-odsgn,,FALSE,,,
5970-ghjaw,,FALSE,,,
8879-xuahx,,FALSE,,,
3689-mozgr,,FALSE,,,
4195-pngzs,,FALSE,,,
5003-xzwwo,,FALSE,,,
3988-rqixo,,FALSE,,,
7622-fwgew,,FALSE,,,
6922-ncedi,i have been a customer with this company for over four and a half years and have been satisfied with the service overall. the monthl,TRUE,positive,0.9110114574432373,2
2514-ginmm,,FALSE,,,
9891-nqdbd,,FALSE,,,
6131-iunxn,,FALSE,,,
8548-awofc,,FALSE,,,
9798-dryds,"i have been a customer with this dsl internet service provider for 17 months now and i have been satisfied with the service overall. the monthly charges of $61.95 are reasonable for the speed and reliability of the internet connection. i appreciate being able to pay by mailing a check, as it is convenient for me. i have not experienced any issues that would make me want to churn or switch providers. overall, i am happy with the service and would recommend it to others.",TRUE,positive,0.956135631,2
8532-uefwh,,FALSE,,,
6296-ddoor,,FALSE,,,
7951-vrdvk,i have been a customer with this dsl internet service provider for 3 years now and i have been very satisfied with the service. the automatic bank transfer payment method is convenient and hassle-free. the monthly charges of $85.85 are reasonable for the internet speed a,TRUE,positive,0.9737250208854675,2
5931-fljjf,,FALSE,,,
4815-yosuk,,FALSE,,,
2659-vxmwz,,FALSE,,,
0380-neavx,,FALSE,,,
3207-oybwh,,FALSE,,,
4285-gyrqc,,FALSE,,,
7216-ewtrs,,FALSE,,,
4365-msdyn,i have been a customer with this company for 8 months now and i am very satisfied with the service. the month-to-month contract works well for me as i have th,TRUE,positive,0.9718571305274963,2
7036-tydec,,FALSE,,,
5802-adbrc,,FALSE,,,
8076-fezkj,,FALSE,,,
5197-ypybz,,FALSE,,,
8337-mssxb,,FALSE,,,
4312-gvynh,,FALSE,,,
8495-ljdfo,,FALSE,,,
0839-jtcud,i have been a loyal customer with this company for 66 months now and have been on a two-year contract with them. i am pleased to say that i have not experienced any issues with their service and have not had any reasons to consider switching providers. the monthly charges of $89.9 for dsl internet service are reasonable and affordable for the quality of service,TRUE,positive,0.9468920826911926,2
5494-wozrz,,FALSE,,,
1302-uhbdd,i have been a customer with this company for 20 months now and i am extremely satisfied with the service. the fiber optic internet is fast and reliable,TRUE,positive,0.9835926294326782,2
2234-eofpt,,FALSE,,,
8619-ijndk,i have been a loyal customer with this company for over 6 years now and have been very satisfied with the service. the dsl internet has been reliable and the monthly charges are reasonable. i appre,TRUE,positive,0.9738152027130127,2
8378-lkjaf,,FALSE,,,
8182-bjdsi,,FALSE,,,
2528-hfyzx,,FALSE,,,
1153-gnolc,,FALSE,,,
3298-qeica,,FALSE,,,
0788-dxbfy,,FALSE,,,
3597-yaszg,,FALSE,,,
3496-lfszu,,FALSE,,,
5242-uowhd,"i have been a customer with this company for 45 months and have been satisfied with the service overall. the monthly charges are reasonable at $20.35 and i appreciate the option to pay by mailed check. however, i do not have internet service with this company so i cannot speak to the quality of that service. overall, i have had no issues with this company and am pleased with my experience as a customer.",TRUE,positive,0.9175442457199097,2
2482-czgbb,,FALSE,,,
6479-szplm,,FALSE,,,
8097-vbqtz,,FALSE,,,
4500-hkann,"i have been a customer with this internet service provider for nearly two years now and i have been very satisfied with the service. the dsl internet connection has been reliable and the monthly charges are reasonable at $59.7. i appreciate the option to pay by mailing a check, as it is convenient for me. overall, i have had no issues with the service and i am happy to continue using it.",TRUE,positive,0.9671295285224915,2
9917-kwrbe,"i have been a customer with this dsl internet service provider for over three years now, and i have been very satisfied with the service. the monthly charges of $78.35 are reasonable for the speed and reliability of the i",TRUE,positive,0.9639977216720581,2
3420-zdbma,,FALSE,,,
2212-lyask,,FALSE,,,
1393-imkzg,,FALSE,,,
8069-rhuxk,,FALSE,,,
3398-gcpmu,,FALSE,,,
2908-wgaxl,,FALSE,,,
3378-ajrao,"i have been a customer with this company for 44 months now and i have been very satisfied with their services. despite not having internet service with them, i have found their monthly charges of $24.85 to be very reasonable. the electronic check payment method is convenient and hassle-free. overall, i have had a positive experience and i have no plans to churn in the near future.",TRUE,positive,0.957778811,2
1013-qcwam,i have been a loyal customer for over 5 years now and i have been very satisfied with the fiber optic internet service provided by this company. the monthly charges are reasonable for the,TRUE,positive,0.9667662978172302,2
0866-qlsir,,FALSE,,,
6050-ffxes,,FALSE,,,
7181-bqybv,"""i recently switched to this fiber optic internet service provider and unfortunately had to churn after only 1 month. the monthly charges of $102.45 were quite high for the level of service i received. the electronic check p",TRUE,negative,0.8595432043075562,0
0362-raoqo,,FALSE,,,
9554-dfkic,,FALSE,,,
5527-achso,i have been a customer with this dsl internet service provider for 11 months now and i am very satisfied with the service. the monthly charges of $70.5 are reasonable and the internet connection has been reliable. i appreciate the flexibi,TRUE,positive,0.9763180017471313,2
0829-ddvlk,"i have been a customer with this company for 15 months now and i have had a positive experience overall. the automatic credit card payment method has made it convenient for me to pay my monthly charges of $20.1 on time without any hassle. however, i do wish that internet service was included in my plan as it would be beneficial for me. overall, i am satisfied with the service and have no plans to churn at this time.",TRUE,positive,0.9371286630630493,2
1399-ubqiu,"i have been a customer with this dsl internet service provider for 11 months now with a month-to-month contract. i have not experienced any issues with my service and have not had any reason to consider switching providers. the monthly charges of $69.35 are reasonable for the reliable internet connection i receive. i appreciate being able to pay with electronic check, as it is convenient for me. overall, i am satisfied with my experience and would recommend this provider to others.",TRUE,positive,0.8395525217056274,2
1813-jlkwr,i have been a customer with this company for 64 months now and i have been very satisfied with the service. the monthly charges are very reasonable at $19.8 and i appreciate the convenience of au,TRUE,positive,0.9783753752708435,2
0336-pikei,,FALSE,,,
7322-ocwhc,i have been a customer with this company for 6 years now and have been very satisfied with the service. the fiber optic internet is fast and re,TRUE,positive,0.974115252,2
9537-vhdta,,FALSE,,,
4957-tialw,i have been a customer with this company for 15 months now and i am very satisfied with the service. the dsl internet service has been reliable and the monthly charges of $65.6 are reasonable.,TRUE,positive,0.9778459668159485,2
2054-pjock,"""i have been a customer with this company for 5 years now and i have been very satisfied with their service. the internet connection through dsl has been reliable and fast. the monthly charges of $80.55 are reasonable for the quality of service i receive. i appreciate the convenience of automatic credit card payments, which makes paying my bill hassle-free. overall, i have had a positive experience with this company and have no plans to switch to another provider.""",TRUE,positive,0.971455455,2
9150-hepmb,,FALSE,,,
9030-qgznl,,FALSE,,,
6204-ieuxj,,FALSE,,,
3126-wqmgh,"i have been a customer with this internet service provider for almost 4 years now and i have had a positive experience overall. the month-to-month contract is convenient for me and the monthly charges are affordable at $52.15. the dsl internet service has been reliable and i have not experienced any issues with connectivity. i appreciate the convenience of automatic credit card payments, which makes the billing process hassle-free. overall, i am satisfied with the service and have no plans to churn in the near future.",TRUE,positive,0.9556007981300354,2
4529-ckbcl,"i recently cancelled my fiber optic internet service after only 2 months of use. the $80.2 monthly charges were higher than i anticipated and i found a better deal with another provider. the electronic check payment method was convenient, but ultimately the cos",TRUE,negative,0.68094933,0
2506-clakw,,FALSE,,,
7176-wrtnx,,FALSE,,,
1583-ihqze,"i recently decided to switch internet providers after being with this company for 12 months on a month-to-month contract. the monthly charges of $112.95 were quite high for the service i was receiving. additionally, having to mail a check for payment was inconvenient and outdated in today's digital age. overall, i decided to churn because i found better deals with other providers offering similar fiber optic internet services at a lower cost and with more convenient payment options.",TRUE,negative,0.794784427,0
5732-ikgqh,,FALSE,,,
9239-gzhze,"i have been a customer with this company for 6 years now and have been very satisfied with the service. the fiber optic internet service has been reliable and fast, and i have never ex",TRUE,positive,0.9740061163902283,2
7205-baiad,,FALSE,,,
0151-ontov,,FALSE,,,
4140-muhug,"""i recently switched to this fiber optic internet service provider three months ago on a month-to-month contract. the monthly charges of $86.85 were reasonable and the payment meth",TRUE,positive,0.5973523855209351,2
0093-exyql,"i have been a customer with this company for over 3 years now and i have been extremely satisfied with the service. the fiber optic internet service is fast and reliable, and i have never experienced any issues with downtime. the monthly charges are reasonable at $91.55 and i appreciate the convenience of being able to pay with electronic check. overall, i have had a great experience with this company and would highly recommend them to others.",TRUE,positive,0.972135067,2
8064-ravoh,,FALSE,,,
0219-qaerp,,FALSE,,,
0320-jdnqg,,FALSE,,,
7180-pisog,,FALSE,,,
9168-inpsz,i have been with this company for 44 months now and i am extremely satisfied with the service. the fiber optic internet is fast and reliabl,TRUE,positive,0.9849164485931396,2
3571-rfhar,,FALSE,,,
0015-uocoj,,FALSE,,,
5334-afqjb,,FALSE,,,
2754-sdjrd,,FALSE,,,
9578-vrmnm,,FALSE,,,
1587-fklzb,,FALSE,,,
6140-qnrqq,"i recently switched to fiber optic internet service with this provider about a month ago. unfortunately, i have already decided to churn and cancel my service. the monthly charges of $71.55 were reasonable, but i found the payment method of mailing a check to be inconvenient and outdated. i would have",TRUE,negative,0.9076914191246033,0
8963-jlgjt,,FALSE,,,
4307-ktumw,,FALSE,,,
1465-lntlj,,FALSE,,,
5440-flbqg,,FALSE,,,
2135-dqwaq,,FALSE,,,
4056-qhxhz,"i have been a customer with this company for 6 years now and have been very satisfied with the service. the fiber optic internet is fast and reliable, and the monthly charges are reasonable for the quality of service provided. i appreciate being able to pay by mailed check, as it is convenient for me. i have not had any issues with my service and have no plans to switch providers. thank you for consistently providing great service over the years.",TRUE,positive,0.9730622172355652,2
7470-mcqtk,,FALSE,,,
7488-mxjiv,"i decided to switch internet providers after only 4 months with this service. the monthly charges of $85.65 were reasonable for fiber optic internet, b",TRUE,neutral,0.5760073065757751,1
7401-jixnm,,FALSE,,,
9339-fiijl,,FALSE,,,
2027-feczv,"i have been a customer with this company for 12 months on a month-to-month contract with monthly charges of $106.7 for fiber optic internet service. however, i recently decided to churn and switch to a different provider. the service was reliabl",TRUE,negative,0.5830501317977905,0
2672-dzuoy,,FALSE,,,
4706-dgahw,,FALSE,,,
3870-mqamg,,FALSE,,,
6670-mfrpk,,FALSE,,,
6177-pevra,,FALSE,,,
4800-czmpc,,FALSE,,,
4813-hqmgz,"i have been a customer with this company for 8 months now and i am very satisfied with the service. the fiber optic internet service is fast and reliable, and the monthly charges of $90.25 are reasonable for the quality of service i receive. i appreciate the convenience of payi",TRUE,positive,0.9796692728996277,2
7579-kkloe,,FALSE,,,
7377-dmmri,,FALSE,,,
8402-eivqs,,FALSE,,,
4947-dsmxk,,FALSE,,,
7245-niiwq,"i have been a customer with this company for 3 months now and i am really satisfied with the service. the fiber optic internet is fast and reliable, and i have had no issues with connectivity so far. the monthly charges of $69.85 are reasonable for the quality of service i am receiving. i also appreciate the co",TRUE,positive,0.9769464135169983,2
0002-orfbo,,FALSE,,,
3324-oirto,,FALSE,,,
5414-ofqcb,"i have been a customer with this company for 57 months now and i have been extremely satisfied with the service. the fiber optic internet service has been reliable and fast, and the automatic payment method with my credit card has made it convenient to pay my monthly bill. the monthly charges of $90.45 are reasonable for the quality of service i receive. i have not experienced any issues that would make me consider switching providers. overall, i am a happy customer and would recommend this company to others.",TRUE,positive,0.9729534387588501,2
4967-wpncf,,FALSE,,,
8552-obvru,,FALSE,,,
8499-brxtd,"i have been a customer with this company for 18 months now and i have been satisfied with the service. the monthly charges are reasonable at $20.1 and i appreciate the option to pay via mailed check. even though i do not have internet service with this company, i have not experienced any issues or disruptions with my service. overall, i am happy with my experience and have no plans to switch providers.",TRUE,positive,0.9444518089294434,2
9154-qdgth,,FALSE,,,
8197-bfwvu,,FALSE,,,
2577-gvsil,,FALSE,,,
9367-oiuxp,,FALSE,,,
6770-uaygj,"i have been a customer with this company for almost four years now and i have been satisfied with the service overall. i appreciate the affordable monthly charges and the convenience of being able to pay by mailing a check. however, i do wish that internet service was",TRUE,positive,0.9384732842445374,2
6463-hhxjr,"i have been a loyal customer of this company for over 6 years now and have had a great experience with their fiber optic internet service. the automatic bank transfer payment method is convenient and hassle-free. the monthly charges are reasonable for the quality of service provided. i appreciate that i have not experienced any issues that would lead me to consider switching providers. overall, i am satisfied with my service and would recommend it to others.",TRUE,positive,0.9710997343063354,2
7928-vjyab,,FALSE,,,
1187-wilmm,,FALSE,,,
9776-ojuzi,,FALSE,,,
1306-rpwxz,"i have been a customer with this company for almost four years now and i have been very satisfied with the service they provide. the automatic credit card payment option is convenient and ensures that i never miss a payment. the monthly charges are very reasonable at $20.45 and i have never experienced any issues with billing. although i do not have internet service with this company, i have been happy with the other services they offer. overall, i would highly recommend this company to others.",TRUE,positive,0.9696115851402283,2
8949-jtmay,,FALSE,,,
2774-lvqus,,FALSE,,,
3097-pywxl,,FALSE,,,
2266-sjnat,,FALSE,,,
0869-paprp,,FALSE,,,
4238-jsswh,,FALSE,,,
2972-ydyuw,"i have been a customer with this company for almost 5 years now and i have been very satisfied with the service. the fiber optic internet service is fast and reliable, and i have never experienced any issues with connectivity. the monthly charges are reasonable for the quality of service provided. i appreciate the convenience of paying with electronic check and have had no issues with billing. overall, i am happy with my experience and have no complaints.",TRUE,positive,0.9686247706413269,2
1104-fejam,,FALSE,,,
2809-ilcyt,,FALSE,,,
5499-ecutn,i have been a customer with this company for almost four years now and i have been satisfied with the service overall. the monthly charges are reasonable at $66.05 and i appreciate the conven,TRUE,positive,0.9665524363517761,2
4981-fltmf,"i have been a customer with this company for 57 months and have been satisfied with their service. the monthly charges of $65.2 for dsl internet are reasonable and the automatic bank transfer payment method is convenient. i have had no issues with the service and have not experienced any churn. overall, i am happy with my experience as a month-to-month customer.",TRUE,positive,0.9576485753059387,2
9121-phqsr,"i have been a customer with this company for 16 months now and have been very satisfied with the service. the fiber optic internet is fast and reliable, and i have had no issues with downtime or slow speeds. the automatic credit card payments make it convenient for me to pay my bill each month. overall, i have no complaints and would recommend this service to others.",TRUE,positive,0.9675042033195496,2
3113-iwhlc,,FALSE,,,
3211-iljtt,,FALSE,,,
4612-thjbs,"i have been a customer with this company for over four and a half years and i must say i am extremely disappointed with the service i have received. despite being on a one-year contract, i have experienced frequent outages and slow internet speeds. the monthly charges of $104.75 are also quite high for the subpar service i have been receiving. additionally, the automatic bank transfer payment method has been convenient, but i am considering cancelling my service due to the lack of reliability and value for money.",TRUE,negative,0.9367284178733826,0
4277-bwbml,,FALSE,,,
4094-nsedu,"i have been a customer with this company for 21 months, and unfortunately, i have decided to churn. the monthly charges of $94.25 for fiber optic internet service were reasonable, but i found better deals with other providers. the option to pay with electronic check was convenient and hassle-free. overall, i had a decent experience with the company, but i ultimately decided to switch due to better offers elsewhere.",TRUE,negative,0.6595641374588013,0
0234-tevtt,,FALSE,,,
4304-tspvk,,FALSE,,,
1552-aagrx,,FALSE,,,
2637-fkfsy,,FALSE,,,
9796-mvyxx,,FALSE,,,
7874-ecpqj,,FALSE,,,
0020-inwck,,FALSE,,,
7089-rkvsz,i have been a customer with this company for 8 months now and i have been satisfied with the service so far. the monthly charges are reasonable at $24.4 and i appreciate the option to pay by mailed check. although i do,TRUE,positive,0.9428415894508362,2
2683-jxwqq,,FALSE,,,
9548-zmvtx,,FALSE,,,
8739-xnikg,,FALSE,,,
9755-jhnmn,,FALSE,,,
3981-qsvqi,,FALSE,,,
2789-hqbou,,FALSE,,,
9424-cmpog,,FALSE,,,
5067-wjeun,,FALSE,,,
3450-wxoat,,FALSE,,,
9251-wnsod,,FALSE,,,
6974-dafli,,FALSE,,,
2616-uutfk,,FALSE,,,
7064-jhxce,,FALSE,,,
5103-mhmhy,,FALSE,,,
7989-awgeh,,FALSE,,,
4373-vvhql,,FALSE,,,
4559-uwiht,,FALSE,,,
7268-igmfd,,FALSE,,,
1846-xwoqn,,FALSE,,,
0235-kgslc,"""i am very disappointed with the service provided by this company. i signed up for their fiber optic internet service on a month-to-month contract, but after only 1 month of service, i decided to cancel due to frequent outages and slow speeds. the monthly charge of $85.55 was not worth the",TRUE,negative,0.9386609196662903,0
6650-bwfrt,,FALSE,,,
9570-kyeua,"i have been a loyal customer of this company for over 5 years now and i am extremely satisfied with the service they provide. the fiber optic internet service is fast and reliable, and i have never experienced any issues with connectivity. the automatic payment method with my credit card makes it convenient for me to keep up with my monthly charg",TRUE,positive,0.9765304923057556,2
6993-ygfjv,,FALSE,,,
2712-syway,"i have been a customer with this company for about a month now and i am overall satisfied with the service. the monthly charges are reasonable at $25.7 and the payment method of using electronic check is convenient for me. however, i do wish that internet service was included in my plan as i currently do not have access to it. other than that, i have had no issues with the company and am happy to continue with my month-to-month contract.",TRUE,positive,0.9255536198616028,2
0730-bgqgf,,FALSE,,,
5498-ibwpi,,FALSE,,,
9101-ntixf,,FALSE,,,
0013-smeoe,,FALSE,,,
9314-qdmdw,,FALSE,,,
9308-anmve,i have been a customer with this company for almost 4 years now and i am very satisfied with the service. the monthly charges are reasonable at $55.3 and i appreciate the convenience of being able to pay with electronic check. the dsl internet service has been reliable and,TRUE,positive,0.9756267070770264,2
2884-gbpfb,,FALSE,,,
3757-njybx,,FALSE,,,
3413-dhlpb,,FALSE,,,
7649-phjvr,,FALSE,,,
6114-tcfid,,FALSE,,,
3787-trial,,FALSE,,,
2573-gyruu,,FALSE,,,
5156-umkow,,FALSE,,,
1247-qbvsh,,FALSE,,,
6734-gmpvk,,FALSE,,,
9822-oaovb,,FALSE,,,
6161-erdgd,,FALSE,,,
1226-jznkr,"i have been a customer with this company for 8 months now and i have had a positive experience so far. i appreciate the affordable monthly charges of $19.8 and the convenience of paying with electronic check. although i do not have internet service with this company, i am overall satisfied with the service and have no plans to churn at this time. looking forward to continuing my contract with them.",TRUE,positive,0.9656403064727783,2
7318-eivko,,FALSE,,,
3771-pzobw,,FALSE,,,
5136-kckgi,"i recently decided to switch internet providers after being with this company for over two and a half years. while the fiber optic service was fast and reliable, i found that the monthly charges of $103.70 were becoming too expensive for me. additionally, having to mail in a check for payment each month was a bit of a hassle compared to more convenient payment methods offered by other providers. ultimately, i decided to cancel my contract after the first year and look for a more affordable and user-friendly option.",TRUE,negative,0.7838107943534851,0
8231-bswxx,"i have been a customer with this company for over 6 years now and i have been extremely satisfied with the service. the fiber optic internet is fast and reliable, and i have never experienced any issues with connectivity. the automatic credit card payment method is convenient and hassle-free. the monthly charges are reasonable for the quality of service provided. overall, i have no complaints and would highly recommend this company to others.",TRUE,positive,0.973607063,2
6486-lhtma,,FALSE,,,
4083-bfnyk,,FALSE,,,
3722-wpxtk,,FALSE,,,
7389-kbfit,,FALSE,,,
7176-wionm,,FALSE,,,
5141-zuvbh,"i have been a customer with this fiber optic internet service provider for 9 months now and i am extremely satisfied with the service. the speed and reliability of the connection have been top-notch, and i have not experienced any issues with the service so far. the automatic bank transfer payment method is convenient and hassle-free.",TRUE,positive,0.9802890419960022,2
1089-hdmkp,,FALSE,,,
7623-hkyrk,,FALSE,,,
0310-sucin,,FALSE,,,
5197-pyepu,"i have been a customer with this company for over three and a half years now and have had a positive experience overall. the fiber optic internet service has been reliable and fast, allowing me to stream videos, work from home, and stay connected with friends and family without any interruptions. the automatic credit card payment method has made it convenient for me to pay my monthly bill on time without having to worry about remembering to do so. although the monthly charges are on the higher side at $94.45, i feel that the quality of service justifies the cost. overall, i am satisfied with my experience as a customer and have no plans to churn in the near future.",TRUE,positive,0.9526420831680298,2
2929-ercfz,,FALSE,,,
7548-sepyi,"i decided to cancel my service after 5 months with this provider because i found a better deal elsewhere. the monthly charges of $96.25 were a bit higher than i wanted to pay, especially for a month-to-month contract. the fiber optic inter",TRUE,negative,0.8297631740570068,0
8835-vsdse,,FALSE,,,
6619-rplqz,,FALSE,,,
3275-rhrne,,FALSE,,,
3503-tyday,,FALSE,,,
6901-gogzg,,FALSE,,,
1623-nldot,"i have been a customer with this company for 3 and a half years, and unfortunately, i have decided to churn. i have been on a one-year con",TRUE,negative,0.9094659090042114,0
7021-xsnye,,FALSE,,,
9621-oupyd,,FALSE,,,
9898-kzqdz,,FALSE,,,
8982-nhavy,"i have been a customer with this company for 27 months now and i am very satisfied with their service. the fiber optic internet service is fast and reliable, and i have experienced no issues with downtime or slow speeds. the automatic bank transfer payment method is convenient and hassle-free. the monthly charges of $100.5 are reasonable for the quality of service provided. overall, i have had a positive experience with this company and would recommend them to others.",TRUE,positive,0.9732211828231812,2
4307-kwmxe,,FALSE,,,
0141-yeays,,FALSE,,,
2450-zkeed,i have been a customer with this dsl internet service provider for 11 months now and i have had a great experience overall. the monthly charges of $53.8 are reasonable for the service i am receiving. i appreciate the convenience of automatic bank transfer f,TRUE,positive,0.9773653745651245,2
3694-delso,i've been a customer with this dsl internet service provider for 4 months now and i have been very satisfied with the service. the monthly charges of $38.55 are reasonable and the automatic credit card payment makes it convenient for,TRUE,positive,0.9747658967971802,2
3893-jrnfs,,FALSE,,,
9603-oaihc,,FALSE,,,
1133-kxcge,i have been a customer with this company for 18 months now and have not experienced any issues with churning. i have been on a one-year contract with month,TRUE,positive,0.5620450377464294,2
5236-perkl,,FALSE,,,
0142-gvysn,,FALSE,,,
1049-fysyg,,FALSE,,,
7854-foksf,,FALSE,,,
2519-fakod,i have been a customer with this company for 38 months on a month-to-month contract with automatic bank transfer payments. i have been using their fiber optic internet service with a monthly cha,TRUE,neutral,0.7667344808578491,1
8406-lnmhf,,FALSE,,,
1821-bucwy,,FALSE,,,
8263-jqaik,"i recently signed up for dsl internet service with this provider on a month-to-month contract. after just 2 months, i decided to cancel due to slow internet speeds and frequent service interruptions. the monthly charges of $24.45 were reasonable, but the unreliable service was not worth it. i also found the payment method of mailing a check to be inconvenient. overall, i was not satisfied with my experience and ended up churning to a different provider.",TRUE,negative,0.9114020466804504,0
0023-uyupn,"i have been a customer with this company for 50 months now and i am very satisfied with the service. the monthly charges are reasonable at $25.2 and i appreciate the convenience of being able to pay with electronic check. even though i do not have internet service with this company, i have had no issues wit",TRUE,positive,0.9619397521018982,2
8314-dpqhl,,FALSE,,,
1465-wczvt,"i have been a customer with this company for 3 months now and i am satisfied with the service so far. the monthly charges are reasonable at $19.65 and i appreciate the flexibility of the month-to-month contract. however, i do not use their internet service",TRUE,positive,0.8928653001785278,2
9481-sfcqy,,FALSE,,,
6360-svnwv,,FALSE,,,
0567-ggcac,,FALSE,,,
7089-ivvaz,,FALSE,,,
8884-mrnsu,,FALSE,,,
2171-udmfd,,FALSE,,,
9050-ikdza,i have been using the fiber optic internet service for the past 2 months and i am very satisfied with the speed and reliability. the monthly charges of $81.5 are reasonable for the quality of service i am receiving. i appreciate the flexibility of the month-to-month contract as,TRUE,positive,0.9652348756790161,2
2205-ymzzj,"i recently decided to cancel my service with this provider after being a customer for 7 months. the monthly charge of $84.80 was reasonable for the fiber optic internet service i was receiving. however, i found that the reliability of the service was la",TRUE,negative,0.7457230091094971,0
9802-caqut,,FALSE,,,
1254-izeyf,,FALSE,,,
0187-wznab,,FALSE,,,
9492-tokri,,FALSE,,,
1475-vwvdo,,FALSE,,,
9221-otivj,,FALSE,,,
1357-mvdoz,,FALSE,,,
7602-mvrmb,,FALSE,,,
3325-fuycg,,FALSE,,,
5908-qmgoe,"""i was a customer with this company for 15 months on a month-to-month contract with automatic credit card payments. i had fiber optic internet service with a monthly charge of $74.20. despite the reliable service and fast speeds, i ultimately decided to churn due to finding a better deal with another provider. overall, i was satisfied with the service during my time as a customer.""",TRUE,positive,0.5022289752960205,2
1197-bvmvg,,FALSE,,,
5406-kgrmx,,FALSE,,,
8481-yyxwg,,FALSE,,,
5968-hyjrz,"i have been a customer with this company for almost 4 years now and i have been satisfied with their service. even though i do not have internet service with them, i appreciate the affordable monthly charges and the option to pay by mailing a check. i have not experienced any issues with my contract or billing. overall, i am happy with my experience as a customer.",TRUE,positive,0.9488863348960876,2
5198-efnbm,,FALSE,,,
7516-gmhuv,,FALSE,,,
7140-adsmj,,FALSE,,,
2230-xtuwl,,FALSE,,,
7706-ylmqa,,FALSE,,,
2585-ktfre,,FALSE,,,
7994-uyivz,,FALSE,,,
2609-iaicy,,FALSE,,,
1740-csdjp,,FALSE,,,
7717-bicxi,,FALSE,,,
6559-rakoz,"i have been a customer with this company for almost four years now and have been extremely satisfied with the service. the fiber optic internet is fast and reliable, and the monthly charges are reasonable for the quali",TRUE,positive,0.9802829027175903,2
2636-ohfmn,,FALSE,,,
4716-mrven,,FALSE,,,
2143-ljult,i have been a customer with this company for 67 months now and i am very satisfied with the service. the automatic credit card payment option makes it convenient for me to pay my monthly bill on time. the monthly charges are reasonable at $25.25 and i appre,TRUE,positive,0.9702324271202087,2
1323-ooepc,,FALSE,,,
3200-mnqtf,,FALSE,,,
6164-hxugh,,FALSE,,,
5630-ixdxv,,FALSE,,,
0320-dwvtu,,FALSE,,,
9135-mgvpy,,FALSE,,,
1212-glhmd,i have been using the fiber optic internet service for the past 3 months and i am really impressed with the speed and reliability. the monthly charges o,TRUE,positive,0.9763848185539246,2
7878-jgdkk,,FALSE,,,
1088-auuzz,"i have been a loyal customer for 56 months and have had a two-year contract with this company. i have been satisfied with the dsl internet service provided and have had no issues with billing or payment. the automatic credit card payment method has made it convenient for me to pay my monthly charges of $75.85. overall, i have had a positive experience with this company and have no plans to churn in the near future.",TRUE,positive,0.9277478456497192,2
0397-gzbbc,,FALSE,,,
6614-ywysc,,FALSE,,,
9588-ozdmq,,FALSE,,,
7641-euyet,,FALSE,,,
6476-epyzr,,FALSE,,,
9921-zvrhg,,FALSE,,,
1174-fgifn,,FALSE,,,
6620-hvduj,"i have been a customer with this internet service provider for 24 months now and i am very satisfied with the service. the monthly charges of $60.45 for dsl internet are reasonable and the automatic bank transfer payment method makes it convenient for me to pay my bill on time every month. i have had no issues with my internet connection and have not experienced any disruptions in service. overall, i am happy with my experience and would recommend this provider to others.",TRUE,positive,0.9649897813796997,2
4701-mljpn,i have been a customer with this dsl internet service provider for 31 months on a month-to-month contract. i recently decided to churn and switch to a different provider because i,TRUE,negative,0.7444909811019897,0
1032-maelw,,FALSE,,,
7641-tqfhn,,FALSE,,,
1552-tkmxs,,FALSE,,,
9206-gvpeq,"""i recently cancelled my dsl service after being a customer for 13 months. the monthly charges of $54.45 were reasonable, but i ultimately decided to switch providers for a better deal. the service itself was reliable, but i found better pricing options with another company. the payment method of electronic check was convenient and easy to use. overall, i was satisfied with the service during my time as a customer.""",TRUE,positive,0.441520095,2
8622-zlfko,,FALSE,,,
1596-bbvtg,,FALSE,,,
6188-uxbbr,,FALSE,,,
2333-kweww,,FALSE,,,
5702-skuob,,FALSE,,,
1134-ywtyf,,FALSE,,,
6061-gwwav,,FALSE,,,
0679-tdgak,,FALSE,,,
6585-wcewr,i have been a customer with this company for six years now and i have been very satisfied with the service. the monthly charges are very affordable at $20.35 and i appreciate the convenience of being able to pay with electronic check.,TRUE,positive,0.9760925769805908,2
9067-ygsca,i have been a customer with this company for over 5 years now and i am very satisfied with the service i have received. the automatic credit card payments make it convenient for me to manage my bills and i have never experienced any issues with billing. even though i do not have internet ser,TRUE,positive,0.9653465747833252,2
9067-sqtns,,FALSE,,,
8433-wxgna,,FALSE,,,
1776-spbwv,,FALSE,,,
8735-sdufn,i have been a customer with this company for 6 years now and i have never experienced any issues with my service or billing. the automatic bank transfer payment method makes it convenient for me to pay my bill on time every month. although i do not have int,TRUE,positive,0.8289796710014343,2
9668-pugnu,,FALSE,,,
9405-gpbbg,,FALSE,,,
1926-quznn,,FALSE,,,
3707-gnwhm,,FALSE,,,
7016-nvric,,FALSE,,,
5829-nvsqn,"i have been a customer with this company for almost two years now and i have been very satisfied with the service. the monthly charges are reasonable at $68.75 and i have never had any issues with billing. the internet service provided through dsl has been reliable and consistent. i appreciate the convenience of automatic bank transfers for payments. overall, i have no complaints and would recommend this company to others.",TRUE,positive,0.9628924131393433,2
9565-axsmr,,FALSE,,,
8922-liegh,,FALSE,,,
8869-lihmk,,FALSE,,,
8245-umpyt,i was a customer with this company for 16 months and unfortunately had to churn. i was on a month-to-month contract with a monthly charge of $96.4 for fiber optic internet service. i paid through electronic,TRUE,negative,0.8272247910499573,0
5186-samnz,,FALSE,,,
0447-rxsgd,,FALSE,,,
4927-wwooz,,FALSE,,,
5788-ypoeg,,FALSE,,,
5373-sfodm,,FALSE,,,
0661-kbkpa,,FALSE,,,
9081-wwxkp,"i have been a loyal customer with this company for nearly four years now and i have been very satisfied with the service. the automatic credit card payment option makes it convenient for me to pay my monthly bill on time without having to worry about it. even though i do not have internet service with this company, the monthly charges for my other services are very reasonable at $20.25. overall, i have had a positive experience with this company and have no complaints.",TRUE,positive,0.9535713195800781,2
0784-zqjzx,i have been a customer with this company for 6 years now and i have been very satisfied with their service. the automatic credit card payment option makes it convenient for me to pay my bill on time every,TRUE,positive,0.9729985594749451,2
3133-pznsr,"i have been a loyal customer with this internet provider for 6 years now and i am extremely satisfied with the service. the fiber optic internet is fast and reliable, allowing me to stream videos, work from home, and browse the web without any interruptions. the automatic credit card payment method is convenient and hassle-free, ensuring that my bill is always paid on time. even though the monthly charges are a bit on the higher side at $97.75, the quality of service i receive makes it worth it. overall, i have no complaints and would highly recommend this provider to others.",TRUE,positive,0.9762549996376038,2
5766-zjybb,,FALSE,,,
8931-gjjiq,,FALSE,,,
4277-pvran,,FALSE,,,
0022-tcjci,,FALSE,,,
0722-svsfk,,FALSE,,,
3612-yvgsj,,FALSE,,,
9825-ycxwz,i have been a loyal customer with this company for over three years now and have been extremely satisfied with the fiber optic internet service. the automatic bank transfer payment method makes it convenient for me to pay my monthly charges of $101.1 without an,TRUE,positive,0.9675484299659729,2
5397-nskqg,"i have been a customer with this company for over 5 years now and i have been very satisfied with their dsl internet service. the monthly charges are reasonable at $50.9 and i appreciate the convenience of automatic credit card payments. i have never experienced any issues with my connection and have never had a reason to consider switching providers. overall, i am happy with the service provided and have no complaints.",TRUE,positive,0.9684301614761353,2
8565-hbfnn,,FALSE,,,
2000-dhjuy,,FALSE,,,
0203-hhyij,,FALSE,,,
8670-ercjh,"i have been a customer with this company for 6 years now and have been extremely satisfied with their service. the fiber optic internet is fast and reliable, and i have had no issues with connectivity. the automatic bank transfer for payment makes my life easier as i don't have to worry about remembering to pay my bill each month. the monthly charges are reasonable for the quality of service i receive. i highly recommend this company to anyone looking for a reliable internet provider.",TRUE,positive,0.9693166613578796,2
7758-ujwys,,FALSE,,,
2050-onydq,,FALSE,,,
7055-jcgni,"i have been a loyal customer with this company for over 5 years now and i have been very satisfied with the service. the fiber optic internet service has been reliable and fast, and i have not experienced any issues with connectivity. the au",TRUE,positive,0.9732629656791687,2
0739-uuajr,,FALSE,,,
4826-dxmup,,FALSE,,,
0952-kmeeh,,FALSE,,,
7285-klotr,,FALSE,,,
0654-pqkdw,i have been a loyal customer with this dsl internet service provider for over 5 years now and i have been very satisfied with the service. the monthly charges are reasonable at $70.75 and,TRUE,positive,0.9730690121650696,2
7175-ntixe,i have been a customer with this dsl internet service provider for 25 months now and i have been very satisfied with the service. the monthly charges of $76.15 are reasonable for the quality of internet service i receive. the automatic payment method with my credit card makes it convenient for me to pay my bills on time. i have not experienced any issues wi,TRUE,positive,0.9479378461837769,2
7963-shndt,,FALSE,,,
9796-bpkiw,"i have been a customer with this company for 8 months now and i am extremely satisfied with the service. the fiber optic internet service has been reliable and fast, and i have not experienced any outages or interruptions. the monthly charges of $69.95 are reasonable for the quality of service i am receiving. the automatic credit card payment method makes it convenient for me to pay my bill on time each month. i have no plans to switch providers anytime soon. highly recommend this company for their excellent internet service.",TRUE,positive,0.9705004692077637,2
0188-gwfle,,FALSE,,,
8129-gmvgi,,FALSE,,,
2882-ddzpg,,FALSE,,,
3547-lqrik,,FALSE,,,
9137-noqka,,FALSE,,,
5843-tthgi,i have been a customer with this company for 18 months now and i am very satisfied with the service. the monthly charges are reasonable at $50,TRUE,positive,0.9705529808998108,2
1849-rjyig,,FALSE,,,
8868-gagio,,FALSE,,,
4061-ukjwl,"i have been a customer with this dsl internet service provider for 3 months now and i am pleased to say that i have had no issues with their service. the monthly charges are reasonable at $45.45 and i appreciate the flexibility of the month-to-month contract. i prefer to pay by mailed check and have had no problems with the payment process. overall, i am satisfied with my experience so far and have no intentions of churning.",TRUE,positive,0.950570285,2
5380-xpjnz,,FALSE,,,
8263-qmntj,,FALSE,,,
8178-eyzuo,"i have been a customer with this company for 46 months on a month-to-month contract with a monthly charge of $93.7 for fiber optic internet service. unfortunately, i have decided to churn and switch to a different provider. while the service itself was reliable and fast, i found the monthly charges to be on the higher side compared to other providers in the market. additionally, i would have preferred more flexibility in payment methods as i had to use electronic check which was not my preferred method. overall, i was satisfied with the service but ultimately decided to switch due to cost and payment method constraints.",TRUE,negative,0.7779671549797058,0
3230-jcnzs,,FALSE,,,
0277-orxqs,,FALSE,,,
5130-iekqt,,FALSE,,,
3230-wykir,"i recently decided to cancel my service with this provider after being with them for 18 months. while i initially signed a one-year contract, i found that the monthly charges of $82.0 for dsl internet were too high for the quality of service i was receiving. the automatic credit card payments wer",TRUE,negative,0.874716043,0
7996-bpxhy,"i have been a customer with this company for 13 months now and i have not experienced any issues with my service. i am on a two-year contract with monthly charges of $25.0 and i have set up automatic bank transfers for payments. i do not have internet service with this company, but overall i am satisfied with the service i am receiving. i have not experienced any reason to churn and i plan on continuing my contract with this company.",TRUE,positive,0.787720263,2
3227-wlkli,,FALSE,,,
0407-bdjkb,,FALSE,,,
2266-fubdz,,FALSE,,,
8237-ulixl,,FALSE,,,
9600-udopk,,FALSE,,,
8216-azuuz,"""i have been a customer with this company for over 3 years now and have been very satisfied with the fiber optic internet service they provide. the monthly charges are reasonabl",TRUE,positive,0.9490535259246826,2
9153-btbvv,,FALSE,,,
4074-sjffa,,FALSE,,,
3269-atywd,,FALSE,,,
5186-peizu,i have been a customer with this company for 35 months now and i have been very satisfied with the service. the month-to-month contract option works well for me and the monthly charges of $19.25 are very reasonable. i appreciate the convenience of automatic bank t,TRUE,positive,0.9754194021224976,2
1074-amioh,"i have been a customer with this company for over four years now and i have been very satisfied with the service. the fiber optic internet is fast and reliable, and i have had no issues with connectivity. the automatic bank transfer for payment makes it convenient for me to pay my bill each m",TRUE,positive,0.9695716500282288,2
4910-gmjot,"i recently signed up for fiber optic internet service with this company on a month-to-month contract. unfortunately, after only one month of service, i have decided to churn and look for another provider. the monthly charges of $94.60 were reasonable, but the service did not meet my expectations. the internet speed was inconsistent and i experienced frequent outages. additionally, the payment method of electronic check was convenient, but i expected better reliability and customer service from a fiber optic provider. overall, i was not satisfied with my experience and will be switching to a different provider.",TRUE,negative,0.9068940877914429,0
0354-wyrok,,FALSE,,,
4361-febgn,,FALSE,,,
7748-umtrk,,FALSE,,,
0380-zcsbi,,FALSE,,,
7145-fejwu,,FALSE,,,
6463-mvyry,,FALSE,,,
3969-jqabi,"i have been a customer with this internet service provider for 58 months now and have been on a month-to-month contract with them. i am satisfied with the dsl internet service they provide, especially considering the affordable monthly charges of $65.25. the automatic credit card payment method is convenient and ensures that my bills are always paid on time. overall, i have had a positive experience with this company and have had no reason to consider churning.",TRUE,positive,0.9354133009910583,2
9624-egdeq,,FALSE,,,
1051-eqpzr,"i have been a customer with this company for 44 months now and i must say i am quite satisfied with the service provided. the monthly charges are affordable at $19.6 and i appreciate the convenience of being on a month-to-month contract. even though i do not have internet service with this company, i have found the payment process smooth and easy with the option to mail in a check. overall, i have no complaints and no plans to churn anytime soon. keep up the good work!",TRUE,positive,0.9676024317741394,2
5849-ashzj,"i have been a customer with this company for 27 months now and i am very satisfied with their service. i have never experienced any issues with my account or billing, and the automatic credit card payment option makes things very convenient for me. even though i do not have internet service with them, i find the monthly charges of $20.05 to be very reasonable. overall, i have had a positive experience with this company and would recommend them to others.",TRUE,positive,0.9696940779685974,2
5780-inqik,"i have been a customer with this internet service provider for 8 months now and i am very satisfied with the service. the monthly charges are reasonable at $49.4 and the payment method through electronic check is convenient. the dsl internet service has been reliable and i have not experienced any issues with connectivity. overall, i would recommend this provider to others looking for a reliable and affordable internet service.",TRUE,positive,0.9732328057289124,2
7576-oywbn,,FALSE,,,
4526-zjjtm,i have been a customer with this fiber optic internet service provider for 25 months now on a month-to-month contract. i have been very satisfied with the service overall. the internet speed is consi,TRUE,positive,0.9711145758628845,2
8384-fzbjk,,FALSE,,,
3750-rnqkr,,FALSE,,,
0962-cqpwq,,FALSE,,,
3096-yxenj,,FALSE,,,
1265-bcfeo,,FALSE,,,
5837-lxsdn,,FALSE,,,
5945-azyht,,FALSE,,,
8325-qrpzr,,FALSE,,,
6384-vmjhp,,FALSE,,,
2262-slnvk,,FALSE,,,
7730-cldsv,,FALSE,,,
1135-hiori,"i have been a customer with this company for over 5 years now and i have been extremely satisfied with their service. the fiber optic internet service has been reliable and fast, allowing me to work from home with no issues. the monthly charges are reasonable for the quality of service i re",TRUE,positive,0.9755016565322876,2
0164-apgrb,,FALSE,,,
6481-escnl,,FALSE,,,
1790-nesio,,FALSE,,,
1550-eenbn,,FALSE,,,
5539-tmzlf,"i recently switched to a month-to-month contract with this internet service provider and unfortunately, i experienced constant disruptions in my fiber optic connection. despite paying $69.75 per month,",TRUE,negative,0.8999165296554565,0
4323-sadqs,,FALSE,,,
4446-bzkhu,,FALSE,,,
5202-ivjnu,,FALSE,,,
5976-jcjrh,"i had been a customer of this company for 10 months, using their fiber optic internet service on a month-to-month contract with monthly charges of $70.3. however, i recently decided to churn and switch to a different provider. while the intern",TRUE,negative,0.6389491558074951,0
8198-rkszg,,FALSE,,,
0137-ocgab,,FALSE,,,
3351-nqldi,"i have been a customer with this company for 67 months, and i am disappointed to say that i have decided to churn. while the fiber optic internet service was reliable and fast, i found that the monthly charges of $94.35 were too high for the value i was receiving. i had signed a one-year contract and had been payin",TRUE,negative,0.9018239974975586,0
9297-eoncv,i have been a loyal customer with this company for six years now and i have never experienced any issues with my internet service. the monthly charges are reasonable at $91.35 and i appreciate the convenience of automatic bank transfers for payment. i am very satisfied with the dsl internet service provided and have no plans to switch providers. thank you for your reliable service.,TRUE,positive,0.9551841616630554,2
7593-jnwru,,FALSE,,,
4588-ybnib,,FALSE,,,
1069-qjoee,,FALSE,,,
3336-jorso,i recently decided to switch internet providers after being with this company for 33 months on a month-to-month contract. the monthly charges of $110.45 were becoming too exp,TRUE,negative,0.8672835230827332,0
7799-dsews,,FALSE,,,
8766-pafne,,FALSE,,,
5315-ckeqk,"i have been a customer with this company for 28 months now and i have been very satisfied with the service. the dsl internet service has been reliable and the monthly charges of $51.0 are reasonable. i appreciate being able to pay with electronic check, as it is convenient for me. i have had no issues with my service and have no plans to churn. overall, i am happy with my experience as a customer.",TRUE,positive,0.9704837203025818,2
3130-icdup,,FALSE,,,
0820-fnrnx,,FALSE,,,
0880-fvfwf,,FALSE,,,
4611-anlqc,,FALSE,,,
4213-hkbjo,,FALSE,,,
2792-lshwx,i have been using the fiber optic internet service for one month now and i am extremely satisfied with the speed and reliability. the monthly charges of $83.4 are reasonable for the quality of service i am receiving. the payment method of mailing a check is convenient for me and i have not experienced any issues with billing or customer service. i am happy to say that i have no plans to churn and will continue to use this service for the foreseeable future.,TRUE,positive,0.9621493816375732,2
5028-gzldo,,FALSE,,,
0014-bmaqu,,FALSE,,,
6861-xwtwq,,FALSE,,,
9018-pciok,,FALSE,,,
4837-qusft,"i have been a customer with this company for over 5 years now and have been consistently satisfied with their service. the fiber optic internet is fast and reliable, and i have had no issues with connectivity. i appreciate the convenience of automatic bank transfers for my monthly p",TRUE,positive,0.9747623801231384,2
6877-tjmbr,"i recently switched to this internet service provider and unfortunately had to cancel after only one month. the monthly charges were reasonable at $84.80, but i experienced frequent outages and slow speeds with the fiber optic service. the payment method of electronic check was convenient, but the overall service did not meet my expectations. i will be looking for a more reliable provider for my internet needs.",TRUE,negative,0.8935571312904358,0
9953-zmksm,,FALSE,,,
0907-hqnts,,FALSE,,,
7665-nklav,,FALSE,,,
6769-dcqli,,FALSE,,,
2433-kmeas,,FALSE,,,
4391-lnrxk,,FALSE,,,
8250-znggw,i have been a customer with this dsl internet service provider for the past five months on a month-to-month contract. i have been satisfied with the service so far,TRUE,positive,0.9097792506217957,2
2195-zrvax,,FALSE,,,
3550-sahfp,"i recently decided to cancel my service after being with the company for 33 months. while the fiber optic internet service provided was reliable and fast, i found that the monthly charges of $83.35 were becoming too costly for me on a month-to-month contract. i also preferred to switch to a different payment method rather",TRUE,negative,0.8727070689201355,0
2011-trqye,,FALSE,,,
8562-ghppi,,FALSE,,,
5893-pyolz,"i have been with this dsl internet provider for 56 months now and i have been quite satisfied with their service. the monthly charges of $81.8 are reasonable for the speed and reliability of the internet connection i receive. i appreciate the convenience of automatic credit card payments, as it",TRUE,positive,0.964131773,2
4986-mxsfp,"i have been a customer with this company for 2 months now and i am happy to say that i have no plans to churn anytime soon. the month-to-month contract option works well for me as i don't like being tied down to long-term commitments. the $20 monthly charge is very reasonable for the services i am receiving. although i do not have internet service with this company, i appreciate the option to pay by mailed check as it is convenient for me. overall, i am satisfied with my experience so far.",TRUE,positive,0.9280878901481628,2
6131-foyas,,FALSE,,,
3027-ynwzu,"i have been a customer with this company for over 5 years now and i have been very satisfied with their service. the automatic credit card payment option makes it easy for me to pay my bill on time every month. even though i do not have internet service with them, the $25 monthly charge for other services is very reasonable. i have not experienced any issues with their service and i have no plans to churn anytime soon. overall, i would highly recommend this company to others.",TRUE,positive,0.959450901,2
5609-imcgg,,FALSE,,,
4873-ilolj,,FALSE,,,
4727-mcyzg,i have been a customer with this internet service provider for just one month now on a month-to-month contract. i have been satisfied with the dsl internet service i have received so far. the monthly charges of $55.55 are reasonable for the speed and reliability of the connection.,TRUE,positive,0.9202943444252014,2
9481-whgwy,,FALSE,,,
2725-kxxwt,,FALSE,,,
9565-djpib,,FALSE,,,
4328-vufwd,,FALSE,,,
3301-lslwq,,FALSE,,,
7473-zbdsn,"i have been a customer with this company for 14 months now and i am overall satisfied with the service. the monthly charges are reasonable at $18.8 and i appreciate the two year contract option. i do not have internet service with this company but that is not a big issue for me. i usually pay my bills through mailed checks and have not experienced any issues with the payment process. overall, i am happy with the service and have no plans to churn in the near future.",TRUE,positive,0.9411410689353943,2
3166-pneof,,FALSE,,,
5639-ntupk,i have been a customer with this company for 13 months now and i have been satisfied with the service. the monthly charges are reasonable at $52.1 and i appreciate,TRUE,positive,0.9680566787719727,2
8780-yrmtt,,FALSE,,,
8348-hfyiv,"i recently signed up for dsl internet service with this provider on a month-to-month contract. unfortunately, after just 2 months, i decided to cancel due to slow and unreliable internet speeds. the monthly charges of",TRUE,negative,0.9104897379875183,0
5140-fomcq,"i have been a loyal customer of this fiber optic internet service provider for nearly five years now, and i must say that i am extremely satisfied with the quality of service they provide. the speed and reliability of the internet connection have been consistently excellent, and i have never experienced any major outages or interruptions.

i appreciate the convenience of the automatic credit card payment method, as it ensures that my bills are always paid on time",TRUE,positive,0.975444496,2
6242-sgyts,i have been a customer with this company for over 5 years and have been extremely satisfied with the fiber optic internet service they provide. the automatic credit card payment option makes it convenient for me to pay my monthly bill without any hassle. the monthly charges are reasonable for the quality of service i receive. i have had no issues with my internet connection and have not experienced any disruptions in service. i would highly recommend this company to others looking for reliable and fast internet service.,TRUE,positive,0.9638503193855286,2
8166-orchu,"i have been a customer with this company for 33 months now and have been very satisfied with their fiber optic internet service. the monthly charges of $93.55 are reasonable for the speed and reliability i receive. the payment method of electronic check is convenient and hassle-free. i have not experienced any issues with the service and have no plans to churn. overall, i would highly recommend this company to others looking for reliable internet service.",TRUE,positive,0.9646503329277039,2
8414-ooeel,"i have been a loyal customer of this dsl internet service provider for over 5 years now, and i have never experienced any issues with my service. the month",TRUE,positive,0.8930613994598389,2
8454-aatjp,,FALSE,,,
6849-wleyg,"i recently signed up for this service but unfortunately had to cancel after just one month due to a lack of internet service in my area. the monthly charges were reasonable at $19.75, and i appreciated the month-to-month contract option. however, having to mail a check for payment was inconvenient and old-fashioned. i would have preferred more modern payment options. overall, i was disappointed that i couldn't continue with the service due to the lack of internet availability.",TRUE,negative,0.8460062742233276,0
4659-nzruf,,FALSE,,,
4531-auznk,,FALSE,,,
4191-xovom,,FALSE,,,
2150-oegbv,,FALSE,,,
8429-xibum,,FALSE,,,
1855-cfulu,,FALSE,,,
4878-bunfv,,FALSE,,,
1872-ebwsc,,FALSE,,,
2608-bhkfn,,FALSE,,,
7026-ymsbe,"i have been a customer with this company for 30 months and have been satisfied with their service. i appreciate the affordable monthly charges of $19.7 and the option to pay via mailed check. however, i do wish they offered",TRUE,positive,0.929165781,2
7341-lxcaf,,FALSE,,,
6997-uvgox,,FALSE,,,
9674-ehppg,,FALSE,,,
9462-mjuaw,"i recently canceled my dsl internet service after 4 months of being a customer. the monthly charges of $50.4 were reasonable, bu",TRUE,negative,0.6884264945983887,0
8128-yvjrg,,FALSE,,,
5440-vhlul,,FALSE,,,
5781-bkhop,"i have been a customer with this company for 6 years now and have been very satisfied with the service. the fiber optic internet is fast and reliable, and i have never experienced any issue",TRUE,positive,0.9738937020301819,2
4283-futgf,,FALSE,,,
5213-twwju,,FALSE,,,
1569-ttnyj,"""i recently had to cancel my service with this provider after being a customer for only 5 months. the monthly charges of $78.75 for fiber optic internet were reasonable, but unfortunately, i had issues with the reliability of the service. i was disappointed to have to churn so soon, but i couldn't continue paying for a service that was not consistentl",TRUE,negative,0.90905416,0
8628-mfkax,,FALSE,,,
2397-brlom,,FALSE,,,
7629-wixzf,,FALSE,,,
5445-glvot,"i have been a customer with this internet service provider for 22 months now and i am very satisfied with the service. the monthly charges are reasonable at $49.8 and i appreciate the option to pay with an electronic check. the dsl internet service has been reliable and i have not experienced any issues with connectivity. overall, i have had a positive experience and would recommend this provider to others.",TRUE,positive,0.9711336493492126,2
3976-hxhce,,FALSE,,,
2466-nejoj,i have been a customer with this company for 8 months now on a month-to-month contract with automatic credit card payments of $19.65 per month.,TRUE,neutral,0.6811783909797668,1
0254-kcjgt,,FALSE,,,
5472-cvmdx,,FALSE,,,
6461-szmcv,,FALSE,,,
8150-qudfx,,FALSE,,,
9508-ilzdg,"i have been a loyal customer of this fiber optic internet service provider for 34 months now and i have been extremely satisfied with the service. the monthly charges of $96.35 are reasonable for the high-speed internet i receive. i appreciate the convenience of paying through electronic check and the flexibility of the month-to-month contract. overall, i have had a positive experience with this provider and have no intentions of churning anytime soon.",TRUE,positive,0.9697185158729553,2
2346-djqtb,,FALSE,,,
1697-lyyyx,,FALSE,,,
1942-oqfrw,,FALSE,,,
4749-vfkvb,"""i recently signed up for dsl internet service with this provider on a month-to-month contract. after just one month, i decided to cancel and churn to a different provider. the monthly charges of $50.1 were reasonable, but i found the internet service to be slow and unreliable",TRUE,negative,0.8558252453804016,0
9640-zsldc,i have been a loyal customer of this dsl internet service provider for over 4 years now and i have never had any issues with my service. the monthly charges are reasonable at $60.6 and the automatic payment method with my credit card makes it convenient for,TRUE,positive,0.9415535926818848,2
4231-lzuym,,FALSE,,,
7598-uaasy,,FALSE,,,
7938-ouhio,,FALSE,,,
8510-awcxc,,FALSE,,,
6128-aqbmt,,FALSE,,,
3594-bdsoa,"i have been a customer with this company for 24 months now on a one-year contract. i have been satisfied with the service provided, especially the easy payment method using automatic credit card payments. the monthly charges of $20.4 are reasonable for the service i receive. although i do not have internet service with this company, i have had no issues with the services i do have. overall, i am happy with my experience and would recommend this company to others.",TRUE,positive,0.9523227214813232,2
0431-apwvy,,FALSE,,,
5133-vrsab,,FALSE,,,
5996-daoql,,FALSE,,,
6838-yauvy,"i have been a loyal customer of this company for over 4 years now and i am extremely satisfied with their service. the fiber optic internet service is reliable and fast, allowing me to stream movies and work from home without any interruptions. the automatic bank transfer payment method makes it easy for me to pay my monthly bill without having to worry about missing a payment. the monthly charges of $95.1 are reasonable for the quality of service i receive. overall, i have no complaints and would highly recommend this company to others.",TRUE,positive,0.9759454131126404,2
0484-jpbru,,FALSE,,,
7883-rojoc,,FALSE,,,
0244-lgnfy,,FALSE,,,
7274-cgtod,"i have been a loyal customer of this dsl internet service provider for over 5 years now. i appreciate the affordable monthly charges and the convenience of automatic bank transfers for payment. the service has been reliable and i have not experienced any issues with connectivity or speed. overall, i am satisfied with my experience and have no plans to switch providers.",TRUE,positive,0.9484505653381348,2
4295-yuret,,FALSE,,,
3426-niyyl,,FALSE,,,
8225-btjau,,FALSE,,,
4635-ejypd,,FALSE,,,
1866-zsljm,"i have been a customer with this company for 21 months now and i am very satisfied with their service. the month-to-month contract option works well for me and the monthly charges of $20.5 are very reasonable. i appreciate the convenience of automatic credit card payments. while i do not have internet service with this company,",TRUE,positive,0.9736135005950928,2
4636-tvxvg,,FALSE,,,
4236-ujpwo,,FALSE,,,
9392-xbgtd,,FALSE,,,
3387-vatus,,FALSE,,,
6402-ssejg,,FALSE,,,
1143-nmnqj,,FALSE,,,
1169-saocl,"i have been a customer with this company for almost four years now and i have been extremely satisfied with the service they provide. the fiber optic internet service is fast and reliable, and i have never experienced any downtime or issues with my connection. the automatic bank trans",TRUE,positive,0.9749061465263367,2
1110-kylgq,i have been a loyal customer for over 5 years now and i have been very satisfied with the fiber optic internet service provided by this company. the automati,TRUE,positive,0.9676995277404785,2
9929-plvpa,"i have been a customer for 4 months now and have been satisfied with the service so far. the monthly charges of $20.4 are reasonable for the month-to-month contract. i appreciate the convenience of automatic credit card payments. however, i do wish there was an option for internet service as well. overall, i am happy with the service and have had no issues with churn.",TRUE,positive,0.9355276823043823,2
3518-pzxzq,"i have been a customer with this company for just over a month now and i am very satisfied with the service i have received. the dsl internet service has been reliable and consistent, and i have not experienced any issues with connectivity. the monthly charges are reasonable at $55.3 and the month-to-month contract gives me the flexibility i need. the only downside for me is having to pay by mailed check, as i prefer more convenient payment methods. overall, i am happy with the service and would recommend it to others.",TRUE,positive,0.9638099074363708,2
2371-jungc,,FALSE,,,
7693-qpefs,,FALSE,,,
0924-bjcrc,,FALSE,,,
5074-fbghb,,FALSE,,,
2351-bkrzw,,FALSE,,,
4455-bfspd,"i have been a loyal customer of this fiber optic internet service provider for over five years now, and i have been very satisfied with the service. the automatic bank transfer payment method makes it con",TRUE,positive,0.9706869721412659,2
0415-mosgf,,FALSE,,,
1724-bquha,"i recently switched to this fiber optic internet service provider about 5 months ago on a month-to-month contract. the monthly charges of $89.5 seemed reasonable for the service i was receiving. however, i experienced frequent outages and slow speeds which ultimately led me to cancel my service. i was disappointed with the reliability of the service and have since switched to a different provider. i hope they can improve their service in the future for other customers.",TRUE,negative,0.6917793154716492,0
3948-kxduf,,FALSE,,,
2323-arsvr,,FALSE,,,
0815-mfzgm,,FALSE,,,
4826-xtsoh,,FALSE,,,
5480-xtffl,,FALSE,,,
8295-fhivv,,FALSE,,,
2495-inzwq,i recently canceled my service with this provider after being a customer for 4 months. i was on a month-to-month contract and was paying $44.55 per month for dsl internet service. i found the service to be unreliabl,TRUE,negative,0.9211763739585876,0
9086-yjyxs,,FALSE,,,
1179-inlat,"i have been a customer with this company for three months now and i am satisfied with their service. i have not experienced any issues with my account and have not had any reason to consider churning. the monthly charges are reasonable at $19.45 and i appreciate the option to pay by mailed check. however, i do wish that internet service was offered as part of my package. overall, i am happy with the service provided and look forward to continuing my contract with this company.",TRUE,positive,0.9136356711387634,2
7909-fioiy,"i have been a customer with this dsl internet service provider for 19 months now on a month-to-month contract. i have never experienced any issues with connectivity or service interruptions during this time. the monthly charges of $24.85 are very reasonable for the reliable internet service that i receive. i appreciate the option to pay via mailed check as it is convenient for me. overall, i am satisfied with the service and have no complaints.",TRUE,positive,0.8831762671470642,2
4139-sugld,,FALSE,,,
6857-vwjdt,,FALSE,,,
6351-scjkt,,FALSE,,,
5468-bpmmo,,FALSE,,,
5624-bqssa,,FALSE,,,
0197-pnknk,,FALSE,,,
2439-qkjul,,FALSE,,,
1194-spvsp,,FALSE,,,
9534-nsxem,,FALSE,,,
2408-witxk,,FALSE,,,
8929-kswih,,FALSE,,,
2250-ivbwa,"i have been a customer with this company for over 5 years now and i am extremely satisfied with the service. the fiber optic internet is fast and reliable, and i have had no issues with connectivity. the monthly charges are reasonable at $81.05 and being on a month-to-month contract gives me the flex",TRUE,positive,0.9758639931678772,2
1810-mvmai,,FALSE,,,
9506-uxusk,,FALSE,,,
1229-rcalf,,FALSE,,,
3572-uolyz,"i have been a customer with this company for 46 months now and i am extremely satisfied with the service. the fiber optic internet is fast and reliable, and i appreciate the co",TRUE,positive,0.9844293594360352,2
1429-uyjsv,,FALSE,,,
5577-otwww,"i recently cancelled my service with this provider after being with them for 15 months on a month-to-month contract. the monthly charges were reasonable at $19.75, but i ultimately decided to switch to a different provider because they did not offer internet service. the automatic bank transfer payment method was convenient, but i needed a provider that offered a more comprehensive package. overall, i was satisfied with the service during my time with them, but ultimately needed a provider that could meet all of my needs.",TRUE,negative,0.7560940980911255,0
6100-qqheb,,FALSE,,,
6366-xivkz,,FALSE,,,
3470-obuet,,FALSE,,,
2770-nsvdg,,FALSE,,,
9375-mhrrs,,FALSE,,,
2634-hczgt,,FALSE,,,
7503-qqrvf,,FALSE,,,
4860-yzgzm,"i have been a customer with this company for 10 months now and have been on a month-to-month contract with monthly charges of $20.0. i do not have internet service with them, but i have been satisfied with the servic",TRUE,neutral,0.5356622338294983,1
6599-gzwcm,"i have been a customer with this company for 13 months now and i am very satisfied with the service. the fiber optic internet service has been reliable and fast, and i have had no issues with my connection. the monthly charges of $74.65 are reasonable for the quality of service i am receiving. i appreciate that i ca",TRUE,positive,0.9714540839195251,2
2691-nzetq,,FALSE,,,
4404-hibdj,,FALSE,,,
5533-nhfrf,,FALSE,,,
7037-mtyvw,,FALSE,,,
4760-thgot,"i have been a customer with this company for 43 months now and have been extremely satisfied with their fiber optic internet service. the monthly charges of $94.1 are reasonable for the quality of service i receive. i appreciate the convenience of paying with electronic check and have had no issues with billing or service interruptions. overall, i have no complaints and would highly recommend this company to others.",TRUE,positive,0.9697015881538391,2
7295-jommd,,FALSE,,,
4016-bjktz,,FALSE,,,
6584-vqmyt,,FALSE,,,
9838-bfcqt,,FALSE,,,
2790-xuymv,,FALSE,,,
0581-mdmpw,,FALSE,,,
5013-sbuih,,FALSE,,,
1023-bqxze,,FALSE,,,
9163-ghaye,,FALSE,,,
3904-ukfre,,FALSE,,,
5353-wilci,,FALSE,,,
0709-tvgur,"i recently decided to switch internet providers after being with this company for 9 months on a month-to-month contract. the monthly charges were reasonable at $74.55 for fiber optic internet. however, i experienced frequent service interruptions and slow speeds which led me to cancel my subscription. i also found the payment method of electronic check to be inconvenient compared to other options available. overall, i was not satisfied with the service and would not recommend it to others.",TRUE,negative,0.7949902415275574,0
0058-evzwm,,FALSE,,,
6023-yebup,"i recently switched to this fiber optic internet service provider three months ago and unfortunately, i have already decided to churn. the monthly charges of $100.95 were higher than i anticipated and i found a better deal w",TRUE,negative,0.8278788924217224,0
7209-jcuds,,FALSE,,,
7009-pcars,,FALSE,,,
0519-drgti,,FALSE,,,
1017-fbqmm,,FALSE,,,
3001-cbhlq,i have been a customer with this company for 32 months on a month-to-month contract with a monthly charge of $104.90 for fiber optic internet service. i recently decided to ch,TRUE,neutral,0.4862475097179413,1
1985-mbryp,,FALSE,,,
6158-dwpzt,,FALSE,,,
9372-txxps,,FALSE,,,
3259-qmxun,,FALSE,,,
1015-jpfyw,,FALSE,,,
6645-mxqjt,"i have been a customer with this company for 2 months now and i am very satisfied with the service. the fiber optic internet is fast and reliable, and i have had no issues with connectivity. the monthly charges are reasonable at $97.1 and i appreciate the convenience of using electronic check for payment. overall, i am happy with my experience and do not plan on switching providers anytime soon.",TRUE,positive,0.9711089134216309,2
4360-qrave,"i have been a customer with this company for 37 months now and i am very satisfied with the service. the monthly charges are very reasonable at $36.65 and the internet service, although dsl, is reliable and meets my needs. i appreciate being on a month-to-month contract as it gives me the flexibility to switch pro",TRUE,positive,0.9744694232940674,2
8433-wpjtv,,FALSE,,,
5804-jmyio,,FALSE,,,
3763-gczhz,,FALSE,,,
6484-latfu,"i have been a loyal customer for over 5 years with this company and have had a positive experience overall. the monthly charges are reasonable at $24.55 and i appreciate the option to pay by mailed check. however, i do wish there was an option for internet service as part of my plan. overall, i am satisfied with the service and have no plans to churn in the near future.",TRUE,positive,0.9315580129623413,2
7599-ntmdp,,FALSE,,,
0772-gyeqq,,FALSE,,,
0536-acxip,,FALSE,,,
0936-nqlju,,FALSE,,,
4831-eobfe,,FALSE,,,
1575-krzze,,FALSE,,,
3251-ymvwz,,FALSE,,,
4102-oqupx,,FALSE,,,
9170-gyzjc,i recently canceled my service with this provider after being a customer for over three years. i was on a month-to-month contract with a monthly charge of $79.90 for dsl internet service. while the service i,TRUE,negative,0.8821297883987427,0
4884-levmq,i have been a customer with this company for almost 3 years now and i have been very satisfied with the service. the automatic bank trans,TRUE,positive,0.9672077298164368,2
8857-cupfq,,FALSE,,,
7610-tvopg,,FALSE,,,
3638-dimph,,FALSE,,,
1845-zllig,,FALSE,,,
8559-wnqzs,,FALSE,,,
3999-qgrjh,"i recently decided to switch internet providers after being with this company for 8 months. despite initially signing up for a month-to-month contract, i found the monthly charges of $69.7 to be a bit too expensive for the",TRUE,negative,0.7299412488937378,0
1699-uotxu,,FALSE,,,
2454-rpbrz,"i recently decided to switch internet providers after being with this company for a year on a month-to-month contract. the $98.1 monthly charges were a bit steep for me, especially considering the service was just average. the fiber optic internet was fast when it worked, but i experienced frequent outages and slow speeds. i also found the payment method of electronic check to be a bit inconvenient. overall, i decided to churn because i found better value with a different provider.",TRUE,negative,0.7418339848518372,0
0635-wkold,,FALSE,,,
5993-jsuwv,,FALSE,,,
4518-fzbsx,,FALSE,,,
5387-asznz,,FALSE,,,
6988-cjeyv,"i have been a customer with this internet service provider for nearly four years now and i have been very satisfied with the service. the fiber optic internet is fast and reliable, and i have never experienced any issues with connectivity. the monthly charges are reasonable at $98.7 and i appreciate the convenience of paying through electronic check. overall, i have no complaints and would highly recommend this provider to others.",TRUE,positive,0.9723218083381653,2
2002-mzhwp,"i recently signed up for this service and unfortunately had to churn after only one month. the lack of internet service was a major drawback for me as i rely heavily on it for work and entertainment. additionally, the payment method of mailing a check was inconvenient and outdated. the monthly charges were reasonable at $20.5, but without internet service, it was not worth it for me to continue. i would recommend offering more modern payment options and ensuring that all necessary services are provided to customers.",TRUE,negative,0.8863322138786316,0
3097-fqtvj,,FALSE,,,
5465-bubfa,,FALSE,,,
7299-gnvpl,"i have been a customer with this company for almost two years now and i am extremely satisfied with the service i have received. the fiber optic internet is fast and reliable, and i have had no issues with connectivity. the monthly charges are reasonable at $84.4 and the month-to-month contract gives me flexibility. i appreciate being able to pay by mailed check as it is convenient for me. overall, i have had a positive experience with this company and would recommend them to others.",TRUE,positive,0.9728533625602722,2
9743-dqkqw,,FALSE,,,
1215-vfyvk,,FALSE,,,
9371-bithb,,FALSE,,,
2265-cywiv,,FALSE,,,
9093-fpdlg,"i have been a customer with this internet service provider for 11 months now and i am very satisfied with the service. the fiber optic internet is fast and reliable, and i have had no issues with connectivity. the monthly charges of $94.2 are reasonable for the quality of service i am receiving. i appreciate the convenience of paying with electronic check. overall, i have no complaints and do not plan on churning anytime soon. i would recommend this provider to others looking for a reliable internet service.",TRUE,positive,0.9709587693214417,2
0541-fitgh,,FALSE,,,
6985-haywx,,FALSE,,,
7508-kbimb,,FALSE,,,
6838-hvlxg,,FALSE,,,
2277-djjdl,,FALSE,,,
1897-okvmw,,FALSE,,,
5485-itnpc,i have been a customer with this company for over five years now and i have been extremely satisfied with the service. the dsl internet service has been reliable and i have never experienced any issues with connect,TRUE,positive,0.9758366346359253,2
0233-fthav,,FALSE,,,
4644-pizrt,,FALSE,,,
8922-npkbj,,FALSE,,,
2740-tvlfn,"i have been using the dsl internet service for the past month and so far i am satisfied with the speed and reliability. the monthly charges of $50.15 are reasonable for the service provided. i appreciate the convenience of paying through electronic check. overall, i have had a positive experience and have no plans to switch providers at this time.",TRUE,positive,0.9446710348129272,2
7771-cfqrq,,FALSE,,,
9512-phsmg,i have been a customer with this company for 10 months now and i have been satisfied with their service. i appreciate the month-to-month contract option as i,TRUE,positive,0.9680483937263489,2
6963-ezqee,,FALSE,,,
2452-kdrrh,,FALSE,,,
2004-ocqxk,,FALSE,,,
5027-qpkte,,FALSE,,,
4146-svfud,"i am a new customer with only 1 month of service with this company. so far, i have been satisfied with the dsl internet service provided. the monthly charges of $44.6 are reasonable and the payment method of mailed check is convenient for me. i appreciate the month-to-month contract option as it gives me the flexibility to cancel if needed. overall, i am happy with the service and plan to continue using it in the future.",TRUE,positive,0.9537166953086853,2
1564-hjuvy,,FALSE,,,
3617-xlsgq,,FALSE,,,
7517-ldmps,,FALSE,,,
7244-kxyzn,,FALSE,,,
5226-nozfc,,FALSE,,,
2672-huyvi,,FALSE,,,
1400-wivll,,FALSE,,,
7508-mybog,,FALSE,,,
8148-nlegt,,FALSE,,,
0148-dcdos,,FALSE,,,
8347-gdtmp,,FALSE,,,
9992-rramn,"i recently decided to cancel my service after being with the company for 22 months on a month-to-month contract. the monthly charges of $85.1 for fiber optic internet were reasonable, but i found a better deal with another provider. i appreciated the convenience of paying with an electronic check, but ultimately, the cost savings with the new provider outweighed the benefits of staying with my current service. overall, i had a positive experience with the company and would recommend them to others, but ultimately had to make a decision based on my budget.",TRUE,neutral,0.5419204831123352,1
6746-wauwt,,FALSE,,,
0310-mvlet,,FALSE,,,
0428-ikycp,,FALSE,,,
4550-vbofe,,FALSE,,,
2187-pkzay,,FALSE,,,
4003-octmp,,FALSE,,,
6652-yffjo,"""i have been a customer with this dsl internet service provider for 11 months now on a month-to-month contract. i have had no issues with churn and have been satisfied with the service overall. the monthly charges of $64.9 are reasonable for the speed and reliability of the internet connection. i appreciate the convenience of paying with electronic check. overall, i would recommend this provider to others looking for reliable dsl internet service.""",TRUE,positive,0.9361586570739746,2
7225-iilwy,,FALSE,,,
5248-rpyww,,FALSE,,,
7923-iyjwy,,FALSE,,,
3170-gwykc,,FALSE,,,
5696-qurrl,,FALSE,,,
7409-kiutl,,FALSE,,,
9830-eclen,,FALSE,,,
1732-vhubq,"i have been a customer for nearly four years with the month-to-month contract and automatic bank transfer payment method. i have always enjoyed the fast and reliable fiber optic internet service provided by the company. however, i recently decided to switch providers",TRUE,positive,0.8675094246864319,2
0495-rvcbf,,FALSE,,,
2668-tzsps,"i have been a customer with this company for just one month now and i must say i am quite satisfied with the service so far. the month-to-month contract is convenient for me and the monthly charges of $20.45 are reasonable. i do not use their internet service, so i cannot comment on that aspect. i prefer to pay by ma",TRUE,positive,0.9301525950431824,2
7854-edssa,"i have been a customer with this dsl internet service provider for 22 months on a month-to-month contract with a monthly charge of $59.0. i recently decided to churn and switch to a different provider due to some reliability issues with the service. despite the convenience of paying through electronic check, i felt that the service",TRUE,negative,0.7494066953659058,0
8869-torss,,FALSE,,,
7446-sfaoa,,FALSE,,,
9522-zsinc,,FALSE,,,
8234-gszyk,"i have been a customer with this company for over three and a half years now and i have been very satisfied with the service. the automatic bank transfer payment method makes it convenient for me to pay my bills on time every month. even though i do not have internet service with this company, i find the monthly charges of $26.45 to be reasonable. overall, i have had a positive experience with this company and have no complaints.",TRUE,positive,0.9589033126831055,2
6505-oznpg,,FALSE,,,
6164-haqtx,,FALSE,,,
0679-idstg,,FALSE,,,
7765-lwvvh,,FALSE,,,
1658-tjvoa,,FALSE,,,
0953-lgovu,,FALSE,,,
2115-bftiw,"i recently decided to switch internet providers after being with this company for 25 months on a month-to-month contract. i found that the monthly charges of $70.95 were quite steep for the service i was receiving. additionally, having to mail a check for payment was inconvenient and outdated compared to other providers who offer more modern payment methods. overall, i chose to churn because i found a better deal with another company that offered faster speeds at a lower price.",TRUE,negative,0.8431756496429443,0
4692-nnqru,"i have been a customer with this fiber optic internet service provider for 21 months now, and i am extremely satisfied with their service. the speed and reliability of the internet connection have been consiste",TRUE,positive,0.9835965633392334,2
7742-mypgi,,FALSE,,,
0611-dfxko,,FALSE,,,
7780-otdso,"i recently decided to switch internet providers after being with this company for 18 months on a month-to-month contract. while the fiber optic internet service was fast and reliable, the monthly charges of $99.4",TRUE,negative,0.5334720015525818,0
9619-gsatl,,FALSE,,,
5622-uejfi,"i have been a customer with this company for 35 months now and i have not experienced any issues with churn. i am on a two-year contract with a monthly charge of $25.4, which is quite reasonable. although i do not have internet service with this company, i appreciate the convenience of automatic payments through my credit card. overall, i am satisfied with the service and would recommend it to others.",TRUE,positive,0.8625229001045227,2
9747-ddzos,"""i recently signed up for fiber optic internet with this provider, but unfortunately i had to cancel after only one month due to unforeseen circumstances. the service itself was reliable and fast, but i found the monthly charges of $73.5 to be a bit steep. the automatic bank transfer payment method was convenient and hassle-free. overall, i had a positive experience with the internet service, but i wish there were more affordable options available for month-to-month contracts.""",TRUE,neutral,0.42250266671180725,1
0674-dgmaq,,FALSE,,,
6203-hbzpa,,FALSE,,,
0484-ffvbj,,FALSE,,,
0301-fidrb,,FALSE,,,
4139-jpiam,,FALSE,,,
2181-tidsv,,FALSE,,,
2761-xecqw,,FALSE,,,
1936-czakf,"i have been a loyal customer of this dsl internet service provider for almost 4 years now and i have been very satisfied with the service. the monthly charges are reasonable at $49.65 and i appreciate the convenience of automatic credit card payments. the connection has been reliable and i have not experienced any issues with downtime. overall, i am happy with the service and do not plan on churning anytime soon.",TRUE,positive,0.9665876030921936,2
9453-patos,i have been a customer with this internet provider for six years now and i have been very satisfied with their service. the dsl internet has been reliable and i have not experienced any issues with connectivity. the monthly charges are reasonable at $,TRUE,positive,0.9692482352256775,2
0564-jjhgs,,FALSE,,,
3348-cfrnx,,FALSE,,,
4402-ftbxc,,FALSE,,,
1428-gtbjj,,FALSE,,,
2931-xiqbr,,FALSE,,,
0106-ugrdo,,FALSE,,,
5542-tbbwb,"i have been a customer with this fiber optic internet service provider for about a month now and i am very satisfied with the service so far. the internet connection is fast and reliable, and i have not experienced any issues with it. the monthly charges of $69.90 are reasonable for the quality of servic",TRUE,positive,0.9735316634178162,2
1930-qpbvz,,FALSE,,,
2606-pkwjb,,FALSE,,,
5322-zsmzy,,FALSE,,,
8059-udzfy,i have been a customer of this fiber optic internet service provider for over 2 and a half years now and i am extremely satisfied with the service. the speed and reliability of the internet connection have been consisten,TRUE,positive,0.9782530665397644,2
7740-btpux,,FALSE,,,
5220-agaax,,FALSE,,,
0208-bpqej,,FALSE,,,
9435-jmlsx,,FALSE,,,
3352-almck,,FALSE,,,
5312-ircfr,,FALSE,,,
5294-imhht,,FALSE,,,
8802-unojf,,FALSE,,,
6313-gidit,,FALSE,,,
6176-yjwas,,FALSE,,,
5310-noova,i have been a customer of this service provider for 46 months now and have been extremely satisfied with their service. the monthly charges are very,TRUE,positive,0.9681664109230042,2
4526-exkkn,,FALSE,,,
5311-ihlei,,FALSE,,,
3987-kqddu,,FALSE,,,
3404-jnxax,,FALSE,,,
5131-ponji,,FALSE,,,
2845-afftx,,FALSE,,,
3489-vsfrd,"i have been a customer with this company for 56 months now and i have been very satisfied with their service. the monthly charges of $60.25 for dsl internet are reasonable and the automatic credit card payment method makes it convenient for me to pay my bill on time. i have not experienced any issues with the service and have not had any reason to consider switching providers. overall, i would highly recommend this company to others looking for reliable internet service.",TRUE,positive,0.9632253050804138,2
3345-jhueo,"i have been a customer with this company for 4 months now on a month-to-month contract with a monthly charge of $20.2. i do not have internet service with them, but i have been satisfied with their service so far. i appreciate the convenience of being able to pay with an electronic check. overall, i have had no issues with the company and do not plan on churning anytime soon.",TRUE,positive,0.8204897046089172,2
5815-hgghv,,FALSE,,,
5260-umpwx,,FALSE,,,
2249-yprng,"i had been a loyal customer for 20 months with the month-to-month contract for fiber optic internet service. the monthly charges of $105.85 were reasonable for the speed and reliability i received. however, i recently decided to churn due to personal reasons. the automatic bank transfer pay",TRUE,neutral,0.4815349280834198,1
7410-ytjik,"i was a customer with this company for 7 months before ultimately deciding to churn. while the fiber optic internet service was fast and reliable, i found the monthly charges of $75.45 to be on the higher side compared to other providers in the area. additionally, the fact that the only payment method accepted was by mailed check was inconvenient and outdated. i ultimately decided to switch to a different provider that offered more flexible payment options and lower monthly charges.",TRUE,negative,0.7972342371940613,0
4626-gyczp,,FALSE,,,
5649-rxqtv,,FALSE,,,
2674-miaht,"i have been a customer with this company for 4 months now and i am very satisfied with the service. the fiber optic internet is fast and reliable, and i have had no issues with connectivity. the monthly charges of $80.3 are reasonable for the quality of service i am receiving. i appreciate the option to pay by mailed check as it is convenient for me. overall, i have had a positive experience with this company and would recommend them to others.",TRUE,positive,0.9716189503669739,2
2576-hxmpa,i have been a customer with this company for 1 month now and i am very satisfied with the service. the monthly charges are reasonable at $19.55 and,TRUE,positive,0.9726412892341614,2
7587-aovvu,"i have been a customer with this company for over two years now and have been very satisfied with the service. the fiber optic internet is fast and reliable, and i have had no issues with connectivity. the monthly charges are reasonable for the quality of service provided. i appreciate the",TRUE,positive,0.9726352095603943,2
5590-bynii,,FALSE,,,
6898-mdlzw,,FALSE,,,
3237-ajgeh,"i recently decided to cancel my service after 3 months with this company. while the monthly charges were reasonable at $31.0, i found the dsl internet service to be unreliable and slow. additionally, having to",TRUE,negative,0.9222315549850464,0
4707-ynoqa,"i have been a customer with this company for 34 months now and have been very satisfied with their service. the monthly charges are affordable at $25.6 and i appreciate the convenience of automatic credit card payments. although i do not have internet service with this company, i have had no issues with the other services i have received. overall, i have no complaints and would recommend this company to others.",TRUE,positive,0.9644870758056641,2
9357-ujrun,,FALSE,,,
1591-nfnlq,,FALSE,,,
8648-pfrmp,,FALSE,,,
7663-cuxzb,,FALSE,,,
0258-nokbl,,FALSE,,,
1163-vipri,,FALSE,,,
2815-cptul,"i recently switched to this fiber optic internet service provider about 5 months ago on a month-to-month contract. initially, i was pleased with the service and the speed of the internet. however, i recently decided to cancel my subscription due to some financial constraints. i found the monthly charges of $70.25 to be a bit high for my budget. additionally, i was not a fan of the payment method being limited to mailing a check, as i prefer more convenient online payment options. overall, the service itself was reliable and fast, but the pricing and payment method ultimately led me to churn.",TRUE,neutral,0.48688042163848877,1
9348-rouai,,FALSE,,,
9443-jubuo,,FALSE,,,
0596-bqceq,,FALSE,,,
1481-zuwza,,FALSE,,,
3043-tybno,,FALSE,,,
4830-faxfm,"i have been a customer with this company for 19 months and i am overall satisfied with the service. the monthly charges are reasonable at $24.1 and i appreciate the convenience of the automatic credit card payment method. although i do not have internet service with this company, i have had no issues with my current plan. i am happy to continue with my month-to-month contract and have no plans to churn at this time.",TRUE,positive,0.9506787657737732,2
5906-bfozt,,FALSE,,,
2960-nkrso,,FALSE,,,
8996-zroxe,,FALSE,,,
5598-ikhqq,,FALSE,,,
0397-zxwqf,i have been a customer with this company for over 5 years now and i have been very satisfied with their service. the automatic bank transfer payment method makes it convenient for me to pay my monthly bill on ti,TRUE,positive,0.9704782366752625,2
5266-pfrqk,,FALSE,,,
4674-hgnua,,FALSE,,,
6765-mbqnu,,FALSE,,,
9786-ijydl,,FALSE,,,
1303-srdok,"i have been a loyal customer of this company for over 4 and a half years now and i have been extremely satisfied with the service. the fiber optic internet service has been reliable and fast, allowing me to stream movies, work from home, and stay connected with friends and family without any issues. the automatic credit card payment method makes it convenient for me to pay my bill on time every month without having to worry about missing a payment. overall, i have had a positive experience with this company and would highly recommend their services to others.",TRUE,positive,0.9742497801780701,2
3769-mhznv,,FALSE,,,
6295-osinb,,FALSE,,,
3308-mhooc,"i have been a customer with this company for one month now and i am pleased with the service. the monthly charges are reasonable at $19.2 and i appreciate the flexibility of the month-to-month contract. even though i do not have internet service with this company, i have no complaints about the payment process as i am able to easily mail in my check. overall, i am satisfied with my experience so far and have no plans to churn.",TRUE,positive,0.959925115,2
2309-osfeu,,FALSE,,,
2207-qpjed,,FALSE,,,
4177-jpdfu,,FALSE,,,
2239-cfouj,i have been a customer with this company for one month now and so far i am satisfied with the service. the monthly charges are reasonable at $20.4 and i appreciate the option to pay via mailed c,TRUE,positive,0.9567794799804688,2
8046-dnvtl,i have been a customer with this company for 62 months now and i have had a two-year contract with them. i am satisfied w,TRUE,positive,0.8682349920272827,2
2209-xadxf,,FALSE,,,
6620-jdynw,"i have been a customer with this company for 18 months now and have been satisfied with the service overall. the dsl internet service has been reliable and the monthly charges of $60.6 are reasonable for the quality of service i receive. i appreciate the flexibility of the month-to-month contract as it allows me to make changes as needed. the only downside is that i have to pay by mailed check, which can be a bit inconvenient at times. overall, i have had a positive experience with this company and would recommend it to others.",TRUE,positive,0.9586549997329712,2
1891-fzysa,,FALSE,,,
4770-uezox,"i have been using the fiber optic internet service for the past 2 months and i am quite satisfied with the speed and reliability. the monthly charges of $74.75 are reasonable for the quality of service i am receiving. i appreciate the convenience of paying through electronic check. overall, i have no complaints and would recommend this service to others.",TRUE,positive,0.9592998623847961,2
1038-rqost,,FALSE,,,
7613-llqfo,,FALSE,,,
4568-ttzrt,,FALSE,,,
9513-dxhda,,FALSE,,,
2640-pmgfl,,FALSE,,,
3801-hmynl,,FALSE,,,
0516-qreyc,,FALSE,,,
9685-wkzgt,,FALSE,,,
6022-uggso,"i have been a customer with this company for over 2 and a half years, opting for a month-to-month contract with fiber optic internet service. the monthly charges of $74.4 were reasonable for the quality of service i received. however, i ultimately decided to churn due to personal reasons. i appreciated being able to pay with electronic check, as it was convenient and hassle-free. overall, i had a positive experience with this company and would recommend their services to others.",TRUE,positive,0.5950577855110168,2
8084-oivbs,,FALSE,,,
8896-bqtti,,FALSE,,,
3865-qbwsj,,FALSE,,,
3352-ricwq,,FALSE,,,
2160-gpfxd,,FALSE,,,
2065-mmkgr,,FALSE,,,
5857-tybcj,,FALSE,,,
1498-nhtlt,,FALSE,,,
4484-cgxfk,,FALSE,,,
1402-pthgn,"i have been a customer with this internet service provider for the past 18 months and i have been satisfied with the service overall. the dsl internet has been reliable and i have experienced minimal downtime. the monthly charges of $61.5 are reasonable for the speed and reliability of the service. i prefer to pay by mailed check and have had no issues with the billing process. overall, i am happy with my experience and do not have any plans to switch providers.",TRUE,positive,0.9487321376800537,2
4176-reljr,,FALSE,,,
6214-edakz,"i recently decided to cancel my service after 22 months with this company. while the monthly charges were reasonable at $55.15, i found the dsl internet service to be inconsistent and slow. additionally, i had issues with the payment method using electronic check, which caused some billing discrepancies. overall, i was not satisfied with the service and decided to switch to a different provider.",TRUE,negative,0.9214931130409241,0
5199-fpusp,"i have been a customer with this internet service provider for 33 months now and i have been very satisfied with the service. the monthly charges are reasonable at $34.05 and i appreciate the convenience of automatic payment with my credit card. the dsl internet service has been reliable and i have had no issues with downtime. overall, i have had a positive experience and would recommend this provider to others.",TRUE,positive,0.9709209203720093,2
6377-kslxc,,FALSE,,,
1796-janow,,FALSE,,,
0238-whbiq,"""i have been with this dsl internet provider for 6 years now and have had a two year contract with them. i have never experienced any issues with churn and have been satisfied with the service overall. the monthly charges",TRUE,positive,0.8199116587638855,2
8735-nblwt,,FALSE,,,
6651-rlggm,,FALSE,,,
6127-isgtu,,FALSE,,,
1614-jbebi,,FALSE,,,
8740-xlhdr,,FALSE,,,
1208-dnhln,,FALSE,,,
1761-aezzr,,FALSE,,,
3923-csihk,"i have been a customer of this fiber optic internet service provider for over four years on a month-to-month contract. unfortunately, i recently decided to churn as i found a better deal with another provider. while the service itself was reliable and fast, the monthly charges of $71.05 were becoming too expensive for me. i also found the payment method of elec",TRUE,negative,0.8255239725112915,0
5696-excys,,FALSE,,,
5795-ktgud,,FALSE,,,
7120-rfmvs,,FALSE,,,
7924-gjzfi,"i have been a customer with this internet service provider for 25 months now and i have been very satisfied with the service. the fiber optic internet has been fast and reliable, and i have not experienced any issues with downtime. the monthly charges of $69.3 are reasonable for the quality of service i am receiving. i appreciate the convenience of being able to pay with electronic check. overall, i have no complaints and have no plans to switch providers.",TRUE,positive,0.9618087410926819,2
4702-hdrkd,,FALSE,,,
8512-wiwyv,,FALSE,,,
5897-zyekh,,FALSE,,,
5456-itgic,,FALSE,,,
7317-ggvpb,,FALSE,,,
1406-puqvy,,FALSE,,,
1322-agoqm,,FALSE,,,
3677-iyrbf,"""i recently switched to this internet service provider two months ago, opting for a month-to-month contract with dsl service at $30.4 per month. unfortunately, i have decided to churn and discontinue my service. i experienced frequent outages and slow speeds, which made it difficult for me to complete my work tasks and stream videos. additionally, the payment method of electronic check was not convenient for me as i prefer using a credit card. overall, i was not satisfied with the service and will be looking for a more reliable and user-friendly internet provider.""",TRUE,negative,0.9064262509346008,0
5692-fptah,,FALSE,,,
9114-aafqh,,FALSE,,,
8715-kktfg,,FALSE,,,
1550-loaha,,FALSE,,,
1728-bqdma,,FALSE,,,
0268-qkiwo,,FALSE,,,
0876-wduuz,"i recently canceled my service with this provider after 5 months due to finding a better deal with another company. the monthly charges of $85.4 were a bit on the higher side compared to other options available in the market. the fiber optic internet service was reliable and fast during my tenure. the automatic credit card payment method was convenient and hassle-free. overall, i was satisfied with the service but ultimately decided to switch due to cost-saving reasons.",TRUE,neutral,0.49671849608421326,1
5117-zsmhq,,FALSE,,,
5151-hqrdg,,FALSE,,,
0960-huwbm,,FALSE,,,
6465-gsrcl,,FALSE,,,
0617-fhsgk,,FALSE,,,
0263-fjtqo,"i have been a customer with this dsl internet service provider for over four years now and i have been extremely satisfied with the service. the monthly charges are reasonable at $70.5 and having automatic credit card payments makes it convenient for me to pay my bill on time. the internet service has been reliable and i have not experienced any issues with connectivity or speed. overall, i am very happy with my experience and would recommend this provider to others.",TRUE,positive,0.9702075123786926,2
7319-znrtr,,FALSE,,,
2858-mofsq,,FALSE,,,
7503-epszw,"i have been a customer with this company for over 5 years now and i have had a great experience overall. the monthly charges are very reasonable at $24.05 and i appreciate the option to pay via mailed check. even though i do not have internet service with this company, i have been satisfied with the other services i receive. i have not experienced any issues that would prompt me to consider switching providers. overall, i am a happy and loyal customer.",TRUE,positive,0.9701622724533081,2
7089-xxayg,,FALSE,,,
8118-lsuel,,FALSE,,,
8070-aawzp,,FALSE,,,
1666-jxlku,,FALSE,,,
7855-diwpo,,FALSE,,,
5133-powua,,FALSE,,,
5652-msdey,i have been a customer with this company for 10 months now and i am very satisfied with the fiber optic internet service they provide. the monthly charges of $75.75 are reasonable for the quality of service i receive. i appreciate the flexibility of the month-to-month contract as it all,TRUE,positive,0.9693900346755981,2
7005-ccbkv,"i recently canceled my subscription after being a customer for 6 months with the month-to-month contract. the $84.4 monthly charges for fiber optic internet were reasonable, but i ultimately decided to switch providers for better service. the electronic check payment method was convenient and easy to use. overall, my experience was satisfactory but not outstanding.",TRUE,negative,0.46507227420806885,0
1810-bohsy,,FALSE,,,
1784-bxefa,,FALSE,,,
7351-mhqvu,,FALSE,,,
9224-vtyid,i have been a loyal customer with this company for almost four years now and have been very satisfied with the dsl internet service provided. the monthly charges of $90.50 are reasonable for the level of service i receive. i appreciate being able to pay by mailed,TRUE,positive,0.9670275449752808,2
9500-iwpxq,,FALSE,,,
5762-tjxgk,,FALSE,,,
4504-youla,,FALSE,,,
5569-idsey,,FALSE,,,
4250-fdvou,i recently decided to cancel my service with this company after being a customer for 6 months. i was on a month-to-month contract with a monthly charge of $56.25 for dsl internet service. i found that the internet speed and reliability w,TRUE,negative,0.8456741571426392,0
7284-zzloh,"i have been a customer with this company for 45 months now and i have been very satisfied with the service. the monthly charges are reasonable at $53.3 and i appreciate the convenience of automatic credit card payments. the dsl internet service has been reliable and i have had no issues with connectivity. overall, i have no complaints and would recommend this company to others.",TRUE,positive,0.970154881,2
5277-zloor,"i recently cancelled my service after only 2 months with this provider. the monthly charges of $85.55 for fiber optic internet seemed reasonable at first, but the service was unreliable and frequently cut out. i was disappointed with the quality of the internet connection and ultimately decided to switch to a different provider. additionally, the payment method of electronic check was convenient, but did not make up for the poor service. i would not recommend this provider to others.",TRUE,negative,0.9329723119735718,0
2141-rrygo,,FALSE,,,
1777-jyqpj,,FALSE,,,
6376-gahqe,"i recently switched to this internet service provider for their fiber optic connection and was initially impressed with the speed and reliability of the service. however, after just 4 m",TRUE,positive,0.6571316123008728,2
3401-urhda,"i have been a customer with this company for over four years now and i have been very satisfied with the service. the dsl internet service has been reliable and the monthly charges are fair at $59.9. i appreciate the convenience of automatic credit card payments and have had no issues with billing. overall, i have had a positive experience and would recommend this company to others.",TRUE,positive,0.9734132885932922,2
1599-eahxy,"i have been a customer with this company for 5 years now and i have had a positive experience overall. i am pleased with the affordable monthly charges and the convenience of automatic credit card payments. however, i do wish that internet service was included in my plan. other than that, i have no complaints and i am satisfied with the service provided.",TRUE,positive,0.9538253545761108,2
8631-xvrzl,,FALSE,,,
5052-pnlos,,FALSE,,,
3853-lygam,,FALSE,,,
6979-znsff,,FALSE,,,
5751-usdbl,,FALSE,,,
5680-lqogp,,FALSE,,,
2386-lahrk,,FALSE,,,
8189-dukmv,"i have been a customer with this company for 4 months now and i am very satisfied with the service. the automatic bank transfer payment method is convenient and hassle-free. although i do not have internet service with this provider, the monthly charges of $20.5 for other services are reasonable. i appreciate the one-year c",TRUE,positive,0.969177246,2
6032-igaln,"i recently signed up for internet service with this provider and unfortunately had to cancel after only one month. the monthly charges were reasonable at $25.1, but the dsl internet service was not reliable. i found myself experiencing",TRUE,negative,0.9060852527618408,0
9931-dcezh,i have been a customer of this dsl internet service provider for 28 months now and i have been very satisfied with the service. the monthly charges are reasonable at $54.4 and the automatic credit card payment method makes it easy to manage. i have no,TRUE,positive,0.9369955062866211,2
1898-jsndc,i have been a customer with this internet service provider for almost 3 years now and i have been very satisfied with the service. the dsl internet service has been reliable and i have not experienced any issues w,TRUE,positive,0.9647011160850525,2
0315-lvcrk,i have been a customer with this fiber optic internet service provider for 11 months now on a month-to-month contract. i am pleased to say that i have had no issues with churn and have been satisfied with the service overall. the monthly charges of $84.8 are re,TRUE,positive,0.9486175775527954,2
3911-rsnhi,,FALSE,,,
2410-ciyfz,,FALSE,,,
4248-hcetz,,FALSE,,,
5505-ovwqw,,FALSE,,,
7271-ajdtl,"i have been a customer with this fiber optic internet provider for 55 months now and i have been extremely satisfied with the service. the automatic payment method with my credit card makes it convenient and hassle-free. the monthly charges of $94.45 are reasonable for the high-speed internet i receive. i have had no issues with the service and have not experienced any disruptions or downtime. overall, i would highly recommend this provider to anyone looking for reliable and fast internet service.",TRUE,positive,0.9721705913543701,2
1867-tjhts,"i have been a customer with this company for 58 months now and i am extremely satisfied with the service they provide. the fiber optic internet service is fast and reliable, and i have never experienced any issues with my connection. the monthly charges of $79.8 are reasonable for the quality of servic",TRUE,positive,0.974257231,2
0516-wjvxc,,FALSE,,,
9174-fkwze,"i recently signed up for internet service with this provider on a month-to-month contract. however, after just one month of service, i decided to cancel due to the lack of internet service being provided. despite the low monthly charge of $19.45, i found it frustrating to not have reliable internet access. i also had issues with the payment method using electronic check, as it seemed to take longer to process compared to other payment methods. overall, i was disappointed with the service and ultimately chose to churn and find another internet provider.",TRUE,negative,0.8895476460456848,0
6860-yrjzp,,FALSE,,,
4429-wygfr,"i have been a customer with this dsl internet service provider for 26 months now and i have been satisfied with the service overall. the monthly charges of $49.15 are reasonable for the internet speed and reliability i receive. i appreciate the convenience of the automatic bank transfer payment method, as it ensures that my bill i",TRUE,positive,0.9617435336112976,2
2817-lvcpp,,FALSE,,,
5038-etmlm,,FALSE,,,
5056-fimpt,i have been a customer with this company for over three and a half years and have been extremely satisfied with the fiber optic internet service they provide. the automatic credit card payment method makes it convenient for me to pay my monthly bill of $106.0 without any hassle. i have never experienced any issues with the s,TRUE,positive,0.9576876163482666,2
4521-wfjai,,FALSE,,,
6569-ktmdu,,FALSE,,,
8809-rihdd,,FALSE,,,
8809-xkhmd,"i have been a customer with this internet service provider for 6 years now and i am very satisfied with the service. the fiber optic internet is fast and reliable, allowing me to stream videos and work from home without any interruptions. the automatic bank transfer payment method makes it convenient for me to pay my monthly bill on time. even though the monthly charges are a bit high at $100.55, i feel like i am getting my money's worth with the quality of service i am receiving. overall, i have no complaints and have no intention of churning anytime soon. keep up the good work!",TRUE,positive,0.9717607498168945,2
0396-ychwo,"i have been with this company for 3 years now and i have been extremely satisfied with the service. the fiber optic internet is fast and reliable, and the monthly charges are reasonable for the quality of service provided. i appreciate the convenience of being able to pay with electronic check. overall, i have had no issues with the company and have no plans to switch providers. highly recommend.",TRUE,positive,0.9756445288658142,2
0867-ldttc,,FALSE,,,
4822-ngoch,"i recently decided to cancel my service with this provider after being with them for 13 months. the monthly charges of $84.45 were reasonable for the fiber optic internet service i received. however, i found that i could get a better deal with another provider. the electronic check payment method was convenient and i never had any issues with billing. overall, i was satisfied with the service but ultimately chose to switch due to better pricing options elsewhere.",TRUE,negative,0.4961927533149719,0
9391-dxggg,"i have been a customer with this company for over three and a half years now and have been extremely satisfied with the service provided. the fiber optic internet service has been reliable and fast, and i have never experienced any issues with connectivity. the automatic payment method using my credit card has made the billing process seamless and hassle-free. even though the monthly charges are a bit on the higher side at $89.15, i feel that the quality of service justifies the cost. overall, i have no complaints and would highly recommend this company to others looking for a reliable internet service provider.",TRUE,positive,0.9687387347221375,2
9844-felaj,,FALSE,,,
2122-szzzd,,FALSE,,,
5307-dzcvc,"i recently decided to switch internet providers after being with this company for over 2 and a half years. despite having fiber optic internet, i found that the monthly charges of $85.95 were becoming too expensive for me. additionally, i",TRUE,negative,0.7865572571754456,0
3148-aoiqt,,FALSE,,,
8679-joevf,"i recently decided to cancel my service after being with the company for 16 months on a month-to-month contract. i was paying $59.4 a month for dsl internet service, which i found to be reliable and fast enough for my needs. however, i ultimately decided to switch providers for a better deal. the electronic check payment met",TRUE,negative,0.6847013235092163,0
8395-etzkq,,FALSE,,,
6692-yqhxc,,FALSE,,,
3889-vwbid,i have been a customer with this company for over 5 years now and have been satisfied with the dsl internet service they provide. the automatic bank transfer payment method makes it convenient for me to pay my monthly bill without any hassle. the monthly charges of,TRUE,positive,0.9449100494384766,2
5222-jcxzt,,FALSE,,,
9754-clvzw,,FALSE,,,
1432-fpaxx,,FALSE,,,
2739-cczmb,,FALSE,,,
7080-tnuwp,"i have been a customer with this company for 70 months now and have never experienced any issues with their service. the fiber optic internet is fast and reliable, and the automatic bank transfer payment method makes it easy to keep up with my monthly charges. i have been on a one-year contract with a monthly charge of $95.0 and have found it to be a fair price for the quality of service i receive. overall, i am very satisfied with my experience and have no intentions of churning anytime soon.",TRUE,positive,0.9294281005859375,2
0496-ahook,,FALSE,,,
8336-tavkx,i have been a customer with this company for 72 months now and i am very satisfied with the service. the monthly charges are reasonable at $78.45 and,TRUE,positive,0.9715551137924194,2
2468-sjflm,,FALSE,,,
3181-vthoe,"i have been a loyal customer for 70 months and have never experienced any issues with my dsl internet service. the automatic bank transfer for my monthly charges makes it convenient for me to pay my bill on time. the $51.05 monthly fee is reasonable for the reliable service i receive. overall, i am satisfied with my experience and have no complaints.",TRUE,positive,0.8851132988929749,2
7168-hdqhg,i have been a customer with this company for 3 years now and i have been very satisfied with their service. the month-to-month contract is convenient for me as i have the flexibility to cancel at any time. the automatic bank transfer for payment is hassle-f,TRUE,positive,0.9630260467529297,2
4803-axvyp,"""i recently decided to switch internet providers after being with this company for 38 months on a month-to-month contract. the monthly charges of $99.55 were becoming too expensive for the service i was receiving. while the fiber optic interne",TRUE,negative,0.8615676760673523,0
3884-hcswg,,FALSE,,,
4567-akpia,i have been a loyal customer of this fiber optic internet service provider for over three years now and have been extremely satisfied with the service. the automatic bank tra,TRUE,positive,0.9661454558372498,2
5077-dxtcg,,FALSE,,,
1142-waczw,"i signed up for dsl internet service with this provider two months ago on a month-to-month contract. the monthly charges are reasonable at $29.85, and i opted for automatic bank transfer for payment convenience. however, i recent",TRUE,neutral,0.7006148099899292,1
7901-hxjva,"i have been a customer with this fiber optic internet service provider for 14 months now on a month-to-month contract. i have been very satisfied with the service overall. the internet speeds are consistently fast and reliable, and i have not experienced any issues with connectivity. the monthly charges of $76.45 are reasonable for the quality of",TRUE,positive,0.9697967171669006,2
5649-anrml,"i recently canceled my service with this company after only 2 months of being a customer. while the fiber optic internet service was fast and reliable, i found the monthly charges of $95.1 to be too expensive for what i was receiving. the automatic credit card payments were convenient, but i ultimately decided to switch to a more affordable provider. i would recommend this company to others who are willing to pay a premium for high-quality internet service.",TRUE,negative,0.7575109601020813,0
4892-vlanz,,FALSE,,,
5924-ifqtt,i have been a customer with this dsl internet service provider for 13 months now on a month-to-month contract. i have had no issues with churn and have found the service to be reliable. the monthly charges of $72.80 are reasonable for the s,TRUE,positive,0.8982033133506775,2
7968-quxns,,FALSE,,,
2919-hbcjo,"i recently switched to this fiber optic internet service provider and signed up for a month-to-month contract. the service itself has been reliable and fast, but unfortunately, i had to cancel after only 4 months due to a move. the automatic bank transfer payment method was convenient and hassle-free. however, i wish there were more flexible contract options available for customer",TRUE,neutral,0.4081439673900604,1
4236-xpxav,,FALSE,,,
8903-wmrnw,,FALSE,,,
2452-snhfz,"i have been a customer of this fiber optic internet service provider for almost four years now and i have been extremely satisfied with the service. the speed and reliability of the internet connection have been excellent throughout my tenure. the automatic credit card payment method makes it convenient for me to pay my monthly charges without any hassle. i appreciate the month-to-month contract type as it gives me the flexibility to switch providers if needed. overall, i have no complaints and would highly recommend this provider to others.",TRUE,positive,0.974528968,2
3629-weaam,,FALSE,,,
6029-csmje,i have been a customer with this dsl internet service provider for 17 months now on a month-to-month contract. i have never experienced any issues with billing or service interruptions. the monthly charges are very reasonable at $25.65. i apprec,TRUE,positive,0.9103902578353882,2
7993-nqlje,,FALSE,,,
9909-dfrja,,FALSE,,,
9099-ftuhs,,FALSE,,,
0581-bxbub,,FALSE,,,
4962-chqpw,,FALSE,,,
9467-roolm,"i have been a customer with this company for 25 months now and i am overall satisfied with the service. the monthly charges are reasonable at $19.05 and i appreciate the flexibility of a month-to-month contract. however, i do not use the internet service provided by the company so",TRUE,positive,0.9308385252952576,2
3030-yzadt,,FALSE,,,
7410-ktvfv,,FALSE,,,
5150-itwwb,,FALSE,,,
2253-kpmnb,,FALSE,,,
1345-zukid,i have been a customer with this company for 14 months now and i have been very satisfied with their service. the monthly charges are affordable at $19.35 and i appreciate the option to pay with a mailed check.,TRUE,positive,0.9726482629776001,2
6429-shbcb,,FALSE,,,
9281-ofdmf,,FALSE,,,
2603-hvkcg,,FALSE,,,
1834-wuleg,"i have been a customer with this company for 24 months now and i have been satisfied with their services. i appreciate the affordable monthly charges of $20.25 and the option to pay via mailed check. however, i do wish they offered internet services as well. overall, i am happy with my experience and have no plans to churn.",TRUE,positive,0.9439790844917297,2
9097-zubyc,,FALSE,,,
5148-orict,,FALSE,,,
4893-gyuju,,FALSE,,,
4578-phjyz,"i have been a customer with this internet provider for over four years now and i have been satisfied with the service. the dsl internet is reliable and i have had no issues with connectivity. the monthly charges of $68.75 are reasonable for the service i receive. i appreciate the convenience of paying with electronic check. overall, i am happy with my experience and have no plans to switch providers.",TRUE,positive,0.9556810259819031,2
7272-qdcka,,FALSE,,,
8908-slfcj,"i have been a customer with this company for 21 months now and i am very satisfied with the service. the automatic credit card payments make it convenient for me to pay my monthly bill on time. even though i do not have internet service with them, the monthly charges of $20.85 are reasonable for the services i do receive. i have had no issues with the company and do not plan on churning anytime soon. overall, i would recommend this company to others looking for reliable and affordable services.",TRUE,positive,0.959605336,2
8393-dlhga,,FALSE,,,
9766-hgede,"i have been a customer with this company for 17 months now and overall, i have been satisfied with the service. the monthly charges are reasonable at $19.35 and i appreciate the option to pay with a mailed check. howeve",TRUE,positive,0.95250535,2
6968-mhomu,,FALSE,,,
7395-igjos,"i have been a customer with this company for 17 months now, and i have been using their fiber optic internet service with a monthly charge of $81.50 on a month-to-month contract. i recently decided to churn as i found a better deal with another provider. overall, the service was reliable and the automatic bank transfer payment method was convenient. however, i felt that the monthly charges were a bit high compared to other options available in the market. i would recommend this company to others who are looking for a reliable internet service, but i would also suggest comparing prices with other providers to ensure you are getting the best deal.",TRUE,neutral,0.5286045074462891,1
5044-xdpyx,"i have been a customer with this company for over four years and have been satisfied with their service. i appreciate the affordable monthly charges and the convenience of paying by mailed check. while i do not have internet service with them, i have had no issues with my current plan. overall, i have had a positive experience with this company and would recommend them to others.",TRUE,positive,0.9429854154586792,2
1814-wfgvs,,FALSE,,,
2834-spcjv,,FALSE,,,
3721-wkiil,"i have been a customer with this company for 27 months now and i have been satisfied with the service. even though i do not have internet service with them, i have found that the monthly charges of $19.6 for the other services i use are reasonable. i appreciate being able to pay by",TRUE,positive,0.9399834871292114,2
6734-ckrsm,,FALSE,,,
1265-zfosd,"i have been a loyal customer of this internet service provider for over five years now and have been very satisfied with their service. the dsl internet has been reliable and fast, and i have had no issues with connectivity or speed. the monthly charges are reasonable at $81.3 and i appreciate the option to pay by mailed check. overall, i have had a positive experience with this company and would recommend their services to others.",TRUE,positive,0.9698511362075806,2
6568-pocui,"i have been a customer with this company for 45 months now and i have been extremely satisfied with the service. the fiber optic internet service has been fast and reliable, and i have never experienced any issues with connectivity. the automatic payment method with my credit card has made it convenient to pay my monthly charges of $95.2. overall, i have had a positive experience with this company and have no plans to churn in the near future. i would highly recommend their services to others.",TRUE,positive,0.9700333476066589,2
7890-vyywg,"i recently signed up for dsl internet service with this provider on a month-to-month contract. after just 3 months, i decided to churn and switch to a different provider. the monthly charges of $36.45 were reasonable, but i found the internet service to be unreliable and slow at times. additionally, having to pay by mailing in a check was inconvenient compared to other payment methods available. overall, i was not satisfied with the service and chose to go with a different provider for better quality and convenience.",TRUE,negative,0.8323680758476257,0
5197-lqxxh,,FALSE,,,
9907-swkkf,"i recently signed up for dsl internet service with this provider and unfortunately had to cancel after only one month. the monthly charges were reasonable at $25.05, but the service itself was unreliable and slow. i found that i often had trouble connecting to websites and streaming videos. additionally, having to mail a check for payment was inconvenient and outdated. overall, i was not satisfied with my experience and would not recommend this provider to others.",TRUE,negative,0.934109092,0
3457-pqbyh,,FALSE,,,
7682-azndk,,FALSE,,,
0587-dmgbh,,FALSE,,,
5384-zttwp,,FALSE,,,
3745-hrphi,,FALSE,,,
7636-owbpg,"i have been a customer with this company for 12 months now and i must say i am very satisfied with the service. the monthly charges are very affordable at $29.35 and the automatic credit card payment makes it convenient for me. the dsl internet service has been reliable and i have not experienced any issues with it. overall, i have had a positive experience with this company and i would recommend it to others.",TRUE,positive,0.9757657051086426,2
1231-yndek,,FALSE,,,
1407-digzv,,FALSE,,,
6397-jnzzg,"i have been a customer with this company for over 3 years now, but unfortunately, i have decided to cancel my service. the monthly charges were reasonable at $55.55, but i found that the dsl internet service was not meeting my needs. additionally, i prefer the flexibility of a month-to-month contract, but it seems that there are better options available in m",TRUE,negative,0.8674758672714233,0
0570-bfqht,"i have been a customer with this company for 9 months now and i am very satisfied with their fiber optic internet service. the speed and reliability have been excellent and i have had no issues with downtime. the monthly charge of $80.55 is reasonable for the quality of service i am receiving. i appreciate the convenience of paying with electronic check. overall, i am happy with my experience and have no intention of churning.",TRUE,positive,0.971004307,2
4393-obcrr,,FALSE,,,
3523-qrqll,,FALSE,,,
8564-ldkfl,,FALSE,,,
3696-dfhhb,,FALSE,,,
0895-dqhew,"i recently decided to switch internet providers after being with this company for over four and a half years on a month-to-month contract. i was paying $104.3 a month for fiber optic internet, which i found to",TRUE,negative,0.5647091269493103,0
4717-ghadl,"i have been a customer with this company for 50 months now and have been very satisfied with the dsl internet service they provide. the monthly charges of $79.6 are reasonable for the quality of service i receive. i appreciate being able to pay with a mailed check as it is a convenient payment method for me. overall, i have had no issues with this company and have no plans to churn in the near future.",TRUE,positive,0.9555906057357788,2
5501-tvmgm,,FALSE,,,
5879-hmffh,,FALSE,,,
6772-wfqrd,i have been a customer with this company for 40 months now and i have been very satisfied with their service. the automatic bank transfer payment method makes it convenient for me,TRUE,positive,0.9758363962173462,2
3810-dvdqq,"i have been a loyal customer with this company for 6 years now and i am extremely satisfied with the fiber optic internet service they provide. the automatic bank transfer payment method makes it convenient for me to pay my monthly bill on time without any hassle. the monthly charges of $117.6 are reasonable considering the quality of service i receive. overall, i have had a positive experience with this company and have no intention of churning anytime soon.",TRUE,positive,0.9640472531318665,2
6972-snkkw,i have been a customer with this company for 6 months now on a month-to-month contract. i have never experienced any issues with my,TRUE,positive,0.7170089483261108,2
3694-gltjm,,FALSE,,,
8550-xsxuq,,FALSE,,,
8149-rsoun,,FALSE,,,
9055-mojjj,,FALSE,,,
4359-innwn,,FALSE,,,
0585-egdda,,FALSE,,,
4032-rmhci,i have been a customer with this dsl internet provider for over three years now and i have had a great experience with them. the monthly charges are affordable at $35.4 and i appreciate the convenience of automatic credit card payments. the connection has been reliable and i h,TRUE,positive,0.9794147610664368,2
0549-cycqn,,FALSE,,,
3481-jhuzh,,FALSE,,,
7250-eqkiy,,FALSE,,,
3594-ivhjz,,FALSE,,,
6869-fgjjc,,FALSE,,,
3896-zvnet,,FALSE,,,
8205-vslrb,,FALSE,,,
5960-mvtuk,,FALSE,,,
6817-wtyhe,,FALSE,,,
3082-vqxnh,,FALSE,,,
4013-ubxwq,"i recently decided to cancel my service after being with the company for 7 months on a month-to-month contract. the monthly charges of $74.65 for dsl internet service were reasonable, but i ultimately decided to switch to a different provider for a better deal. i appreciated being able to pay with electronic check, but i felt that the company could have offered more competitive pricing or incentives to keep me as a customer. overall, my experience was satisfactory, but i ultimately chose to go with a different provider for better value.",TRUE,negative,0.5311148762702942,0
4931-trzwn,,FALSE,,,
0750-ekngl,,FALSE,,,
7669-lcrsd,i have been a customer with this dsl internet service provider for 12 months now on a month-to-month contract. i have not experienced any issues with the service a,TRUE,positive,0.5014461278915405,2
3567-pqtso,,FALSE,,,
5519-nphvg,,FALSE,,,
8043-pnysd,,FALSE,,,
9938-ekrgf,i have been a customer with this company for 15 months now and i am very satisfied with the service. the dsl internet service has been reliable and the monthly charges of $84.45 are reasonable for the quality of service i receive. i appreciate being able to pay by mai,TRUE,positive,0.9767722487449646,2
2703-amtul,,FALSE,,,
0928-jmxnp,,FALSE,,,
8173-rxayp,,FALSE,,,
4825-xjgdm,"""i have been a customer with this company for over five years now and i have been extremely satisfied with their service. the monthly charges are very reasonable at $43.7 and their dsl internet service has been reliable. i appreciate the convenience of automatic credit card payments and have had no issues with billing. overall, i have no complaints and would highly recommend this company to others.""",TRUE,positive,0.9782538414001465,2
5402-htotq,,FALSE,,,
6734-jdttv,,FALSE,,,
7850-thjmu,,FALSE,,,
3890-rtcms,,FALSE,,,
8849-gyokr,,FALSE,,,
3148-blqjt,,FALSE,,,
3717-fdjfu,,FALSE,,,
3665-jatsn,,FALSE,,,
7966-yotqw,,FALSE,,,
0461-cvkmu,,FALSE,,,
8806-eagwc,,FALSE,,,
8853-tzdgh,,FALSE,,,
7779-lgovn,"i recently cancelled my service with this company after being with them for 10 months. i was on a month-to-month contract and was paying $86.65 per month for fiber optic internet service. i found the service to be reliable and fast, but i ultimately decided to switch providers for a better deal. the electronic check payment method was convenient and i never had any issues with billing. overall, i was satisfied with the service during my time with this company.",TRUE,negative,0.5554731488227844,0
4324-bzckl,i have been a customer with this internet provider for 10 months now and i am very satisfied with the service. the dsl internet is reliable and the monthly charges of $55.55 are reasonable. i appreciate that i am on a month-to-month contract which gives me flexibility. the only do,TRUE,positive,0.9673991203308105,2
6924-tdgmt,"i have been a customer with this company for 11 months now and i am very satisfied with my service. even though i do not have internet service with them, i appreciate the affordable monthly charges of $20.55 for the services i do receive. i also appreciate the option to pay by mailed check, as it is convenient for me. overall, i have had a positive experience with this company and i would recommend them to others.",TRUE,positive,0.9626843333244324,2
9710-zushq,,FALSE,,,
1536-yhdoe,"i have been a loyal customer of this dsl internet service provider for the past 17 months and have not experienced any issues with churn. the monthly charges of $62.1 are reasonable for the quality of service i receive. i appreciate being able to pay by mailing a check, as it is",TRUE,positive,0.8841906785964966,2
8123-qbnaz,,FALSE,,,
3629-znkxa,"i have been a customer with this company for 17 months now and i must say i am extremely satisfied with the service i have received. the fiber optic internet service is very reliable and fast, which is important to me as i work from home. the monthly charges are reasonable at $101.8 and the payment method through electronic check is convenient and hassle-free. overall, i have had no issues with the service and would highly recommend it to others.",TRUE,positive,0.9783545136451721,2
4827-ltqrj,,FALSE,,,
7711-yijwc,,FALSE,,,
5482-vxsxj,,FALSE,,,
7365-bvcjh,"i have been a customer with this company for just over a month now and i am very satisfied with the service so far. the dsl internet is reliable and fast enough for my needs. the monthly charges of $24.4 are affordable and the payment method of electronic check is convenient for me. i appreciate the flexibility of the month-to-month contract as it gives me the option to cancel at any time if needed. overall, i am happy with the service and plan to continue using this company for the foreseeable future.",TRUE,positive,0.9701130390167236,2
9620-enejv,,FALSE,,,
4183-wcsep,,FALSE,,,
2378-yizka,"i have been a loyal customer with this company for over 5 years now and i have been very satisfied with the service i have received. the dsl internet service has been reliable and the automatic credit card payment method makes it convenient for me to pay my monthly bill on time. the monthly charges of $85.0 are reasonable for the quality of service i am receiving. overall, i have no complaints and would highly recommend this company to others.",TRUE,positive,0.9726108312606812,2
5498-txhlf,,FALSE,,,
0689-dsxgl,,FALSE,,,
6818-djxaa,,FALSE,,,
9722-ujojr,"i have been a customer with this company for almost 2 and a half years and unfortunately, i have decided to churn. the monthly charges of $70.75 for fiber optic internet service were reasonable, but i found a better deal with another provider. the electronic check payment method was convenient and hassle-free. overall, i had a positive experience with the service provided, but ultimately decided to switch due to cost savings.",TRUE,negative,0.6824550628662109,0
0464-wjtko,,FALSE,,,
8902-zeovf,,FALSE,,,
6778-eicrf,,FALSE,,,
2662-nntdk,,FALSE,,,
4132-kalro,,FALSE,,,
3902-foigh,,FALSE,,,
6772-ksatr,,FALSE,,,
7112-opotk,,FALSE,,,
2874-yxvva,"i have been a customer with this company for over 2 and a half years and have been very satisfied with the service. the fiber optic internet is fast and reliable, and the monthly charges are reasonable for the quality of service provided. i appreciate the convenien",TRUE,positive,0.9765085577964783,2
1245-harps,"i have been a loyal customer of this company for 14 months now and i have no intention of churning. i appreciate the affordable monthly charges of $20.4 and the flexibility of the two-year contract. however, i do wish that internet service was available as an option. i also prefer to pay my bills by mailing a check, so i appreciate that this payment method is accepted. overall, i have been satisfied with my experience as a customer so far.",TRUE,positive,0.8240859508514404,2
4210-qfjmf,,FALSE,,,
4323-elyyb,,FALSE,,,
4293-etkap,,FALSE,,,
6064-pupmc,,FALSE,,,
6504-vblfl,,FALSE,,,
6322-pjjdj,,FALSE,,,
0330-bgyze,"i have been a customer with this company for 5 years now and have been very satisfied with their service. the fiber optic internet is fast and reliable, and i have never experienced any downtime. the automatic bank transfer for payment is convenient and hassle-free. i appreciate",TRUE,positive,0.9751436710357666,2
1085-ldwam,"i have been a customer with this company for almost 6 years now and i have never had any issues with them. the automatic credit card payment makes it easy for me to pay my bill on time every month. even though i don't have internet service with them, the $20.35 monthly charge for the other services i receive is very reasonable. i have no plans to leave this company anytime soon.",TRUE,positive,0.8896632194519043,2
7586-zatgz,,FALSE,,,
7197-vojmm,,FALSE,,,
3318-osats,,FALSE,,,
5828-avipd,,FALSE,,,
1843-tlsgd,,FALSE,,,
9626-vfrgg,,FALSE,,,
7075-bndvq,i have been a customer with this internet service provider for 4 months now and have been very satisfied with the service. the dsl internet has been reliable and,TRUE,positive,0.9724903106689453,2
9143-canjf,,FALSE,,,
7284-buyec,"i have been a customer with this company for 5 months now and i am pleased to say that i have not experienced any issues that would make me want to cancel my service. the monthly charges are reasonable at $50.95 and the automatic credit card payment method makes it convenient for me to pay my bills on time. the dsl internet service has been reliable and i have not experienced any significant downtime. overall, i am satisfied with the service and would recommend it to others.",TRUE,positive,0.8915836215019226,2
2041-jijci,,FALSE,,,
1086-lxkfy,"i recently signed up for fiber optic internet service with this provider on a month-to-month contract. unfortunately, after just one month of service, i decided to churn and cancel my subscription. the monthly charges of $69.10 were reasonable, but i found that the internet service did not meet my expectations. additionally, the payment method of mailing a check was inconvenient for me. overall, i was not satisfied with the service and decided to switch to a different provider.",TRUE,negative,0.9075049161911011,0
4900-msomt,,FALSE,,,
2229-vwqjh,,FALSE,,,
9194-gfvoi,,FALSE,,,
1336-ezfzy,,FALSE,,,
4282-msacw,,FALSE,,,
1403-lklik,i have been a customer with this company for over 2 and a half years and have been satisfied with the service. i appreciate the affordable monthly charges and the convenience of being able to pay via mailed check. while i do not have internet service with this co,TRUE,positive,0.9253118634223938,2
2636-alxxz,"i recently switched to this fiber optic internet service provider and unfortunately had to cancel after only one month. the monthly charges were reasonable at $69.6, but i experienced frequent outages and slow speeds during my short time with the service. additionally, i was disappointed with the lack of flexibility in the contract, as i was locked into a month-to-month agreement. i also had issues with the electronic check payment method, which seemed to be unreliable at times. overall, i was not satisfied with my experience and decided to switch to a different provider.",TRUE,negative,0.9004340767860413,0
7774-ojsxi,,FALSE,,,
7786-wbjyi,"i recently cancelled my service with this provider after being with them for 4 months on a month-to-month contract. the monthly charges of $77.95 were reasonable for fiber optic internet service. however, i found the automatic bank transfer payment method to be inconvenient and would have preferred more flexibility in payment options. overall, i was satisfied with the internet service itself but decided to switch providers for personal reasons.",TRUE,negative,0.740341067,0
0136-ifmyd,,FALSE,,,
5144-tvglp,,FALSE,,,
9643-avvwi,"i have been a customer with this company for 3 months now and i must say i am very satisfied with the service i am receiving. the fiber optic internet service is fast and reliable, and i have not experienced any issues with connectivity. the $80 monthly charges are reasonable for the quality of service i am getting. i also appreciate the convenience of being able to pay with electronic check. overall, i have no complaints and would highly recommend this company to others.",TRUE,positive,0.9731774926185608,2
0253-zteob,i have been a customer with this company for 48 months now and i have been very satisfied with the service. the monthly charges are reasona,TRUE,positive,0.955832839,2
2706-qzihy,,FALSE,,,
6061-pqhmk,,FALSE,,,
9885-csmwe,"i recently signed up for the fiber optic internet service with a month-to-month contract. unfortunately, after just one month, i decided to cancel due to some unforeseen circumstances. i found the monthly charges of $78.45 to be reasonable for the speed and reliability of the service. the payment method of electronic check was convenient and easy to use. overall, i was satisfied with the service during my short tenure and would consider re-signing up in the future.",TRUE,negative,0.46520859003067017,0
6137-mfajn,,FALSE,,,
9122-umrob,,FALSE,,,
4232-jgkiy,,FALSE,,,
2402-tairz,,FALSE,,,
9659-ztwsm,,FALSE,,,
9139-twbas,i have been a customer with this dsl provider for 26 months now and i must say i am very satisfied with their service. the monthly charges of $47.85 are reasonable and the fact that i can set up automatic bank transfers for payment ma,TRUE,positive,0.9703407883644104,2
6685-gbwjz,,FALSE,,,
5016-ettff,,FALSE,,,
3866-mdtub,,FALSE,,,
2195-vvrjf,,FALSE,,,
3913-rdsjz,,FALSE,,,
8058-jmeqo,"i recently decided to switch internet providers after being with this company for 9 months on a month-to-month contract. the monthly charges of $84.45 were reasonable for the fiber optic service i was receiving. however, i ul",TRUE,neutral,0.6435925364494324,1
4203-qgnza,,FALSE,,,
5043-trzwm,i have been a customer with this company for 1 month now and i am extremely satisfied with the fiber optic internet service they provide. the speed and reliability have been excellent so far. the monthly charge of $75.55 is reasonable for the quality of service i am receiving. the option to pay through electron,TRUE,positive,0.978845477,2
0697-zmsws,,FALSE,,,
7657-dyepj,,FALSE,,,
9494-bdnnc,,FALSE,,,
1640-plfmp,,FALSE,,,
5366-obvmr,i have been a customer with this company for 18 months now and i am happy to say that i have no intentions of leaving anytime soon. the month-to-month contract gives me the flexibility i need and the $50.3 monthly charges for dsl internet service are very,TRUE,positive,0.942173958,2
8276-mqbyc,,FALSE,,,
7593-xfkdi,"i recently signed up for dsl internet service with this provider on a month-to-month contract. unfortunately, after just one month of service, i decided to cancel due to slow speeds and unreliable connection. the monthly charges were r",TRUE,negative,0.9089773893356323,0
4573-jknae,,FALSE,,,
0337-cnpze,,FALSE,,,
9817-aplhw,,FALSE,,,
8380-mqinp,,FALSE,,,
0840-dfezh,,FALSE,,,
1513-xnpph,,FALSE,,,
8690-zvlcl,,FALSE,,,
6015-vvhhe,"i recently switched to this fiber optic internet service provider about 5 months ago on a month-to-month contract. the monthly charges of $83.15 seemed reasonable for the service i was receiving. however, i ultimately decided to cancel and churn because i found a better deal with another provider. the automatic credit card payment method was convenient and i didn't have any issues with billing. overall, my experience with this provider was satisfactory but i ultimately decided to switch due to a better offer elsewhere.",TRUE,neutral,0.6056593060493469,1
1125-snvck,,FALSE,,,
0384-lpite,,FALSE,,,
4616-ewbnj,,FALSE,,,
6347-dcuik,"i recently cancelled my service with this company after being a customer for 10 months. the monthly charges of $74.15 for fiber optic internet were reasonable, but i found the payment method of mailing a check to be inconvenient and outdated. i would have preferred m",TRUE,negative,0.9198216795921326,0
1335-hqmkx,"i have been a loyal customer of this internet service provider for the past 6 years and have been very satisfied with their service. the fiber optic internet is fast and reliable, and i have never experienced any downtime. the monthly charges are reasonable at $101.35, and i appreciate the convenience of paying with electronic check. overall, i have had a positive experience with this provider and would highly recommend them to others.",TRUE,positive,0.9717710018157959,2
2545-ebupk,"i have been using the fiber optic internet service for 2 months now and i am extremely satisfied with the speed and reliability. the monthly charges of $84.05 are reasonable for the quality of service i am receiving. i appreciate the convenience of paying via electronic check. overall, i have had a positive experience with this provider and have no plans to churn in the near future.",TRUE,positive,0.9669923186302185,2
6923-aqonu,,FALSE,,,
2172-ejxvf,,FALSE,,,
0897-fegmu,,FALSE,,,
7663-rgwbc,,FALSE,,,
1120-bmwub,,FALSE,,,
9124-lhcjq,,FALSE,,,
4536-pleqy,,FALSE,,,
7029-ijejk,,FALSE,,,
8871-jlmhm,,FALSE,,,
2235-zgkpt,,FALSE,,,
3891-puqod,"""i recently switched to this internet service provider and unfortunately i had to churn after only 1 month. the dsl internet service was unreliable and slow, making it dif",TRUE,negative,0.9372959136962891,0
5447-vytkw,,FALSE,,,
3623-fqbox,,FALSE,,,
0689-nkylf,,FALSE,,,
8659-hdiye,,FALSE,,,
3658-kibgf,,FALSE,,,
3474-bafsj,,FALSE,,,
5519-yldgw,,FALSE,,,
3865-zfzib,"i have been a customer with this company for almost two years now and i have been very satisfied with their service. even though i do not have internet service with them, i appreciate the affordable monthly charges and the convenience of being able to pay by mailing a check. i have had no issues with billing or customer service and i plan on continuing my contract with them. overall, i would highly recommend this company to others.",TRUE,positive,0.9644529223442078,2
1855-agawh,,FALSE,,,
7109-cqyuz,,FALSE,,,
1370-ggawx,,FALSE,,,
4680-kutaj,,FALSE,,,
5307-uvgnb,"i have been a customer with this dsl internet provider for over four years now and i have no plans to churn anytime soon. the monthly charges are very reasonable at $48.7 and i appreciate the convenience of automatic bank transfers for payment. the service has been reliable and consistent throughout my tenure, making it worth the investment. i would definitely recommend this provider to others looking for a cost-effective and dependable internet service.",TRUE,positive,0.9513953924179077,2
4946-edsew,,FALSE,,,
2883-ilgwo,,FALSE,,,
2516-vqrrv,"i recently switched to this fiber optic internet service provider two months ago on a month-to-month contract. the monthly charges are reasonable at $75.45. however, i decided to churn and cancel my service due to the inconvenience of having to mail a check for payment. i would have preferred more modern payment options such as online billing or automatic payments. overall, the internet service itself was reliable and fast, but the payment process was cumbersome for me.",TRUE,negative,0.542078972,0
7580-ugxnc,,FALSE,,,
3642-byhdo,,FALSE,,,
9629-nhxfw,,FALSE,,,
2696-rzvzw,"i have been a customer with this company for 68 months now and i am very satisfied with their service. i have been on a two-year contract with a monthly charge of $25.05, which i find to be very reasonable. i appreciate the convenience of automatic credit card payments and have never had any issues with billing. while i do not have internet service with this company, i have had no reason to consider switching providers. overall, i am happy with my experience as a customer and have no plans to churn in the near future.",TRUE,positive,0.9649860262870789,2
5766-ftrts,,FALSE,,,
0396-hujbp,,FALSE,,,
5178-lmxop,,FALSE,,,
8879-zkjof,,FALSE,,,
6285-ftqbf,,FALSE,,,
8185-upybr,,FALSE,,,
4585-hetai,,FALSE,,,
7526-bezqb,,FALSE,,,
1474-juwsm,"""i have been a loyal customer with this internet provider for 58 months now and i have been satisfied with the service. the monthly charges are reasonable at $68.4 and the dsl internet service has been reliable. i appreciate the convenience of paying through electronic check. overall, i have had a positive experience and have no complaints.""",TRUE,positive,0.9695539474487305,2
3530-crzsb,,FALSE,,,
8498-xxgwa,,FALSE,,,
9617-ingjy,,FALSE,,,
0621-tssmu,i have been a customer with this company for 56 months now and have been on a one-year contract with monthly charges of $19.95. i have been satisfied with the service provided and have not experienced any issues with billing or cus,TRUE,positive,0.8465660810470581,2
7234-kmnrq,,FALSE,,,
7636-pepns,,FALSE,,,
4683-wydou,"i have been a loyal customer of this company for over five years now and i must say that i am extremely satisfied with the service they provide. the fiber optic internet service has been consistently reliable and fast, allowing me to work from home without any issues. the automatic bank transfer for monthly payments is convenient and hassle-free. even though the monthly charges may seem a b",TRUE,positive,0.977747917,2
9052-dhnkm,i have been a customer with this company for 26 months now and i am very satisfied with the service. the monthly charges are reasonable at $61.55 and i appreciate the convenience of paying with elec,TRUE,positive,0.9764887690544128,2
6794-hkiaj,"i have been a loyal customer for over five years now and i am extremely satisfied with the fiber optic internet service i receive. the automatic bank transfer payment method makes it convenient for me to pay my monthly bill on time without any hassle. the monthly charges are reasonable for the quality of service i am receiving. i have had no issues with my internet connection and have never considered switching providers. overall, i am very happy with my experience and would highly recommend this company to others.",TRUE,positive,0.9656845331192017,2
5578-nkcxi,,FALSE,,,
1642-hmarx,,FALSE,,,
3096-wpxbt,,FALSE,,,
8434-pnqzx,,FALSE,,,
5950-aaagj,i have been a loyal customer of this fiber optic internet service provider for the past 18 months and i have been very satisfied with the service. the automatic bank transfer payment method is convenient and hassle-free. the monthly charges of $84.3 are reasonable considering the quality of the internet service. i appreciate the flexibility of the month-to-,TRUE,positive,0.9721066951751709,2
4299-opxej,,FALSE,,,
4951-ukaaq,,FALSE,,,
9618-lfjru,,FALSE,,,
6693-djwty,"i have been a customer with this dsl internet service provider for 35 months now and i have had a positive experience overall. the monthly charges of $55.6 are reasonable for the service provided. i appreciate the convenience of automatic credit card payments, which makes it easy to keep up with my bills. i have not experienced any issues with the service or billing, so i have not felt the need to churn to a different provider. overall, i am satisfied with my experience and would recommend this provider to others.",TRUE,positive,0.9502495527267456,2
0744-gknge,,FALSE,,,
6447-egdiv,,FALSE,,,
1167-oyzjf,,FALSE,,,
2108-ykqty,,FALSE,,,
4806-dxqce,,FALSE,,,
4918-qlliw,,FALSE,,,
7056-imhcc,,FALSE,,,
4854-ssltn,,FALSE,,,
5294-dmsfh,,FALSE,,,
4837-pztic,,FALSE,,,
1625-jaiiy,,FALSE,,,
0603-olqdc,"i have been a customer with this dsl internet service provider for 12 months now and overall, i have been satisfied with the service. the monthly charges of $69.85 are reasonable for the speed and reliability of the internet connection",TRUE,positive,0.9502071142196655,2
3272-vuhpv,,FALSE,,,
4176-fxybo,,FALSE,,,
1063-dhqjf,,FALSE,,,
8663-updgf,,FALSE,,,
6719-fgedo,,FALSE,,,
1837-yquce,,FALSE,,,
2947-domlj,"i recently signed up for dsl internet service with this company on a month-to-month contract. after only one month of service, i decided to cancel due to slow speeds an",TRUE,negative,0.8716269135475159,0
4112-lueiz,,FALSE,,,
0369-zgovk,,FALSE,,,
4510-himlv,,FALSE,,,
9919-knpoo,,FALSE,,,
8749-jmnkx,,FALSE,,,
7872-baazr,,FALSE,,,
9391-lmann,,FALSE,,,
2430-usgxp,,FALSE,,,
8174-tbvcf,,FALSE,,,
1698-xfzci,,FALSE,,,
1877-hkbqx,,FALSE,,,
4450-dllmh,,FALSE,,,
0428-axxlj,,FALSE,,,
2746-dijlo,,FALSE,,,
5955-erihd,,FALSE,,,
0917-ezola,,FALSE,,,
3508-vlhcz,,FALSE,,,
4086-atnfv,,FALSE,,,
0468-yrpxn,,FALSE,,,
5996-nrvxr,,FALSE,,,
3739-ybwab,,FALSE,,,
7047-fweya,,FALSE,,,
2000-mpkca,,FALSE,,,
9762-yaqaa,,FALSE,,,
5949-ebsqk,,FALSE,,,
5473-khbps,,FALSE,,,
0100-duvfc,i have been a customer of this company for 70 months now and i am very satisfied with the service they provide. the fiber optic internet service has been reliable and fa,TRUE,positive,0.9769565463066101,2
5397-tupsh,"i have been a loyal customer of this internet service provider for over 5 years now and i have been extremely satisfied with the quality of service. the fiber optic internet has been reliable and fast, allowing me to stream movies, work from home, and stay connected with friends and family without any interruptions. 

the automatic bank transfer payment method has",TRUE,positive,0.9765161871910095,2
8950-mtznv,,FALSE,,,
0326-vdyxe,,FALSE,,,
6773-lqtvt,"i have been a customer with this company for almost 2 and a half years now and i have been satisfied with the service overall. the dsl internet service has been reliable and the monthly charges of $35.65 are reasonable. i prefer to pay by mailing a check and have not had any issues with the billing process. overall, i have had a positive experience and have no complaints.",TRUE,positive,0.9518446922302246,2
7274-rtapz,,FALSE,,,
0436-twffz,,FALSE,,,
8566-yprgl,"i have been a customer with this company for just one month and so far, i am satisfied with the service. the monthly charges are reasonable at $19.5 and the month-to-month contract gives me flexibility. however, i do not have internet service with this company so i cannot comment on that aspect. i appreciate being able to",TRUE,positive,0.9141989350318909,2
0311-unpff,"i recently canceled my fiber optic internet service after being a customer for 26 months. the $88.8 monthly charges were reasonable for the quality of service i received. i appreciated the convenience of automatic bank transfers for payments. however, i ultimately decided to switch providers due to better deals being offered elsewhere. overall, i was satisfied with the service during my time as a customer.",TRUE,neutral,0.5085356831550598,1
6609-mxjhj,,FALSE,,,
2669-oidsd,,FALSE,,,
8400-wzicq,"""i have been a customer with this internet provider for 55 months now and i am very satisfied with their service. the monthly charges are reasonable at $55.7 and the electronic check payment method is convenient for me. the dsl internet service has been reliable and i have experienced no issues with connectivity. overall, i am happy with my experience and have no plans to churn.""",TRUE,positive,0.9697848558425903,2
3834-xuifc,,FALSE,,,
9576-syuhj,,FALSE,,,
0410-ipfty,,FALSE,,,
2831-ebwrn,,FALSE,,,
9430-nkqly,,FALSE,,,
8414-myshr,,FALSE,,,
0247-sluji,i have been a customer with this company for a month now and i am happy to report that i have not experienced any issues with my service. the monthl,TRUE,positive,0.9331200122833252,2
9402-orrah,,FALSE,,,
6483-oatdn,"i have been a customer with this company for 8 months now and i am very satisfied with the service. the month-to-month contract works well for me as i have the flexibility to cancel at any time if needed. the monthly charges are reasonable at $51.3 and the automatic credit card payment method is convenient. the dsl internet service has been reliable and i have not experienced any issues with connectivity. overall, i am happy with the service and would recommend it to others.",TRUE,positive,0.959704578,2
1293-hhshj,,FALSE,,,
4840-orqxb,,FALSE,,,
7599-fkvxz,,FALSE,,,
3982-dqlus,,FALSE,,,
8610-zikjj,,FALSE,,,
3756-vnwdh,,FALSE,,,
7801-kicao,"""i have been a customer with this company for 18 months now and have been very satisfied with the service. the fiber optic internet is fast and reliable, and the monthly charges of $74.15 are reasonable for the quality of service i receive. i appreciate being able to pay with electronic check, as it is convenient and easy. overall, i have had no reason to consider churning and plan to continue using this service in the future.""",TRUE,positive,0.958640456,2
7673-lprny,,FALSE,,,
8229-tniqa,,FALSE,,,
6060-qbmgv,,FALSE,,,
7339-pogzn,,FALSE,,,
2828-slqpf,"i have been a customer with this internet provider for 19 months now and i have been satisfied with the service. the monthly charges of $45.0 for dsl internet are reasonable and the bank transfer payment method makes it convenient for me to pay my bill automatically each month. i have had no issues with the service or billing, and i appreciate the flexibility of the month-to-month contract. overall, i would recommend this provider to others looking for reliable and affordable internet service.",TRUE,positive,0.9433972239494324,2
4465-vdkiq,,FALSE,,,
2921-xwdjh,,FALSE,,,
6221-avqyl,,FALSE,,,
2558-buozz,,FALSE,,,
9257-azmtz,"i have been a customer with this company for over four years now and i have never had any issues with their service. the automatic bank transfer payment method makes it convenient for me to pay my bill each month. even though i don't have internet service with them, the $20.1 monthly charge for other services is reasonable. overall, i am satisfied with my experience as a customer and have no plans to churn in the near future.",TRUE,positive,0.8770481944084167,2
0003-mknfe,,FALSE,,,
0975-uydtx,,FALSE,,,
7743-exurx,,FALSE,,,
4682-blbuc,"i have been a customer with this company for 44 months now and i have had a positive experience overall. the dsl internet service has been reliable and the monthly charges of $70.95 are reasonable for the service provided. i appreciate the convenience of paying with electronic check. i have not experienced any issues with the service or billing, so i have not had any reason to consider switching providers. overall, i am satisfied with my experience as a customer.",TRUE,positive,0.964318573,2
0975-voovl,,FALSE,,,
5968-vxzlg,i have been a customer with this dsl internet service provider for 2 months now and overall i am satisfied with the service. the automatic bank transfer payment method makes it convenient for me to pay my monthly charges of $46.6 without any hassle. the internet connection is reliable and i have not experienced any issues with speed or connectivity so far. i appreciate the month-to-m,TRUE,positive,0.9606502056121826,2
5569-kgjhx,"i recently decided to switch internet providers after being with this company for 9 months. although the fiber optic internet service was fast and reliable, i found that the monthly charge of $85.35 was higher than what other providers were offering for similar services. additionally, i prefer to have more flexibility with my contract type, so the month-to-month agreement did",TRUE,neutral,0.5466785430908203,1
4988-iqigl,,FALSE,,,
5201-frkks,"i have been a customer with this fiber optic internet service provider for 25 months now and i am extremely satisfied with their service. the automatic bank transfer payment method is convenient and hassle-free. the monthly charges of $74.3 are reasonable considering the quality of the internet service i receive. i have had no issues with the internet connection and have not experienced any disruptions in service. overall, i am very happy with my experience and would highly recommend this provider to others.",TRUE,positive,0.9763337969779968,2
9799-cayjj,,FALSE,,,
7730-iutdz,"i have been a loyal customer for over 3 years with the fiber optic internet service provided by this company. however, i recently decided to cancel my service due to the increasing mon",TRUE,neutral,0.5448231101036072,1
0426-tirne,,FALSE,,,
5443-scmkx,,FALSE,,,
8295-kmene,"i have been a customer with this company for almost five years now and i have been very satisfied with the service. the dsl internet service has been reliable and the monthly charges of $76.45 are reasonable for the speed and quality of service i receive. i appreciate being able to pay by mailing a check, as it is convenient for me. overall, i have had a positive experience and have no complaints.",TRUE,positive,0.9694839119911194,2
6738-iscbm,,FALSE,,,
9821-besnz,i have been a customer with this company for over five years now and i have been extremely satisfied with the service. the fiber optic internet is fa,TRUE,positive,0.969207227,2
3678-mngzx,,FALSE,,,
1335-ntiuc,"i have been a customer with this dsl provider for 9 months now on a month-to-month contract with a monthly charge of $24.95. i have been satisfied with the service overall as i have not experienced any issues with connectivity or speed. the payment method of electronic check is convenient for me and i have not had any problems with billing. overall, i am happy with the service and have no plans to switch providers.",TRUE,positive,0.880307138,2
2916-bqzln,i have been a customer with this company for almost two years now and i have had a great experience with their fiber optic internet service. the monthly charges are reasonable at $84.75 and i appreciate the convenience of paying with ele,TRUE,positive,0.9791855216026306,2
4558-cgycz,,FALSE,,,
2368-gakkq,,FALSE,,,
8710-yglwg,,FALSE,,,
3199-xgzcy,"i have been a customer with this company for 8 months now and i am very satisfied with the service. the fiber optic internet is fast and reliable, and i have had no issues with connectivity. the monthly charges",TRUE,positive,0.9773001670837402,2
3785-ktysh,,FALSE,,,
6814-zpwfq,"i have been with this company for over four years now and i have never had any issues with them. the automatic bank transfer payment method is convenient and hassle-free. even though i do not have internet service with them, i have found their customer service to be helpful whenever i have had questions about my account. overall, i am satisfied with the service and will continue to be a loyal customer.",TRUE,positive,0.9314395785331726,2
4063-eiknq,"i have been a customer with this company for 11 months now and have been pleased with the service overall. the month-to-month contract option works well for me as i have the flexibility to cancel at any time if needed. the automatic bank transfer payment method is convenient and ensures that i never miss a payment. although i do not have internet service with this company, the monthly charges of $20.95 are reasonable for the services i do receive. overall, i am satisfied with my experience as a customer and would recommend this company to others.",TRUE,positive,0.9498347640037537,2
6993-ycobk,,FALSE,,,
5206-hpjkm,,FALSE,,,
7587-rznme,,FALSE,,,
0748-rdggm,,FALSE,,,
8393-jmvmb,,FALSE,,,
5019-gqvcr,,FALSE,,,
6036-ttfyu,,FALSE,,,
2550-aevru,,FALSE,,,
0969-rgkcu,"i have been a customer with this company for 37 months now and i have been satisfied with the service. the automatic payment method makes it convenient for me to pay my monthly bill of $19.8. even though i do not use the internet service, i have had no issues with the contract type or any other aspect of the service. overall, i am happy with my experience as a customer and have no plans to churn.",TRUE,positive,0.9370785355567932,2
0378-cjkpv,,FALSE,,,
4706-axvkm,,FALSE,,,
5889-jtmul,,FALSE,,,
9026-rnujs,,FALSE,,,
3746-eubyr,"overall, i was satisfied with the fiber optic internet service provided by this company. the speed and reliability were excellent during my one month of service. however, i decided to cancel due to personal reasons. the automatic bank transfer payment method was convenient and hassle-free. the monthly charges of $74.6 were reasonable for the quality of service provided. i would consider re-activating my service with this company in the future.",TRUE,positive,0.914644718,2
2332-efbjy,,FALSE,,,
2880-fpnae,,FALSE,,,
1703-mgiab,,FALSE,,,
4311-qttai,,FALSE,,,
9474-phlyd,,FALSE,,,
4318-rajvy,"i have been a customer with this company for 10 months now and i have been overall satisfied with the service provided. the monthly charges of $19.8 are reasonable for the contract type of one year. however, i do wish there was an option for internet service as well. the payment method of mailed check is convenient for me. overall, i have not experienced any issues with this company and i am happy with the service they have provided so far.",TRUE,positive,0.933681071,2
2165-voegb,"i have been a customer with this company for nearly four years now, but unfortunately, i have decided to cancel my services. the monthly charges of $105.2 for fiber optic internet were reasonable, and the convenience of automatic bank transfers for payment was a plus. however, after 46 months of being a customer, i feel like i am not getting the quality of service that i initially signed up for. i have experienced frequent outages and slow internet speeds, which have become frustrating. despite reaching out to customer service for assistance, the issues have not been resolved to my satisfaction. as a result, i have decided to switch to a different provider for a more reliable internet connection.",TRUE,negative,0.8527270555496216,0
3612-yungg,,FALSE,,,
2254-dlxri,,FALSE,,,
5062-cjjkh,,FALSE,,,
9028-lihrp,,FALSE,,,
2219-mvuso,"i recently canceled my dsl internet service after 8 months of being a customer. the monthly charges of $45.15 were reasonable, but i ultimately decided to switch to a different provider that offered f",TRUE,negative,0.7743843197822571,0
1053-mxttk,,FALSE,,,
1530-ztdoz,,FALSE,,,
1301-lopvr,,FALSE,,,
0853-twrvk,,FALSE,,,
8914-rbtsb,,FALSE,,,
6212-atmlk,"i have been a customer with this company for over 4 years now and i have been extremely satisfied with the service. the fiber optic internet is fast and reliable, and i have never experienced any downtime. the monthly charges are reasonable for the quality of service i receive. i appreciate the convenience of paying with electronic check. overall, i have no complaints and have no plans to switch providers. highly recommend this company to others.",TRUE,positive,0.972923219,2
8200-lgksr,"""i have been a loyal customer with this company for over 6 years now and i have been very satisfied with the dsl internet service they provide. the monthly charges are reasonable at $83.2 and i appreciate the convenience of being able to pay with electronic check. overall, i have had no issues with the service and would recommend it to others.""",TRUE,positive,0.9674082398414612,2
1568-bekzm,,FALSE,,,
0670-anmuu,,FALSE,,,
6897-rwmub,,FALSE,,,
0963-zbdrn,,FALSE,,,
7594-rqhxr,,FALSE,,,
6999-chvcf,,FALSE,,,
6134-kwtbv,,FALSE,,,
1077-huujm,,FALSE,,,
6331-ewieb,,FALSE,,,
0895-lnkrc,,FALSE,,,
2045-bmbtj,,FALSE,,,
8417-gsoda,,FALSE,,,
5171-eplkn,i have been a customer with this service provider for 27 months now and have been satisfied with their services. the monthly charg,TRUE,positive,0.9105848073959351,2
4452-qiieb,i have been a customer with this dsl internet service provider for 7 months now on a month-to-month contract. i have not experienced any issues with the service so far and have not had any reasons to consider churning. the mon,TRUE,positive,0.49850791692733765,2
5998-vvejy,,FALSE,,,
1624-naloj,"i recently cancelled my service with this company after being a customer for 5 months. i was on a month-to-month contract with monthly charges of $89.8 for fiber optic internet service. i found the service to be reliable and fast, but ultimately decided to switch providers for a better deal. the electronic check payment method was convenient and hassle-free. overall, i had a positive experience with the company but decided to move on for cost reasons.",TRUE,negative,0.4910580515861511,0
6741-egcbi,,FALSE,,,
7820-zygny,,FALSE,,,
4317-vteoa,,FALSE,,,
9677-avked,,FALSE,,,
1670-svowz,,FALSE,,,
2227-jrsjx,,FALSE,,,
9847-hnvgp,,FALSE,,,
6696-ydayz,,FALSE,,,
8980-wqfwl,,FALSE,,,
1730-zmame,,FALSE,,,
6506-eycnh,,FALSE,,,
4634-jlrjt,"i have been a customer with this company for just over a month now and i am quite satisfied with the service so far. the monthly charges are reasonable at $20.35 and the payment method of mailing a check is convenient for me. however, i do w",TRUE,positive,0.9464553594589233,2
9501-ukknl,,FALSE,,,
2560-qtsbs,,FALSE,,,
7541-ylxcl,,FALSE,,,
4795-wrnvt,"i have been a customer with this dsl internet service provider for 40 months now and i am very satisfied with the service. the monthly charges of $65.1 are reasonable for the reliable internet connection i receive. despite being on a month-to-month contract and paying by mailed check, i have experienced no issues with billing or service interruptions. i have no plans to switch providers as i am happy with the service i am receiving.",TRUE,positive,0.9602900743484497,2
6080-tcmyc,"i have been a customer with this internet service provider for 40 months now and i am extremely satisfied with the service. the fiber optic internet is fast and reliable, making it easy for me to work from home and stream videos without any interruptions. the monthly charges of $81.2 are reasonable for the quality of service i receive. i appreciate the convenience of paying through electronic check and have never had any issues with billing. overall, i would highly recommend this internet service provider to others.",TRUE,positive,0.9780096411705017,2
0260-zdlgk,,FALSE,,,
7860-uxcrm,,FALSE,,,
6357-jjpqt,,FALSE,,,
2292-xqwsv,i have been a customer with this internet service provider for 40 months now and have been satisfied with the service overall. the dsl connection has been reliable and the monthly ch,TRUE,positive,0.9624843001365662,2
9552-tguzv,,FALSE,,,
5913-inrqv,,FALSE,,,
8722-ngnbh,,FALSE,,,
6210-kbbpi,,FALSE,,,
9643-yblur,,FALSE,,,
8734-fnwvh,,FALSE,,,
9447-yptbx,i have been a customer with this company for 50 months now and i have been extremely satisfied with their service. the monthly charges of $19.85 are very reasonable and i appreciate the convenience of automatic bank,TRUE,positive,0.981135905,2
0133-bmfzo,"i recently switched to this fiber optic internet service provider and unfortunately, i had to churn after only 2 months. the monthly charges of $86.25 were quite high for the",TRUE,negative,0.8833100199699402,0
6128-czomy,,FALSE,,,
9540-jyroe,,FALSE,,,
9026-lhevg,i have been a customer with this company for 9 months now and i am very satisfied with the service. the monthly charges are reasonable,TRUE,positive,0.9706273674964905,2
2260-ustrb,,FALSE,,,
3656-tkrvz,"i recently switched to this internet service provider three months ago on a month-to-month contract. the monthly charges of $55.35 were reasonable for the dsl internet service i signed up for. however, i ultimately decided to churn and cancel my service due to inconsistent speeds and frequent outages. additionally, i found the payment method of electronic check to be inconvenient compared to other options available. i hope the company can improve their service reliability and offer more flexible payment methods in the future.",TRUE,negative,0.6472183465957642,0
7011-cveuc,"i have been a customer with this company for 25 months now and i have been very satisfied with the service. the fiber optic internet has been reliable and fast, and i appreciate the convenience of the automatic",TRUE,positive,0.9818898439407349,2
6185-tasnn,,FALSE,,,
7925-pnrgi,,FALSE,,,
8623-tmrby,,FALSE,,,
1552-czcll,,FALSE,,,
3038-pqiuy,"i have been a customer with this internet provider for 38 months now and i have been satisfied with the service. the monthly charges of $66.15 are reasonable for the dsl internet service i receive. i appreciate the convenience of the automatic bank transfer payment method. overall, i am happy with my experience and have no plans to switch providers.",TRUE,positive,0.9560766816139221,2
1501-sghbw,"i recently canceled my dsl internet service after just two months with the company. the monthly charges of $45.85 were reasonable, but i found the internet speed to be slower than advertised. additionally, having to pay by mailing a check was inconvenient and i would have preferred more modern payment options. overall, i was not satisfied with the service and decided to switch to a different provider.",TRUE,negative,0.9247520565986633,0
9313-cdogy,,FALSE,,,
8148-bplzq,,FALSE,,,
2623-dryam,,FALSE,,,
9987-lutyd,,FALSE,,,
3208-ypioe,,FALSE,,,
4488-kqfdt,,FALSE,,,
2612-ranwt,,FALSE,,,
5693-pipcs,,FALSE,,,
0491-kapqg,,FALSE,,,
1925-lfczz,,FALSE,,,
8039-eqpim,,FALSE,,,
6900-pxrms,,FALSE,,,
8707-rmezh,i have been a loyal customer of this fiber optic internet service provider for almost six years now. i have never experienced any issues with my service and have always been satisfied with the speed,TRUE,positive,0.9495476484298706,2
3346-brmis,,FALSE,,,
3209-zpkfi,,FALSE,,,
6479-vdgrk,,FALSE,,,
9373-wsloy,,FALSE,,,
2933-filnv,"i recently cancelled my dsl internet service after only 2 months with the company. the monthly charges of $24.4 were reasonable, but i found the internet speed to be inconsistent and often slow. additionally, having to mail a check for payment was inconvenient and outdated compared to other companies that offer more modern payment options. overall, i was not satisfied with the service and decided to switch to a different provider.",TRUE,negative,0.9134605526924133,0
3569-jfodw,"i have been a customer with this internet service provider for six years now and i have been satisfied with the service overall. the monthly charges of $90.95 for dsl internet are reasonable and the automatic credit card payment method makes it convenient for me to pay my bill on time. i have not experienced any issues with the service, so i have not felt the need to switch providers. i would recommend this provider to others looking for reliable internet service.",TRUE,positive,0.9394581913948059,2
9819-fbnsv,"i have been a customer with this company for 37 months now and i am extremely satisfied with the service they provide. the fiber optic internet service is fast and reliable, and the monthly charges of $72.25 are very reasonable for the quality of s",TRUE,positive,0.9826294183731079,2
9544-pypsj,i have been a customer with this company for over 5 years and have been very satisfied with their fiber optic internet service. the automatic credit card payment makes it convenient for me to pay my monthly bill without any hassle. the monthly charges of $96.1 a,TRUE,positive,0.9592645168304443,2
1591-xwlgb,,FALSE,,,
0396-ukgai,,FALSE,,,
3243-zhohy,"i have been a customer with this company for 16 months now and have been satisfied with the service overall. the monthly charges of $20.1 are reasonable for the contract type of one year. however, i do not have internet service with this company, so i cannot comment on that aspect. i prefer to pay by mailed check, which has been convenient for me. overall, i have had no issues with the service and would recommend it to others.",TRUE,positive,0.8409000039100647,2
5186-ejegl,"i have been a customer with this dsl internet service provider for 9 months now and i am very satisfied with the service. the monthly charges of $69.5 are reasonable and the internet connection has been reliable. i appreciate the flexibility of the month-to-month contract as it allows me to make changes if needed without being tied down to a long-term commitment. the payment method of mailing a check is convenient for me and i have had no issues with billing or payment processing. overall, i have had a positive experience with this provider and would recommend them to others.",TRUE,positive,0.9684234857559204,2
7527-qnrus,,FALSE,,,
9986-bonce,"i recently cancelled my service with this company after 4 months of being a customer. the month-to-month contract and affordable monthly charges were appealing at first, but i ultimately decided to switch providers because they did not offer internet service, which was a necessity for me. the automatic bank transfer payment method was convenient, but unfortunately, the lack of internet service outweighed this convenience for me. i would recommend this company to those who do not require internet service, but for others, i would suggest looking elsewhere.",TRUE,negative,0.8279239535331726,0
2722-jmoni,"i recently switched to this internet service provider and unfortunately, i experienced frequent disruptions in my service. the speed was inconsistent and i often had trouble connecting to websites. despite only being with them for a month, i decided to cancel my subscription due to the poor quality of the dsl internet. the month",TRUE,negative,0.9294707179069519,0
2203-ghnwn,,FALSE,,,
3878-avsoq,,FALSE,,,
3258-sysws,"i have been a customer with this company for 6 years now and have been very satisfied with the service. the fiber optic internet is fast and reliable, and i have had no issues with connectivity. the automatic bank transfer payment method is convenient and hassle-free. the monthly ch",TRUE,positive,0.971780002,2
5296-psyvw,i have been a loyal customer with this company for 6 years now and i have been very satisfied with the service. the monthly charges are very affordable at $24.55 and i appreciate the convenience of being able to pay with electronic c,TRUE,positive,0.9768261909484863,2
6319-qsusr,,FALSE,,,
4083-eugrj,,FALSE,,,
7579-oopec,,FALSE,,,
0512-flfdw,,FALSE,,,
1771-oadnz,,FALSE,,,
0487-crlzf,,FALSE,,,
2107-fbptk,,FALSE,,,
9451-wlyri,,FALSE,,,
8219-vybvi,,FALSE,,,
1991-vopll,"i have been a customer with this company for 9 months now on a month-to-month contract. i do not have internet service with them but i have been consistently making my payments of $19.05 each month through mailed checks. i have had no issues with their service and am satisfied with the overall experience. i appreciate the convenience of the month-to-month contract and the affordable monthly charges. overall, i am happy with my experience as a customer and have no plans to churn in the near future.",TRUE,positive,0.777391255,2
9738-qlwtp,,FALSE,,,
1016-djtsv,i have been a customer with this fiber optic internet service provider for 8 months now on a month-to-month contract. i have been consistently pleased with the service and reliability of my internet connection. the monthly charges of $69.7 are reasonable for the quality of service i am receiving. i appreciate the option to,TRUE,positive,0.9606912732124329,2
9419-ippbe,,FALSE,,,
0174-qrvvy,,FALSE,,,
5699-bncas,,FALSE,,,
2900-phpln,"i have been a customer with this company for over 5 years now, and i have been very satisfied with the service. the automatic credit card payment method makes it convenient for me to pay my bills on time without any hassle. even though i do not have internet service with this company, the monthly char",TRUE,positive,0.9611643552780151,2
0612-rtzza,"i recently signed up for dsl internet service with this provider on a month-to-month contract. unfortunately, after only 1 month, i decided to cancel due to slow speeds and unreliable connection. the monthly charges were reasonable at $25.25, but the service did not meet my expectations. i was also disappointed with the payment method of electronic check, as i prefer more secure options. overall, i would not recommend this provider for dsl internet service.",TRUE,negative,0.918860137,0
8106-gwqok,,FALSE,,,
8751-edeka,,FALSE,,,
6878-ggdwg,,FALSE,,,
4039-pimhx,,FALSE,,,
8450-luguk,,FALSE,,,
3604-wlabm,"i have been a customer with this dsl provider for 10 months now on a month-to-month contract. i have not experienced any issues with the service and have found the monthly charges of $54.25 to be reasonable. i appreciate the convenience of paying with electronic check. overall, i am satisfied with my experience and have no plans to churn.",TRUE,positive,0.8645203709602356,2
0795-gmvqo,,FALSE,,,
2259-ouusz,,FALSE,,,
1142-ihloo,,FALSE,,,
6410-lefen,,FALSE,,,
4633-mkhyu,"i have been a customer with this company for 9 months now and have been really satisfied with the fiber optic internet service. the speed and reliability have been great, and i have had no issues with my connection. the monthly charges are reasonable at $88.4, and i appreciate the flexibility of the month-to-month contract. the only downside for me is the payment method of mailing a check, as it can be a bit inconvenient. overall, i am happy with the service and would recommend it to others.",TRUE,positive,0.965398371,2
6257-rjohi,,FALSE,,,
1545-jfuml,,FALSE,,,
3194-orpik,,FALSE,,,
7826-vvkwt,,FALSE,,,
1353-ghzos,,FALSE,,,
2587-ekxts,"i have been a customer with this company for 44 months now and i am very satisfied with the service they provide. the fiber optic internet service is fast and reliable, and the monthly charges of $111.5 are reasonable for the quality of service i receive. i apprec",TRUE,positive,0.9801733493804932,2
5442-bxvnd,,FALSE,,,
8816-vxnzd,,FALSE,,,
9378-fxtiz,,FALSE,,,
1723-hkxjq,,FALSE,,,
7825-gkxmw,,FALSE,,,
9753-oylbx,,FALSE,,,
2364-ufrom,,FALSE,,,
6656-jwrqx,,FALSE,,,
6473-uluht,,FALSE,,,
1240-knsez,,FALSE,,,
0836-seylu,"i recently canceled my dsl internet service with this provider after being a customer for 9 months on a month-to-month contract. the monthly charges of $40.65 were reasonable, but i found the internet speed to be unreliable and slower than what i needed for my daily activities. additionally, the payment method of mailing a check was inconvenient for me as i prefer more modern and efficient payment options. overall, i was not satisfied with the service and decided to switch to a different provider.",TRUE,negative,0.9022197127342224,0
4433-jcgcg,,FALSE,,,
3716-bdvdb,"i recently switched to this fiber optic internet service provider on a month-to-month contract. the monthly charges were reasonable at $69.1. however, after just one month of service, i",TRUE,neutral,0.7276162505149841,1
7688-awmdx,,FALSE,,,
2842-bcqge,i have been a customer with this company for 43 months and have been very satisfied with the fiber optic internet service. the automatic credit card payment method is convenient,TRUE,positive,0.9712796211242676,2
7244-qwyhg,,FALSE,,,
5899-mqzzl,"i recently decided to switch internet providers after being with this company for 13 months on a month-to-month contract. while the fiber optic internet service was fast and reliable, the monthly charges of $75.0 were a bit on the higher side compared to other providers in the area. additionally, having to pay by mailed check was a bit inconvenient for me. overall, i made the decision to churn because i found a better deal with another provider that offered similar services at a lower cost and more convenient payment options.",TRUE,negative,0.5670564770698547,0
6849-oyamu,,FALSE,,,
5312-uxesg,,FALSE,,,
9488-hgmjh,"i recently signed up for fiber optic internet service with this company on a month-to-month contract. unfortunately, after only one month, i decided to cancel due to some unexpected financial constraints. although the service itself was reliable and fast, i found the monthly charges of $71.15 to be on the higher side. i appreciated the convenience of paying through electronic check, but ultimately decided to switch to a more affordable option. overall, i had a positive experience with the service itself, but the pricing was not sustainable for me in the long term.",TRUE,negative,0.7739474177360535,0
6038-gcyec,,FALSE,,,
2150-wlkuw,i have been a loyal customer with this dsl internet service provider for 40 months now and i am pleased to say that i have never experienced any issues with churn. the one-year contract has been convenient for me and the monthly charges of $6,TRUE,positive,0.9559810161590576,2
7159-fvypk,"i have been a customer with this dsl internet service provider for 3 months now and i am quite satisfied with the service. the monthly charges of $69.15 are reasonable for the internet speed and reliability i am receiving. i appreciate the convenience of the automatic bank transfer payment method. overall, i have had no issues with the service and plan to continue with them on a month-to-month basis.",TRUE,positive,0.9577736854553223,2
7032-lmbhi,,FALSE,,,
1150-wfarn,"i have been a customer with this company for 67 months and have been on a two-year contract with them. i have been using their fiber optic internet service which has been great in terms of speed and reliability. however, i recently decided to churn as i found a better deal with another provider. the monthly charges of $108.75 were a bit on the higher side for me, especially considering other options available in the market. the automatic credit card payment method was convenient and hassle-free. overall, i had a good experience with the company but decided to switch due to cost considerations.",TRUE,positive,0.7771246433258057,2
6088-bxmrg,,FALSE,,,
3144-audbs,,FALSE,,,
4821-sjhjv,,FALSE,,,
7346-medwm,,FALSE,,,
1137-dgowi,,FALSE,,,
5616-prtnt,,FALSE,,,
3812-lrzir,,FALSE,,,
4818-qiufn,,FALSE,,,
9483-gcpwe,,FALSE,,,
4227-ojhal,,FALSE,,,
9220-cxrsc,"i have been a loyal customer of this dsl internet service provider for nearly six years now and have been very satisfied with their service. the monthly charges are reasonable at $61.4 and i appreciate the convenience of automatic payment through my credit card. the two-year contract has also been beneficial in providing consistency and reliability in my internet service. overall, i have had no issues with churn and would highly recommend this provider to others.",TRUE,positive,0.9694101810455322,2
4993-jcrgj,,FALSE,,,
9537-jalfh,,FALSE,,,
6698-oxetb,,FALSE,,,
2103-zrxfn,,FALSE,,,
3724-bscvh,,FALSE,,,
4877-tsoff,,FALSE,,,
9209-nwpgu,,FALSE,,,
6961-vcpmc,"i have been a customer with this company for almost 4 years now, and i must say that i am disappointed with the service. the monthly charges of $80.4 for fiber optic internet seem reasonable, but the quality of the service has been lacking. i have experienced frequent outages and slow speeds, which is frustrating given the premium price i am paying. additionally, the fact that i am on a month-to-month contract and still experiencing these issues makes it even more frustrating. i have decided to churn and look for a more reliable internet service provider. i hope the company takes customer feedback into consideration and improves their service for future customers.",TRUE,negative,0.904575765,0
7306-ydsoi,i have been a customer with this company for almost 6 years now and i have been very satisfied with the dsl internet service they provide. the monthly charges are reasonabl,TRUE,positive,0.9628012180328369,2
5288-ahoup,"i have been a customer with this company for 11 months now and i am very satisfied with the service. the fiber optic internet service has been reliable and fast, and the monthly charges of $78.5 are reasonable for the quality of service i am receiving. i appreciate the convenience of being able to pay with electronic check. overall, i have had a positive experience and have no plans to churn in the near future.",TRUE,positive,0.9739607572555542,2
6688-uzpwd,,FALSE,,,
0655-ydgfj,,FALSE,,,
8468-ehyja,"i have been a customer with this company for over 4 years now and i have been very satisfied with the service. the fiber optic internet is fast and reliable, and i have never experienced any outages. the monthly charges are reasonable for the quality of service i receive. i appreciate the convenience of paying with electronic check. overall, i have had a positive experience and have no plans to switch providers.",TRUE,positive,0.966455877,2
6823-sidfq,,FALSE,,,
1097-fspvw,,FALSE,,,
2839-rfsqe,,FALSE,,,
8328-skjno,,FALSE,,,
7010-zmvbf,,FALSE,,,
5201-cbwyg,,FALSE,,,
0968-gsikn,,FALSE,,,
1965-ddbwu,,FALSE,,,
9057-sihch,,FALSE,,,
6352-giggq,,FALSE,,,
3635-qqrqd,,FALSE,,,
6771-xwbdm,"i have been a customer with this company for 57 months, and i recently decided to churn. while the fiber optic internet service was reliable and fast, i found that the monthly charges of $104.5 were becoming too expensive for me. i also preferred to have more flexibility with my contract, so i opted for a month-to-month plan. the automatic credit card payment method was convenient and hassle-free. overall, i had a positive experience with the company, but ultimately decided to switch to a more cost-effective option.",TRUE,negative,0.5405906438827515,0
2897-dovnd,"i have been using the fiber optic internet service for the past 2 months and i am extremely satisfied with the speed and reliability. the monthly charges of $69.8 are reasonable for the quality of service i am receiving. i appreciate the convenience of paying with electronic check and have had no issues with billing. overall, i am happy with my decision to choose this provider and have no plans to churn in the near future.",TRUE,positive,0.9655745029449463,2
3082-yvekw,,FALSE,,,
0191-equuh,,FALSE,,,
7134-hbpbs,,FALSE,,,
3489-hhpfy,,FALSE,,,
2926-jejjc,,FALSE,,,
8601-qacrs,,FALSE,,,
4950-bdeux,,FALSE,,,
5789-ldfxo,"i have been a customer with this company for 24 months now and i am happy to say that i have not experienced any issues with churning. the monthly charges of $24.6 for my one-year contract are very reasonable and the payment method of electronic check is convenient for me. however, i do wish that internet service was included in my plan. overall, i am satisfied with the service provided and would recommend it to others.",TRUE,positive,0.9190665483474731,2
0508-oolto,,FALSE,,,
2984-tbyku,,FALSE,,,
9822-wmwvg,,FALSE,,,
2391-soori,,FALSE,,,
9040-kzvwo,"i have been a customer with this fiber optic internet service provider for 26 months now and i have been extremely satisfied with the service. the internet speed is consistently fast and reliable, and i have never experienced any outages or disruptions. the monthly charges of $75.5 are reasonable for the quality of service i receive. i appreciate the convenience of automatic bank transfers for payment. overall, i have no complaints and would highly recommend this provider to others.",TRUE,positive,0.9734408259391785,2
2645-qtlmb,,FALSE,,,
4806-hipdw,,FALSE,,,
1548-aragg,"i have been a customer with this dsl internet provider for 4 months now on a month-to-month contract. i have been satisfied with the service so far and have not experienced any issues that would make me want to churn. the monthly charges of $58.5 are reasonable for the service i am receiving. i prefer to pay with a mailed check and have not had any problems with this payment method. overall, i am happy with my experience with this provider and would recommend them to others.",TRUE,positive,0.869533896,2
6339-rzcbj,,FALSE,,,
4424-tkopw,"i recently switched to this fiber optic internet service provider two months ago, but unfortunately, i have already decided to cancel my service. the monthly charges of $93.85 were reasonable for the fast and reliable internet connection i received. however, i experienced frequent outag",TRUE,negative,0.7933943867683411,0
4415-wngvr,,FALSE,,,
2522-ahjxr,,FALSE,,,
0412-uccnp,,FALSE,,,
1816-flzdk,"i have been a customer with this dsl internet service provider for 1 month now and i am happy to report that i have had no issues with churning. the month-to-month contract is convenient for me and the monthly charges of $29.15 are affordable. i appreciate being able to pay by mailing a check, as it is a payment method that works well for me. overall, i am satisfied with the service and plan to continue using it in the future.",TRUE,positive,0.9518278241157532,2
7096-uclnh,i have been a customer with this company for just over a month now and i am happy to report that i have not experienced any issues with churn. the month-to-month contract option works well for me as i prefer the flexibility it offers. although i do not have internet se,TRUE,positive,0.9299089312553406,2
8443-zrdbz,,FALSE,,,
9136-alybr,,FALSE,,,
4615-pivvu,,FALSE,,,
8885-qsqbx,,FALSE,,,
7479-nitws,,FALSE,,,
8617-enbds,,FALSE,,,
9385-nxkda,,FALSE,,,
0430-ihcdj,,FALSE,,,
2959-mjhic,"i recently switched to the fiber optic internet service provided by this company about 4 months ago. while the service itself was great and i was satisfied with the speed and reliability, i ultimately decided to cancel my subscription due to personal reasons. the monthly charges of $80.35 were reasonable for the quality of service i received. i appreciated being able to pay with electronic check, as it made the payment process quick and convenient. overall, i had a positive experience with this company and would recommend their services to others.",TRUE,positive,0.8096181154251099,2
6674-kvjhg,"i have been a customer with this company for 11 months now and i am pleased to say that i have had no issues with their service. i have a one-year contract with monthly charges of $25.2, which i find to be reasonable. even though i do not have internet service with them, i appreciate the convenience of being able to pay my bills through electronic check. overall, i am satisfied with my experience as a customer and have no plans to churn.",TRUE,positive,0.9478160738945007,2
1814-dkolc,,FALSE,,,
4201-jmngr,,FALSE,,,
9351-hxdmr,,FALSE,,,
3537-hpkqt,,FALSE,,,
2129-alkbs,,FALSE,,,
5821-mmeil,"i have been a customer with this company for 57 months now and i am very satisfied with the service. the automatic bank transfer payment method makes it convenient for me to pay my monthly charges of $19.9 for my two-year contract. even though i do not have internet service with this company, i have had no issues with my service and have no plans to churn. i would highly recommend this company to others looking for reliable service at a great price.",TRUE,positive,0.9661069512367249,2
5960-wpxqm,"i recently signed up for fiber optic internet service with this provider on a month-to-month contract. after just one month, i decided to cancel due to some issues with the service. the monthly charges of $79.05 were reasonable, but the reliability and speed of the internet did not meet my expectations. i found t",TRUE,negative,0.8442220091819763,0
0684-aosih,,FALSE,,,
8260-ngfny,"""i recently signed up for dsl internet service with this provider on a month-to-month contract. unfortunately, after just one month, i decided to churn",TRUE,negative,0.8799124360084534,0
1309-xgfsn,,FALSE,,,
1866-rzzqs,"i recently decided to cancel my service after being a customer for 41 months. the monthly charges of $98.4 for fiber optic internet were reasonable, but i ultimately chose to switch providers due to better deals elsewhere. the option to pay with electronic check was convenient an",TRUE,neutral,0.5270637273788452,1
6968-urwqu,,FALSE,,,
4742-txuex,,FALSE,,,
9631-xeyke,,FALSE,,,
8631-nbhfz,,FALSE,,,
1335-mxcse,"""i have been a loyal customer with this company for over four and a half years now, and i have been very satisfied with the service they provide. the dsl internet service has been reliable and fast, and the monthly charges are very reasonable at $55.25. i appreciate the convenience of automatic credit card payments, as it saves me time and ensures that my bill is always paid on time. overall, i have had a positive experience with this company and would recommend them to others.""",TRUE,positive,0.9762345552444458,2
8873-tmkgr,,FALSE,,,
8800-joocf,,FALSE,,,
1469-lbjqj,,FALSE,,,
4958-xcbdq,,FALSE,,,
8337-upoaq,,FALSE,,,
0064-yijgf,,FALSE,,,
2386-owury,,FALSE,,,
1725-iqniy,"i have been a customer with this company for over four and a half years, and unfortunately, i have decided to cancel my service. while i have been satisfied with the speed and reliability of the fiber optic internet service, i have found that the monthly charges of $109.75 to be too high. additionally, i have had some issues with the automatic bank transfer payment method, which has caused some frustration. overall, i have decided to explore other options for internet service that may better fit my budget and payment preferences.",TRUE,negative,0.8545637726783752,0
0310-vqxam,,FALSE,,,
6598-rffvi,"i am extremely dissatisfied with my experience with this service provider. despite being promised internet service, i have not received any connection in the two months since signing up. the fact that i am locked into a one-year contract with monthly charges of $19.3 is unacceptable. the automatic credit card payment method adds insult to injury, as i am essentially paying for a service i am not receiving. i will be looking to cancel my contract and find a more reliable provider as soon as possible.",TRUE,negative,0.9358412027359009,0
3453-rthjq,,FALSE,,,
6712-oawrh,,FALSE,,,
6278-fepbz,,FALSE,,,
4280-dlshd,,FALSE,,,
1508-dfxcu,,FALSE,,,
8614-vgmmv,,FALSE,,,
7868-bgsza,,FALSE,,,
2800-qquso,,FALSE,,,
2930-uotmb,,FALSE,,,
7973-dzrkh,,FALSE,,,
5914-dvbwj,,FALSE,,,
7698-yfgez,,FALSE,,,
2533-qvmsk,,FALSE,,,
9773-peqbz,,FALSE,,,
8644-xlfbw,,FALSE,,,
0650-bwozn,,FALSE,,,
8625-azyzy,i had been a customer with this company for 24 months on a month-to-month contract with a monthly charge of $104.65 for fiber,TRUE,neutral,0.4917396903038025,1
7785-rdvig,,FALSE,,,
9602-wcxpi,,FALSE,,,
2903-yytbw,,FALSE,,,
3620-mwjne,,FALSE,,,
8573-jgczw,,FALSE,,,
6837-haevo,,FALSE,,,
6701-yvnqg,i have been a loyal customer with this company for 6 years now and i have been very satisfied with the service. the dsl internet service has been reliable and,TRUE,positive,0.9784078598022461,2
9306-cpcbc,,FALSE,,,
4304-xumgi,i have been a customer with this company for over four years now and have been consistently satisfied with the dsl internet service they provide. the automatic bank transfer payment method has made it convenient for me to pay my monthly bill on time. the monthly charges of $,TRUE,positive,0.9496209025382996,2
9504-yazwb,,FALSE,,,
8819-zbyna,,FALSE,,,
6174-nrbtz,,FALSE,,,
9481-iebzy,,FALSE,,,
1833-vgrum,"""i recently signed up for the fiber optic internet service with this company on a month-to-month contract. however, after just one month of service, i have decided to churn and switch to a different provider. the monthly cha",TRUE,negative,0.5275309085845947,0
6137-nicco,,FALSE,,,
9065-zcpqx,,FALSE,,,
6402-ejmwf,,FALSE,,,
3620-ehimz,"i have been a customer with this company for over four years now and have been overall satisfied with the service. the monthly charges are very reasonable at $19.35, and i appreciate the option to pay by mailed check. however, i do wish there was an option for internet service as that is something i currently do not have with this provider. overall, i have had no issues with churn and plan to continue my contract with this company.",TRUE,positive,0.9320032596588135,2
6870-ecshe,,FALSE,,,
8747-udcoi,"i have been a customer with this company for 65 months now and i have been very satisfied with their service. i have been on a two-year contract with monthly charges of $19.35, which i find very reasonable. i appreciate the convenience of automatic bank transfers for p",TRUE,positive,0.9754438996315002,2
8374-xgejj,,FALSE,,,
2656-tabeh,,FALSE,,,
6946-lmsqs,,FALSE,,,
4626-ozdtj,,FALSE,,,
9169-bsvin,,FALSE,,,
2325-zusfd,"i have been a customer with this company for 57 months now, and i must say i am very disappointed with the service. despite being on a one-year contract, i have decided to churn because the dsl internet service i have been receiving is extremely slow and unreliable. the monthly charges of $70.1 are not worth the poor quality of service i have been experiencing. additionally, the automatic bank transfer payment method has been convenient, but i expected better service for the amount i have been paying. i would not recommend this company to others looking for reliable internet service.",TRUE,negative,0.9266524314880371,0
8194-peeby,,FALSE,,,
6872-hxfnf,,FALSE,,,
3932-cmdtd,,FALSE,,,
7714-yxsmb,i have been a customer with this fiber optic internet provider for 26 months now and i am extremely satisfied with the service. the speed and reliability of the connection ha,TRUE,positive,0.9810769557952881,2
8387-ugusu,,FALSE,,,
1080-bwsye,,FALSE,,,
4039-heunw,,FALSE,,,
1194-hvaif,,FALSE,,,
0812-wuptb,,FALSE,,,
3594-uvona,,FALSE,,,
0004-tlhlj,,FALSE,,,
1767-tgtko,,FALSE,,,
8439-ltugf,,FALSE,,,
8805-jnraz,"i have been a customer with this company for 2 months now and so far i am very satisfied with the service. the dsl internet is reliable and the monthly charges are reasonable at $49.2. i appreciate the flexibility of the month-to-month contract and the option to pay by mailed check. overall, i have had a positive experience and have no plans to churn in the near future.",TRUE,positive,0.9671134948730469,2
5089-ifsdp,,FALSE,,,
6418-hnfed,,FALSE,,,
0206-oyvoc,,FALSE,,,
7291-cdtmj,,FALSE,,,
7128-ggcno,"i have been a customer with this company for almost 4 years now and i am extremely satisfied with the service. the fiber optic internet is fast and reliable, and i have never experienced any issues with connectivity. the monthly charges are reasonable and the automatic bank transfer payment method makes it convenient for me to pay my bills on time. overall, i have had a great experience as a month-to-month customer and have no intentions of churning. i would highly recommend this company to others.",TRUE,positive,0.9735822677612305,2
0237-yfutl,"i have been a customer with this internet service provider for over four years now and i have been extremely satisfied with the service. the fiber optic internet is fast and reliable, allowing me to stream movies, work from home, and video chat without any interruptions. the automatic bank",TRUE,positive,0.9793398380279541,2
7691-kgkgp,,FALSE,,,
6710-hsjrd,,FALSE,,,
3675-eqoza,,FALSE,,,
0840-dcnze,,FALSE,,,
1732-fekld,,FALSE,,,
9862-kjtyk,,FALSE,,,
0479-hmswa,,FALSE,,,
5854-ksrbj,i have been a customer with this company for 70 months now and i have been very satisfied with their service. the monthly charges are affordable at $25.4 and i appreciate the convenience of being,TRUE,positive,0.9781867861747742,2
0365-bzuwy,,FALSE,,,
4817-vyyws,,FALSE,,,
5701-svcwr,,FALSE,,,
3129-aaqou,,FALSE,,,
4922-cvpdx,,FALSE,,,
1396-qwfbj,,FALSE,,,
1357-bijki,,FALSE,,,
1099-btkwt,,FALSE,,,
5299-sjczt,,FALSE,,,
2018-pzkmu,"i have been a customer with this company for 9 months now and have been very satisfied with the service. the fiber optic internet has been fast and reliable, and i have not experienced any issues with my connection. the monthly charges of $103.1 are reasonable for the quality of service i am receiving. i appreciate the convenience of being able to pay with electronic check. overall, i am happy with my experience and have no plans to switch providers.",TRUE,positive,0.9631617069244385,2
7340-kefqe,,FALSE,,,
4570-qhxhl,,FALSE,,,
2403-bcasl,,FALSE,,,
7392-yypyj,,FALSE,,,
2898-lsjgd,,FALSE,,,
2223-gdshl,"i have been a customer with this company for over 6 years now and have been extremely satisfied with the service. the fiber optic internet service has been reliable and consistently fast, allowing me to work from home without any issues. the automatic bank transfer payment method makes it convenient for me to pay my bill on time every month. the monthly charges of $116.05 are reasonable considering the quality of service i am receiving. overall, i have had a positive experience and would recommend this company to others.",TRUE,positive,0.9704797863960266,2
7359-ptsxy,,FALSE,,,
9470-rtwdv,,FALSE,,,
2176-osjuv,"i have been a customer with this internet service provider for over 6 years now and i have been very satisfied with the service. the dsl internet is reliable and the monthly charges are reasonable at $65.15. i appreciate the convenience of automatic bank transfers for payment. overall, i have had a positive experience and have no complaints.",TRUE,positive,0.9708701968193054,2
9348-yvomk,,FALSE,,,
8104-oskwt,"i have been a customer with this internet service provider for the past year and have had a positive experience overall. the fiber optic internet service has been reliable and fast, allowing me to stream videos and work from home without any interruptions. 

i appreciate the flexibility of the month-to-month contract and the convenience of the electronic check payment method. the monthly charges of $79.8 are reasonable for the quality of service i receive. 

overall, i am satisfied with my experience and have no plans to switch providers.",TRUE,positive,0.9647123217582703,2
4521-yeehe,"i have been a customer with this internet provider for 18 months now and i am very satisfied with the service. the fiber optic internet is fast and reliable, and i have had no issues with connectivity or speed. the monthly charges of $88.85 are reasonable for the quality of service i am receiving. i appreciate the convenience of being able to pay with an electronic check. overall, i have had a positive experience with this provider and would recommend them to others.",TRUE,positive,0.9722188711166382,2
4090-kpjip,"i have been a customer with this company for 3 months now and i am very satisfied with the service. the fiber optic internet is fast and reliable, and i have had no issues with connectivity. the monthly charg",TRUE,positive,0.9784159660339355,2
3786-wovkf,,FALSE,,,
4503-bdxbd,,FALSE,,,
6086-esgrl,,FALSE,,,
2592-hodov,,FALSE,,,
3886-certz,i have been a customer with this company for 6 years now and unfortunately i have decided to churn. i have been on a one-year contract with monthly charges of $109.25 for fiber optic inter,TRUE,negative,0.8793159127235413,0
7995-zhhnz,,FALSE,,,
3824-rhkvr,,FALSE,,,
5816-scgfc,,FALSE,,,
5989-axpuc,,FALSE,,,
4979-hprfl,,FALSE,,,
8590-ohdiw,,FALSE,,,
8015-ihcgw,"""i have been a loyal customer with this company for 6 years now and i have been very satisfied with the fiber optic internet service they provide. the monthly charges of $115.5 are reasonable for the quality of service i receive. i appreciate being able to pay with electronic check, it's convenient and hassle-free. overall, i have had a positive experience and have no complaints. i would definitely recommend this company to others looking for reliable internet service.""",TRUE,positive,0.9726635217666626,2
2332-todqs,,FALSE,,,
9278-vzkcd,"i have been a customer with this company for over 4 years now and have been very satisfied with the service. the fiber optic internet is fast and reliable, and i have never experienced any downtime. the monthly charges are reasonable for the quality of service i receive. i appreciate the convenience of being able to pay with an electronic check. overall, i have no complaints and have no plans to switch providers. highly recommend.",TRUE,positive,0.9703773856163025,2
8008-otezx,,FALSE,,,
2773-ovbpk,i have been a loyal customer of this internet service provider for over five years now. i am very satisfied with the fiber optic internet service they provide. the automatic bank transfer payment method is convenient and hassle-free. the monthly charges are reasonable for the quality of service i receive. i,TRUE,positive,0.9756187200546265,2
5999-lcxao,,FALSE,,,
5206-xzzqi,,FALSE,,,
4803-lbypn,,FALSE,,,
5759-rcvcb,,FALSE,,,
6372-rfvns,,FALSE,,,
2139-fqhlm,,FALSE,,,
8261-gwdbq,,FALSE,,,
1093-yswca,,FALSE,,,
8938-umkpi,,FALSE,,,
0991-brrfb,,FALSE,,,
3882-iyoij,,FALSE,,,
8749-tzyec,,FALSE,,,
1755-fzqec,,FALSE,,,
3115-jpjdd,,FALSE,,,
5600-ktxfm,"i have been using the fiber optic internet service for the past 2 months and i am extremely satisfied with the speed and reliability. the monthly charges of $69.95 are reasonable for the quality of service provided. i appreciate the option to pay by mailed check as it is convenient for me. overall, i have had a positive experience and have no plans to churn in the near future.",TRUE,positive,0.961925745,2
3871-ikpyh,,FALSE,,,
6319-iejwj,,FALSE,,,
9025-aomki,"i recently decided to switch internet providers after being with fiber optic for 6 months on a month-to-month contract. the monthly charges of $93.55 were reasonable, but i ultimately decided to churn due to frequent service outages and slow speeds. the automatic bank transfer payment method was convenient, but i was not satisfied with the overall reliability and performance of the service. i hope they can improve in the future to better meet the needs of their customers.",TRUE,negative,0.6571022868156433,0
6339-tbelp,,FALSE,,,
7964-yesjc,,FALSE,,,
6173-golsu,"""i have been a customer for over 5 years now and have been very satisfied with the fiber optic internet service. the automatic credit card payment makes it convenient and hassle-free. the monthly charges are reasonable for the quality of service provided. i have had no issues with connectivity or speed. overall, i am happy with my experience and have no plans to switch providers.""",TRUE,positive,0.9610738158226013,2
5275-sqeiz,"i recently switched to this fiber optic internet service provider and unfortunately had to cancel after only one month due to unforeseen circumstances. the monthly charges were reasonable at $80.85, but i f",TRUE,negative,0.8102101683616638,0
7716-ytyhg,,FALSE,,,
9938-zrehm,,FALSE,,,
7950-xwovn,,FALSE,,,
4390-kyulv,"i recently canceled my service with this provider after only 3 months. the monthly charges were reasonable at $20.55, but i was disappointed to find out that they did not offer internet",TRUE,negative,0.8994130492210388,0
4647-muzon,,FALSE,,,
9702-aiujo,,FALSE,,,
8849-priqj,"i have been a loyal customer of this company for over 5 years now and have been extremely satisfied with the fiber optic internet service they provide. the monthly charges are reasonable for the quality of service i receive. i appreciate the convenience of paying through electronic check and have had no issues with billing. overall, i have no complaints and would highly recommend this company to others.",TRUE,positive,0.971924901,2
8851-ragov,,FALSE,,,
1304-necvq,"i recently signed up for the fiber optic internet service with this provider on a month-to-month contract. the service itself was great, with fast and reliable speeds. however, after just two months of using the service, i decided to cancel due to personal re",TRUE,positive,0.7861059904098511,2
5396-izepb,,FALSE,,,
1729-vlazj,,FALSE,,,
8285-abvlb,i have been a customer with this company for over 5 years now and i have had a positive experience overall. the automatic credit card payment method is convenient and hassle-free. the monthl,TRUE,positive,0.9728375673294067,2
0701-tjsef,,FALSE,,,
5712-vboxd,,FALSE,,,
6629-ladhq,,FALSE,,,
8945-grkhx,,FALSE,,,
1559-dtodc,,FALSE,,,
4797-miwum,,FALSE,,,
6959-uwkhf,"i recently signed up for dsl internet service with this provider on a month-to-month contract. after just one month of service, i decided to churn and switch to a different provider. the monthly charges of $42.90 were re",TRUE,negative,0.7086254358291626,0
8720-rqsbj,,FALSE,,,
4537-cibhb,i have been a customer with this company for 9 months now and i have not experienced any issues that would make me want to churn. the monthly charges are reasonable at $20.25 and i appreciat,TRUE,positive,0.7506400942802429,2
3815-slmef,"i recently switched to this dsl internet provider about 3 months ago on a month-to-month contract. the monthly charges are reasonable at $34.25. however, i regret to say that i have decided to churn and cancel my service with them. the main reason for my decision is the inconvenience of having to pay by mailing a check each month. i would have preferred more modern payment options such as online bill pay or automatic withdrawals. overall, the internet service itself was satisfactory, but the outdated payment method was a deal breaker for me.",TRUE,negative,0.7410212159156799,0
5154-vekbl,,FALSE,,,
4324-ahjks,,FALSE,,,
4355-cvpvs,,FALSE,,,
4495-lhssk,,FALSE,,,
5655-jsmzm,,FALSE,,,
5915-anoei,,FALSE,,,
9861-pdszp,,FALSE,,,
4505-exzhb,,FALSE,,,
7225-cbzpl,,FALSE,,,
6704-utukk,"""i have been a customer with this company for almost 2 and a half years now and i have been very satisfied with the service. the dsl internet has been reliable and the monthly charges are affordable at $45.9",TRUE,positive,0.9748451709747314,2
4587-vvtox,,FALSE,,,
2019-hdczy,"i have been a customer with this company for over 5 years now and i have been extremely satisfied with the service. the fiber optic internet service has been very reliable and fast, allowing me to stream movies and work from home without any issues. the monthly charges are reasonable for the quality of service i receive. i also appreciate the convenience of paying with electronic check. overall, i have no complaints and would highly recommend this company to others.",TRUE,positive,0.9757764935493469,2
4652-nnhny,,FALSE,,,
8788-doxsu,i have been a loyal customer for nearly 5 years now and i am extremely satisfied with the dsl internet service i receive. the monthly charges a,TRUE,positive,0.9701041579246521,2
7404-jlkqg,,FALSE,,,
7421-zlupa,,FALSE,,,
8972-hjwnv,,FALSE,,,
3274-nsdwe,,FALSE,,,
2632-ivxvf,"i have been a customer with this company for over 5 years now and i have been extremely satisfied with the service. the fiber optic internet is fast and reliable, and i have never experienced any issues with the connection. the automatic payment method with my credit card makes it convenient for me to pay my bills on time every month. the month",TRUE,positive,0.9706535339355469,2
3692-jhonh,,FALSE,,,
8915-nntrc,,FALSE,,,
5914-gxmda,,FALSE,,,
7463-ifmqu,,FALSE,,,
2920-rncez,i have been using the fiber optic internet service for the past month and i am extremely satisfied with the speed and reliability. the automatic credit card payment method makes it convenient for me to pay my monthly charges of $69.95. i am happy with the month-to-month contract as it gives m,TRUE,positive,0.9700892567634583,2
2541-ygpke,,FALSE,,,
8515-octjs,"i have been a customer with this company for 25 months on a two year contract. unfortunately, i recently had to churn due to the lack of internet service provided. i was paying $24.75 a month for a service that i was unable to fully utilize. despite having automatic credit card payments set up, i was ultimately unsatisfied with the overall experience. i hope the company can improve their offerings in the future.",TRUE,negative,0.9103997349739075,0
5382-temlv,,FALSE,,,
3441-cgzjh,,FALSE,,,
9592-erdkv,,FALSE,,,
2860-ranus,,FALSE,,,
5261-qshqm,,FALSE,,,
4778-izarl,"i have been a customer with this company for over five years now and have been consistently satisfied with the service. the fiber optic internet has been reliable and fast, and i have had no issues with connectivity. the automatic credit card payment method is convenient and hassle-free. the monthly charges are a bit on the higher side at $110.1, but i feel like i am getting good value for the price. overall, i have no complaints and would recommend this company to others.",TRUE,positive,0.9664762616157532,2
0432-cajzv,,FALSE,,,
7008-lzvoz,,FALSE,,,
8868-wozgu,,FALSE,,,
1200-tuzhr,,FALSE,,,
9365-cslbq,,FALSE,,,
1334-fjsvr,,FALSE,,,
5884-fbctl,,FALSE,,,
7130-ctcus,,FALSE,,,
6242-fegfd,"i have been a customer with this company for over 5 years now and have been extremely satisfied with their fiber optic internet service. the connection is always reliable and fast, and i have never experienced any issues with downtime. 

i appreciate the option to pay by ma",TRUE,positive,0.9677255749702454,2
7625-xcqrh,,FALSE,,,
6194-hbgqn,"i have been a customer with this dsl internet provider for over four years now and i have been very satisfied with the service. the monthly charges of $81.15 are reasonable for the speed and reliability of the internet connection. i appreciate the convenience of automatic credit card payments, as it ensures that i never miss a payment. overall, i have had no reason to consider switching providers and am happy to continue using this service.",TRUE,positive,0.9666144847869873,2
7634-wswdb,,FALSE,,,
6986-ixndm,,FALSE,,,
1731-tviuk,"i recently switched to this fiber optic internet service provider about 4 months ago on a month-to-month contract. the monthly charges of $93.50 are reasonable for the speed and reliability of the service. i appreciate the convenience of paying with an electronic check. however, i ultimately decided to churn because i found a better deal with another provider. i would consider returning in the future if the pricing or promotions were more competitive. overall, my experience was positive but ultimately not enough to keep me as a long-term customer.",TRUE,positive,0.5659871101379395,2
2987-bjxik,,FALSE,,,
9769-tsbze,,FALSE,,,
0406-bpdvr,,FALSE,,,
0618-xwmss,"i recently cancelled my service with this provider after being with them for 28 months on a month-to-month contract. the monthly charges of $74.9 were reasonable for the fiber optic internet service i received. however, i decided to switch to a different provider due to changes in my financial situation. the automatic bank transfer payment method was convenient and reliable throughout my time with this provider. overall, i had a positive experience with their service and would consider returning in the future if needed.",TRUE,negative,0.5645941495895386,0
1395-wswxr,,FALSE,,,
6023-gssxw,,FALSE,,,
6752-apnjl,,FALSE,,,
5276-kqwhg,,FALSE,,,
0420-hlgxf,,FALSE,,,
7446-kqiso,"i have been a customer with this internet service provider for 45 months now and i am extremely satisfied with the service. the fiber optic internet is fast and reliable, and i have never experienced any issues with the connection. the automatic bank transfer payment method is convenient and hassle-free. although the monthly charges are a bit on the higher side at $109.75, i believe it is worth it for the quality of service i receive. overall, i have no complaints and would highly recommend this provider to others.",TRUE,positive,0.975200355,2
9823-ealyc,"i have been a customer with this company for 6 years now and i have been very satisfied with the service. the monthly charges are reasonable at $80.85 for dsl internet service. i appreciate the convenience of the automatic bank transfer payment method. overall, i have had a positive experience and have not experienced any issues that would make me consider switching providers.",TRUE,positive,0.9669927358627319,2
0582-avcln,i have been a customer with this company for almost 3 years now and have been very satisfied with the service. even though i do not have internet service with t,TRUE,positive,0.9174318909645081,2
5803-nqjzo,,FALSE,,,
2565-jslry,,FALSE,,,
2607-dhdak,,FALSE,,,
1073-xxczd,,FALSE,,,
0743-hrvff,,FALSE,,,
4006-hkyho,,FALSE,,,
3727-jeztu,"i recently signed up for services with this company and so far, i am satisfied with the experience. the monthly charges are reasonable at $20.4 and the month-to-month contract gives me the flexibility i need. however, i do not have internet service with this company, so i cannot speak to the quality of that aspect. i appreciate being able to pay with a mailed check, as it is convenient for me. overall, i am happy with the service and plan to continue with this company for the foreseeable future.",TRUE,positive,0.921316385,2
8143-etqti,,FALSE,,,
6689-kxgbo,,FALSE,,,
9667-tktvz,i have been a customer with this dsl internet service provider for 2 months now and i am pleased with the service so far. the monthly charges of $54.35 are reasonable and the internet connection has been reliable. i appreciate the option to p,TRUE,positive,0.973964274,2
3657-cogmw,"i have been a customer with this company for over four years now and i have been extremely satisfied with their fiber optic internet service. the speed and reliability have been consistent throughout my tenure and i have never experienced any downtime. the monthly charges of $108.1 are reasonable for the quality of service i receive. the convenience of automatic credit card payments also makes managing my account hassle-free. overall, i have no complaints and would highly recommend this company to others looking for reliable internet service.",TRUE,positive,0.9731719493865967,2
8570-kljyj,,FALSE,,,
7754-ixrmc,"i have been with this internet service provider for a month now and so far, i am satisfied with their service. the dsl connection is reliable and i hav",TRUE,positive,0.9587833881378174,2
9473-cbzop,,FALSE,,,
2969-wghqo,,FALSE,,,
6615-nggzj,"i recently canceled my service after being with the company for 14 months on a month-to-month contract. the monthly charges of $100.55 for fiber optic internet were reasonable, but i decided to switch providers for better promotional pricing. i found the electronic check payment method to be convenient and had no issues with billing during my time as a customer. overall, i was satisfied with the service but ultimately decided to move on for a better deal.",TRUE,negative,0.4548095464706421,0
4334-howrp,i have been a customer of this dsl internet service for 6 years now and i have been very satisfied with the service. the monthly charges of $64.95 are reasonabl,TRUE,positive,0.9567428827285767,2
4255-dduou,,FALSE,,,
5863-ookcl,,FALSE,,,
1686-stuhn,,FALSE,,,
1329-vhwnp,,FALSE,,,
2984-miizl,,FALSE,,,
0266-gmeao,,FALSE,,,
5590-yrfjt,,FALSE,,,
5574-nxziu,,FALSE,,,
0019-gfntw,"i have been a loyal customer with this internet service provider for over four and a half years now and have been satisfied with the dsl internet service they provide. the monthly charges of $45.05 are reasonable and the automatic bank transfer payment method makes it convenient for me to pay my bills on time. i have not experienced any issues with churn and overall, i am happy with the service i receive.",TRUE,positive,0.9499366283416748,2
4256-zwtzi,,FALSE,,,
8309-ppced,i have been a loyal customer with this company for 6 years now and have never experienced any issues with my service. the fiber optic internet is fast and reliabl,TRUE,positive,0.9471497535705566,2
4098-naukp,"i have been a customer with this company for 68 months now and i have been extremely satisfied with the service. the fiber optic internet service is fast and reliable, and the monthly charges of $84.65 are very reasonable for the quality of service i receive. i appreciate the convenience of paying with electronic check and have had no issues with billing or payments. overall, i have no complaints and have no plans to churn anytime soon. i would highly recommend this company to others looking for a reliable internet service provider.",TRUE,positive,0.9757590293884277,2
5196-wpyow,,FALSE,,,
4608-lcimn,,FALSE,,,
1485-ydhmm,,FALSE,,,
4054-cumia,,FALSE,,,
0603-tpmib,,FALSE,,,
2525-gvkqu,,FALSE,,,
8161-qymtt,"i have been a customer with this company for 7 months now and i am very satisfied with the fiber optic internet service they provide. the monthly charges of $94.1 are reasonable for the quality of service i receive. i appreciate the convenience of being able to pay with electronic check. overall, i have had a positive experience and have no complaints. i would recommend this company to others looking for reliable internet service.",TRUE,positive,0.971618116,2
9581-gvbxt,,FALSE,,,
5862-brixz,i have been a customer with this company for 46 months now and i have never experienced any issues with their services. the dsl internet service has been reliable and the monthly charges of $60.75 are reasonable. i appr,TRUE,positive,0.9196088910102844,2
5404-ggukr,,FALSE,,,
3308-jsgml,i have been a loyal customer with this company for almost five years now and i have been satisfied with the dsl internet,TRUE,positive,0.9400020837783813,2
2126-gsegl,,FALSE,,,
3677-tnkio,,FALSE,,,
0440-qexbz,,FALSE,,,
2434-eevdb,,FALSE,,,
6762-qvyjo,,FALSE,,,
6199-iwkgc,"i have been a loyal customer with this company for 46 months now and i am extremely satisfied with their service. i have never experienced any issues with my internet connection and the speed provided through their fiber optic service is excellent. the monthly charges of $100.25 are reasonable for the quality of service i receive. i appreciate the convenience of paying through electronic check as it is quick and easy. overall, i have no complaints and would highly recommend this company to others.",TRUE,positive,0.9739152789115906,2
2675-dhutr,,FALSE,,,
8152-vetur,i have been a customer with this company for over six years now and i have been extremely satisfied with the fiber optic internet service they provide. the monthly charges are reasonable for the quality of service i receive. i apprec,TRUE,positive,0.9778035283088684,2
9667-eqrxu,,FALSE,,,
7446-ypode,,FALSE,,,
9522-bnthx,"i have been a customer with this company for over 2 and a half years and have been very satisfied with the service. the monthly charges are reasonable at $56.25 and i appreciate the convenience of being able to pay with electronic check. the dsl internet service has been reliable and i have not experienced any issues with connectivity. overall, i have had a positive experience and would recommend this company to others.",TRUE,positive,0.9660087823867798,2
4676-wluht,,FALSE,,,
3329-wdiok,"i recently canceled my dsl internet service after just 3 months of being a customer. the monthly charges of $50.6 were reasonable, but i found the internet speed to be inconsistent and unreliable. additionally, i had issues with my electronic check payments not always being processed on time. overall, i was not satisfied with the service and decided to switch to a different provider.",TRUE,negative,0.9248027205467224,0
7980-mhflq,,FALSE,,,
2873-zliwt,,FALSE,,,
3415-taile,,FALSE,,,
0757-wcuuz,"i have been a customer with this company for over four and a half years now and i have been satisfied with the dsl internet service they provide. the monthly charges are reasonable at $63.35 and i appreciate the convenience of having my payments automatically deducted from my credit card. i have had no issues with churn and overall, i am happy with the service i have received.",TRUE,positive,0.9607284069061279,2
1629-dqqvb,,FALSE,,,
1915-iofgu,"i recently signed up for a month-to-month fiber optic internet service with this provider and unfortunately decided to churn after only one month. i found the monthly charges of $70.5 to be quite reasonable for the speed and reliability of the service. however, i experienced some issues with the payment method of electronic check, which c",TRUE,negative,0.5827547907829285,0
3045-xetsh,"i recently canceled my service with this company after being a customer for 10 months. i was on a month-to-month contract with monthly charges of $94.85 for fiber optic internet service. i found the service to be reliable and fast, but ultimately decided to switch providers for a better promotional offer.",TRUE,negative,0.7613165378570557,0
0374-aacsz,"""i have been using the dsl internet service for the past month and i am overall satisfied with the speed and reliability. the $50.15 monthl",TRUE,positive,0.9311094284057617,2
7239-hzzcx,,FALSE,,,
4872-vxril,i have been a loyal customer for 56 months now and have been satisfied with my dsl internet service. the automatic bank transfer for payment makes it convenient for me to pay my monthl,TRUE,positive,0.9573055505752563,2
9140-czqzz,,FALSE,,,
3423-hhxao,,FALSE,,,
9938-tkdgl,,FALSE,,,
0531-zzjwq,"i have been a loyal customer for over 4 years now and i have been very satisfied with the fiber optic internet service provided by this company. the monthly charges are reasonable at $74.0 and i appreciate the convenience of paying through electronic check. i have had no issues with my service and have no plans to churn in the near future. overall, i am very happy with my experience as a customer.",TRUE,positive,0.968575656,2
6537-qlgex,,FALSE,,,
2688-bhgog,,FALSE,,,
7683-cbdkj,,FALSE,,,
0946-cljti,,FALSE,,,
3160-tyxlt,,FALSE,,,
1325-usmec,,FALSE,,,
0916-qofdp,,FALSE,,,
0628-cnqrm,"""i have been a customer with this company for 22 months and recently decided to churn. i was overall satisfied with the dsl internet service i received for the monthly charge of $67.5. the automatic bank transfer payment method was convenient for me. however, i decided to",TRUE,positive,0.7337707281112671,2
5606-amzbo,,FALSE,,,
6199-ipcao,,FALSE,,,
7665-toald,,FALSE,,,
0112-qwpnc,,FALSE,,,
0324-brpcj,,FALSE,,,
2777-phdei,,FALSE,,,
5640-caxoa,,FALSE,,,
2235-ezaik,"i have been a customer for 6 years now and i am very satisfied with the service provided by the company. the monthly charges are reasonable and the automatic payment method makes it convenient for me to pay my bills on time. the dsl internet service has been reliable and i have not experienced any issues with connectivity. overall, i have no complaints and would recommend this company to others.",TRUE,positive,0.9602476358413696,2
3847-baerp,i have been a customer with this company for 10 months now and i have been satisfied with the service. the monthly charges are reasonable at $20.9 and i appreciate the flexibility of the month-to-month contract. ev,TRUE,positive,0.9606958627700806,2
1196-amora,,FALSE,,,
4282-ymkna,,FALSE,,,
1453-rzfon,"i have been a customer with this internet service provider for a month now and i am extremely satisfied with the service so far. the monthly charges are very reasonable at $49.9 and the dsl internet service has been reliable and fast. i appreciate the flexibility of the month-to-month contract and the option to pay by mailed check. overall, i have had a positive experience and would recommend this provider to others.",TRUE,positive,0.9794912338256836,2
8263-oketd,,FALSE,,,
0670-kdoma,"i have been a customer with this company for 1 month now and i have been satisfied with the service so far. the monthly charges of $20.25 for a month-to-month contract are reasonable. however, i do not use internet service from this company, so i cannot comment on that aspect. i appreciate that i can pay my bill with a mailed check as it is convenient for me. overall, i am happy with my experience as a customer and have no complaints.",TRUE,positive,0.8858058452606201,2
2476-ygefm,,FALSE,,,
8687-bafgu,"i have been a customer with this company for just one month, but so far i am very satisfied with the service. the fiber optic internet is fast and reliable, and i have not experienced any issues with connectivity. the monthly charges of $74.0 are reasonable for the quality of service i am receiving. i appreciate being able to pay with electronic check, as it is convenient and easy to manage. overall, i am happy with my experience and have no plans to churn in the near future.",TRUE,positive,0.9626325368881226,2
0641-evboj,,FALSE,,,
0829-xxplx,,FALSE,,,
9974-jfbhq,"i have been a customer with this company for over five years now and i have been very satisfied with their fiber optic internet service. the automatic credit card payment option makes it easy for me to pay my monthly bill without any hassle. the monthly charges of $99.15 are reasonable for the fast and reliable internet service i receive. i appreciate the flexibility of the month-to-month contract as it gives me the freedom to change or cancel my service at any time. overall, i have had a positive experience with this company and would recommend their services to others.",TRUE,positive,0.960702658,2
5356-rhipp,"i recently signed up for this service, but unfortunately had to cancel after just one month. the $20.2 monthly charges were reasonable, but i was disappointed to find out that internet service was not included. as someone who relies heavily on internet access, this was a dealbreaker for me. additionally, having to pay by mailed check was a bit inconvenient in this day and age. overall, i was not satisfied with the service and would not recommend it to others.",TRUE,negative,0.8879472613334656,0
6624-jdrds,,FALSE,,,
0608-jdvec,,FALSE,,,
9780-fkvvf,,FALSE,,,
1919-rtpqd,,FALSE,,,
5214-nltit,i have been a customer with this company for six years now and have been using their fiber optic internet service. i have had no issues with the service and have always paid my monthly bill on time through automatic credit card payments. the monthly charges are reasonable at $90.8 and i have been satisfied with the overall service provided. i have no plans to switch providers as of now.,TRUE,positive,0.8765051364898682,2
3345-pbbfh,,FALSE,,,
5055-brmne,"i have been a customer with this company for over 5 years now and have been very satisfied with the service. the fiber optic internet is fast and reliable, and i have had no issues with connectivity. the automatic credit card payment makes it easy to ma",TRUE,positive,0.9713746905326843,2
9189-jwshv,,FALSE,,,
2190-phbhr,i have been a loyal customer with this company for 6 years now and i have been extremely satisfied with the fiber optic internet service. the automatic credit card payment method is convenient and,TRUE,positive,0.9796277284622192,2
2650-gyryl,,FALSE,,,
0746-jtrfu,,FALSE,,,
5208-fvqkb,,FALSE,,,
7184-lruur,"""i have been a customer with this internet provider for 22 months now and i am very satisfied with the service. the dsl internet is reliable and i have never experienced any outages. the month",TRUE,positive,0.9670332074165344,2
6627-cfosn,,FALSE,,,
3982-jgsfd,,FALSE,,,
1574-dycwe,,FALSE,,,
7247-xozpb,,FALSE,,,
2466-fccpt,,FALSE,,,
6211-wwltf,,FALSE,,,
4826-tzeva,,FALSE,,,
6016-nxbnj,,FALSE,,,
9138-efsmo,,FALSE,,,
0576-wnxxc,,FALSE,,,
4632-xjmex,,FALSE,,,
8910-ledag,,FALSE,,,
3452-gwuin,,FALSE,,,
2716-gfzor,"i have been a customer with this company for 43 months now and i am extremely satisfied with their service. the fiber optic internet service is fast and reliable, and i have had no issues with downtime or connectivity issues. the automatic credit card payment method makes it convenient for me to pay my monthly bill without",TRUE,positive,0.9718870520591736,2
3724-ucshy,,FALSE,,,
8626-xhbie,,FALSE,,,
4628-cttla,,FALSE,,,
3192-lnkrk,"i have been a loyal customer for 34 months now and i am very satisfied with the fiber optic internet service provided by this company. the speed and reliability of the service have been excellent and i have had no issues with downtime. the monthly charges of $84.05 are reasonable for the quality of service i am receiving. i prefer to pay by mailed check and have had no problems with the payment process. overall, i am very happy with my experience and have no plans to churn in the near future.",TRUE,positive,0.9640879034996033,2
4439-yrnvd,,FALSE,,,
2876-vbbbl,,FALSE,,,
6834-nxdca,,FALSE,,,
2208-ugtgr,,FALSE,,,
3005-tyfrd,"i have been a customer with this company for over 4 years now and i am very satisfied with the service they provide. the fiber optic internet service is fast and reliable, and i have had no issues with connectivity. the monthly charges of $103.65 are reasonable for the quality of service i receive. i appreciate the convenience of automatic credit card payments, it makes managing my account hassle-free. overall, i have no complaints and would highly recommend this company to others.",TRUE,positive,0.9732010960578918,2
8670-mefcp,,FALSE,,,
3079-bchln,"i have been a customer with this company for almost four years now and i have had a positive experience overall. the automatic bank transfer payment method is convenient and hassle-free. the monthly charges of $19.9 for the one-year contract are reasonable. however, i do wish that internet service was inc",TRUE,positive,0.951322615,2
7777-unyhb,,FALSE,,,
5597-glbuc,,FALSE,,,
7278-ckdnc,,FALSE,,,
2748-myrvk,,FALSE,,,
8450-uyibu,"i have been a customer with this dsl internet service provider for over 2 and a half years now and i have been very satisfied with the service. the monthly charges are reasonable at $39.85 and the payment method of electronic check is convenient for me. i have not experienced any issues with the internet service and have not had any reason to consider switching providers. overall, i am happy with the service and would recommend it to others.",TRUE,positive,0.9609266519546509,2
2969-vapyh,i have been a loyal customer of this dsl internet service provider for over 5 and a half years now and i have been very satisfied with their service. the monthly charges of $60.5 are reasonable for the quality of internet i receive. i appreciate the convenience of the automatic c,TRUE,positive,0.9717183113098145,2
4822-ycxmx,,FALSE,,,
7181-oqcut,"i have been a customer with this company for 21 months now and i am very satisfied with the service. the fiber optic internet service is fast and reliable, and i have never experienced any issues with connectivity. the monthly charges of $103.85 are reasonable for the quality of service i am receiving. i appreciate the option to pay by mailed check as it is convenient for me. overall, i have no complaints and would recommend this company to others.",TRUE,positive,0.9707805514335632,2
8474-umlnt,,FALSE,,,
9821-pootn,,FALSE,,,
3836-fzsdj,,FALSE,,,
9142-xmyjh,,FALSE,,,
6559-ilwkj,"i have been a customer with this dsl internet provider for over 6 years now, with a two-year contract. i must say that i have been satisfied with the service overall. however, i recently decided to switch providers due to better offers from competitors. the monthly charges of $49.35 were reasonable, and the electronic check payment method was convenient for me. overall, i had a positive experience with this provider, but ultimately decided to churn due to better deals elsewhere.",TRUE,positive,0.921345055,2
0187-qsxoe,,FALSE,,,
7733-udmtp,,FALSE,,,
2649-hwlyb,i have been a customer with this company for over five years now and i have been extremely satisfied with the service. the dsl internet has been reliable and the monthly charges are reasonable at $76.15. i appreciate the convenie,TRUE,positive,0.9781489372253418,2
5214-chiwj,,FALSE,,,
4229-czmll,"""i recently decided to cancel my service after 6 months with this company. while the fiber optic internet service was reliable and fast, i found the monthly charges of $74.9 to be a bit higher than i would have liked. additionally, i prefer to pay my bills with a credit card rather than electronic check, which was a bit inconvenien",TRUE,negative,0.864406407,0
6904-jlbgy,,FALSE,,,
2465-blleu,,FALSE,,,
1685-vayjf,,FALSE,,,
8874-ejnsr,,FALSE,,,
6917-yacbp,,FALSE,,,
5049-mubwg,i have been a customer with this company for 26 months now and have had no issues with my service. the dsl internet is reliable and the monthly charges of $75.0 are reasonable for the quality of service i receive. i appre,TRUE,positive,0.9139047265052795,2
4223-wozcm,,FALSE,,,
0769-murvm,,FALSE,,,
9253-vifjq,"i have been a customer with this internet provider for over 5 years now and i have been very satisfied with the service. the dsl internet has been reliable and consistent, and the monthly charges are reasonable at $67.05. i appreciate the convenience of automatic credit car",TRUE,positive,0.9790568351745605,2
7030-fztfm,,FALSE,,,
9741-ylntd,,FALSE,,,
5917-ryrmg,,FALSE,,,
5120-zblai,i have been a loyal customer with this company for over 4 years now and have had a positive experience overall. the dsl internet service has been reliable and i have had no issues with connectivity. the automatic bank transfer payment method is convenient and hassle-free. the monthly charges of $75.7 are reasonable f,TRUE,positive,0.9624484181404114,2
1194-bhjyc,i have been a customer with this company for over five years now and i have been satisfied with the dsl internet service they provide. the monthly charges are reasonable at $62.15 and i appreciate,TRUE,positive,0.9680274128913879,2
3663-mitlp,"i recently cancelled my service with this provider after being a customer for 15 months. while i appreciated the fast and reliable fiber optic internet service, i ultimately decided to switch providers due to the high monthly charges of $101.25. the month-to-month",TRUE,negative,0.8312153816223145,0
0906-qvpms,,FALSE,,,
9025-zrpvr,,FALSE,,,
1905-oeilc,"i have been a customer with this company for just one month now and so far i am satisfied with the service. even though i do not have internet service with them, i appreciate the affordable monthly charges of $19.5 for the service i do have. i like the flexibility of the month-to-month contract as well. the only downside for me is having to pay by mailed check, as it can be a bit inconvenient. overall, i am happy with my experience so far and have no plans to churn.",TRUE,positive,0.9386817216873169,2
7858-gtzsp,i have been a customer with this company for the past year on a month-to-month contract. i am extremely satisfied with the fiber optic internet service that i receive for a monthly c,TRUE,positive,0.964468241,2
3285-ucqvc,,FALSE,,,
6248-bshkg,"i have been a customer with this company for over 5 years now and i have been satisfied with their services. the monthly charges are reasonable at $20.4 and i appreciate being able to pay via mailed check. even though i do not have internet service with them, i have had no issues with my contract or billing. overall, i am happy with my experience as a long-time customer.",TRUE,positive,0.9600215554237366,2
4685-tflls,i have been a customer with this company for 18 months now and i have been very satisfied with their service. the automatic bank transfer payment method is convenient and hassle-free. although i do no,TRUE,positive,0.9665564298629761,2
3470-btgqo,,FALSE,,,
1209-vffoc,"i have been a customer with this company for over 5 years now and i have been very satisfied with the dsl internet service they provide. the monthly charges are reasonable at $56.4 and i appreciate the convenience of being able to pay by mailing a check. i have never had any issues with my service and have no plans to churn in the near future. overall, i am a happy and loyal customer.",TRUE,positive,0.9685717225074768,2
8224-dwckx,,FALSE,,,
5482-plvpe,,FALSE,,,
4553-dvpzg,,FALSE,,,
4902-ohlsk,,FALSE,,,
6917-iayhd,,FALSE,,,
0495-zbngw,,FALSE,,,
8620-rjpzn,,FALSE,,,
7572-kpvkk,,FALSE,,,
2642-mawlj,,FALSE,,,
2357-coqek,,FALSE,,,
7103-zgvnt,"""i have been a loyal customer of this dsl internet service provider for almost 6 years now and i have been very satisfied with the service. the monthly charges are reasonable at $73.7 and i appreciate the convenience of the automatic credit card payment method. the one-year contract is also a plus as it provides stability and peace of mind. overall, i have had a positive experience and have no complaints. i would definitely recommend this provider to others.""",TRUE,positive,0.9736147522926331,2
3737-gcspv,,FALSE,,,
2027-wkxmw,,FALSE,,,
7137-naxml,,FALSE,,,
2428-zmctb,,FALSE,,,
2961-vnfkl,,FALSE,,,
1768-hnvgj,,FALSE,,,
6963-kqyqb,,FALSE,,,
5934-rmpov,,FALSE,,,
1207-blksa,"i have been a customer with this company for over four years now and i have been satisfied with the service. the monthly charges are affordable at $23.05 and i appreciate the option to pay by mailing a check. however, i do wish that internet service was offered as part of my package. overall, i have had a positive experience and have no complaints.",TRUE,positive,0.9373579025268555,2
4088-yldsu,,FALSE,,,
8316-bbqay,,FALSE,,,
1166-pqlgg,,FALSE,,,
3146-jtqhr,,FALSE,,,
4291-yzodp,"i have been a customer with this company for 7 months now and i am happy to say that i have no plans of churning anytime soon. even though i do not have internet service with them, i am satisfied with the monthly charges of $20.05 for the services i do receive. the fact that i am able to pay by mailing a check is convenient for me. overall, i am pleased with my experience so far and would recommend this company to others.",TRUE,positive,0.9315991401672363,2
4395-pzmsn,,FALSE,,,
6427-fefig,,FALSE,,,
0017-iudmw,"i have been a customer with this company for 6 years now and i have been very satisfied with their service. the fiber optic internet service has been reliable and fast, and the monthly charges of $116.8 are reasonable for the quality of service i receive. i appreciate the convenience of automatic credit card payments, which make it easy to manage my bills. overall, i have no complaints and would recommend this company to others.",TRUE,positive,0.9742162823677063,2
8706-hradd,i have been a customer with this dsl internet service provider for 21 months now and have been satisfied with the service overall. the monthly charges are reasonable at $43.55 and i appreciate the flexibility of a month-to-month contract. i have been using a mailed check as my payment met,TRUE,positive,0.9481517672538757,2
9955-qopoy,i have been a customer with this dsl internet service provider for over 5 years now and i have been very satisfied with the service. the monthly charges are reasonable at $60.8 and i appreciate the,TRUE,positive,0.9753683805465698,2
4385-zkvnw,"i have been a customer of this internet service provider for over 3 years now and i am happy to say that i have never experienced any issues with my service. the monthly charges are very reasonable for the reliable dsl internet i receive. i appreciate the convenience of the automatic bank transfer payment method. overall, i am satisfied with my experience and have no plans to switch providers.",TRUE,positive,0.9602361917495728,2
5446-dkwyw,,FALSE,,,
2034-cgrhz,,FALSE,,,
5797-apwzc,,FALSE,,,
3683-qkiue,,FALSE,,,
4228-zgyuw,,FALSE,,,
9031-zvqpt,,FALSE,,,
2990-iajsv,"i have been a customer with this company for 6 years now and i have been very satisfied with their service. the dsl internet they provide is reliable and the monthly charges of $92 are reasonable. i appreciate the convenience of automatic bank transfers for payment. overall, i have had a positive experience and have no plans to switch providers.",TRUE,positive,0.9675468802452087,2
8107-kncim,,FALSE,,,
9027-yfhqj,,FALSE,,,
5176-ldkuh,,FALSE,,,
4644-obgfz,,FALSE,,,
7926-ijoou,,FALSE,,,
6480-yagiy,,FALSE,,,
4029-hpfvy,"i have been using the fiber optic internet service for the past 3 months and i have been extremely satisfied with the speed and reliability of the connection. the monthly charges of $70.3 are reasonable for the quality of service i am receiving. i appreciate the option to pay by mailed check as it is convenient for me. overall, i am happy with my experience and have no intention of churning.",TRUE,positive,0.9599737524986267,2
7602-dbtou,,FALSE,,,
5345-bmkwb,i have been a customer with this company for 8 months now and i am overall satisfied with the service. the monthly charges are reasonable at $20.25 an,TRUE,positive,0.9523180723190308,2
3519-zkxgg,,FALSE,,,
5457-colht,,FALSE,,,
6416-tvaih,,FALSE,,,
5451-yhypw,"i have been a customer with this company for 6 years now and have been extremely satisfied with their service. the fiber optic internet service has been reliable and fast, and the automatic credit card payments make it convenient to manage my bills. the monthly charges are reasonable at",TRUE,positive,0.9765080213546753,2
5108-adxwo,"i recently canceled my month-to-month fiber optic internet service after being a customer for 11 months. while the service itself was reliable and fast, i found the monthly charges of $73.5 to be a bit high compared to other providers in the area. additionally, i prefer to pay my bills using a different payment method than electronic check, so that was a bit inconvenient for me.",TRUE,negative,0.8449739217758179,0
7998-wnzem,,FALSE,,,
3066-rrjio,,FALSE,,,
4664-njcms,,FALSE,,,
0307-bcopk,,FALSE,,,
7629-wfglw,,FALSE,,,
2542-hygiq,"i have been a customer with this company for 1 month now and i have been satisfied with the service so far. the monthly charges of $19.95 are reasonable for the month-to-month contract type that i have. i appreciate the convenience of the automatic credit card payment method. however, i do wish that internet service was included in my plan. overall, i am happy with the service and have no plans to churn at the moment.",TRUE,positive,0.9318346977233887,2
6715-ofdbp,,FALSE,,,
5016-lipdw,,FALSE,,,
6481-lxpwl,,FALSE,,,
1567-dscic,,FALSE,,,
2150-uwtfy,"i recently decided to cancel my service after being with this company for 22 months. the monthly charges of $61.15 for dsl internet service were reasonable, but i found that the speeds were not up to par with what i needed for my daily usage. additionally, having to mail in a check for payment was inconvenient compared to other companies that offer online payment options. overall, i was satisfied with the service but ultimately decided to switch to a provider with faster speeds and easier payment methods.",TRUE,negative,0.8386210203170776,0
6124-acrhj,,FALSE,,,
9362-mwodr,,FALSE,,,
9975-gpkzu,,FALSE,,,
9625-rzfuk,,FALSE,,,
5153-lxkdt,,FALSE,,,
5161-ubzxi,"i have been a customer with this company for 69 months now and i am extremely satisfied with the service. the fiber optic internet service has been fast and reliable, and i have had no issues with connectivity. the automatic credit card payment method is convenient and hassle-free. although the monthly charges are on the higher side at $106.35, i feel that the quality of service justifies the cost. overall, i have no complaints and would highly recommend this company to others.",TRUE,positive,0.9761471152305603,2
1020-jpqow,,FALSE,,,
7919-zodzz,,FALSE,,,
0565-jupyd,,FALSE,,,
6867-acczi,,FALSE,,,
5939-xaixz,,FALSE,,,
9054-fownv,i have been a customer with this company for 22 months now and i have been extremely satisfied with the fiber optic internet service they provide. the monthly charges of $88.75 are reason,TRUE,positive,0.9685354828834534,2
2683-bpjso,,FALSE,,,
2157-mxbjs,,FALSE,,,
8207-vvmyb,"i have been a customer with this company for 70 months now and i have been very satisfied with their service. the automatic bank transfer payment method makes it convenient for me to pay my monthly charges of $26.0 on time. even though i do not have internet service with them, i have had no issues with my contract type of two years. overall, i have had a positive experience and i have not experienced any reason to consider churning.",TRUE,positive,0.9501670598983765,2
9732-eqmwy,"i have been a customer with this company for almost four years and have been very satisfied with their service. the fiber optic internet is fast and reliable, and i have never exp",TRUE,positive,0.9794369339942932,2
9360-ahgnl,"i have been a customer with this company for over three years now, and i have been mostly satisfied with the fiber optic internet service they provide. however, i recently decided to cancel my subscription due to the high monthly charges of $109.55. i found a better deal with another provider and felt it was time to make a change. i have always paid my bills on time with mailed checks, but the cost was just becoming too much for me to justify. overall, i had a good experience with the internet service itself, but the pricing ultimately led me to churn.",TRUE,neutral,0.4264163076877594,1
1087-udsih,,FALSE,,,
5269-nrgdp,,FALSE,,,
6195-melti,,FALSE,,,
5485-wuywf,,FALSE,,,
2121-jafom,,FALSE,,,
8818-dopvl,,FALSE,,,
2632-ucgvd,,FALSE,,,
5445-pzwgx,,FALSE,,,
1227-udmzr,,FALSE,,,
5198-hqaen,"i have been a customer with this company for 35 months now and i have been very satisfied with the service. the fiber optic internet service has been reliable and fast, and i have had no issues with downtime. the monthly charges of $89.7 are reasonable for the qu",TRUE,positive,0.9692699909210205,2
9170-cckou,,FALSE,,,
2167-fqstq,,FALSE,,,
2819-gweni,,FALSE,,,
1043-ycute,,FALSE,,,
3814-mlaxc,,FALSE,,,
3572-uuhrs,"i have been a customer with this company for over 3 years now and i have had a positive experience overall. the automatic bank transfer payment method is convenient and hassle-free. although i do not have internet service with this provider, the monthly charges are affordable at $18.85. i have not experienced any issues with billing or customer service during my 45-month tenure. overall, i am satisfied with the service and would recommend it to others.",TRUE,positive,0.951093316,2
2692-pfytj,,FALSE,,,
1226-udfzr,,FALSE,,,
5955-epoaz,,FALSE,,,
6821-jpcdc,,FALSE,,,
8815-lmflx,,FALSE,,,
9135-hswoc,,FALSE,,,
8582-krhpj,,FALSE,,,
5811-iwxym,,FALSE,,,
7044-yaacc,,FALSE,,,
8189-xrike,,FALSE,,,
1506-yjtyt,,FALSE,,,
4123-dvhph,,FALSE,,,
6425-yqllo,"i have been a customer with this company for over 5 years now and have been using their fiber optic internet service. however, i recently made the decision to churn because i found a better deal with another provider. even though i enjoyed the reliability of th",TRUE,negative,0.49531280994415283,0
5442-utcvd,,FALSE,,,
2228-bzdee,,FALSE,,,
7734-dboai,"i recently switched to this internet provider and unfortunately had to cancel after only one month. the monthly charges were reasonable at $40.1, but the dsl internet service was unreliable and slower than expected. the payment method with electronic check was convenient, but the overall experience was not worth continuing with the contract. i hope to find a more reliable service provider in the future.",TRUE,negative,0.9023627638816833,0
2789-czanw,,FALSE,,,
2091-rffba,i recently canceled my service after being with this company for 31 months. i was on a month-to-month contract and was paying $73.90 per month for fiber optic internet se,TRUE,negative,0.8989436626434326,0
2114-mgina,,FALSE,,,
7596-lduxp,"""i have been a customer with this company for a year now and i am very satisfied with the service. the fiber optic internet is fast and reliable, and i have had no issues with connectivity. the automatic credit card payment makes it convenient to pay my monthly bill. the monthly charge of $85.15 is reasonable for the quality of service i am receiving. overall, i have no complaints and have no plans to churn. highly recommend this company for their reliable fiber optic internet service.""",TRUE,positive,0.9698095321655273,2
3740-rlmvt,,FALSE,,,
4489-snojf,"i recently decided to cancel my service after being a customer for 35 months. the monthly charges of $72.25 for dsl internet were reasonable, but i found that the service was not meeting my needs. the payment method of electronic check was convenient and easy to use. overall, i was satisfied with the service during my tenure, but ultimately decided to switch providers for better internet performance.",TRUE,negative,0.6411803960800171,0
2192-ozitf,,FALSE,,,
5651-cpdnd,,FALSE,,,
2186-qzeya,,FALSE,,,
1131-alzwv,,FALSE,,,
7729-xbtwx,,FALSE,,,
9134-wyrvp,,FALSE,,,
3284-svcro,,FALSE,,,
9732-ouyrn,,FALSE,,,
0559-ckhus,"i have been a customer with this company for almost 2 and a half years now and i have been satisfied with the service overall. the monthly charges are reasonable at $19.55 and i appreciate the option to pay by mailed check. however, i do not use the internet service provided by the company so i cannot speak to the quality of that. overall, i have had no issues with this company and plan to continue being a customer in the future.",TRUE,positive,0.9221916794776917,2
2931-svltv,,FALSE,,,
6899-ppeea,,FALSE,,,
7504-uwhnb,"i have been a loyal customer with this internet service provider for 25 months now and i have been extremely satisfied with the fiber optic internet service i receive. the monthly charges of $69.75 are reasonable for the quality of service i am receiving. i appreciate the convenience of being able to pay with electronic check each month. overall, i have had no issues with the service and would highly recommend it to others.",TRUE,positive,0.9719898700714111,2
2582-fffzr,"i have been a customer with this company for 22 months now and i am really happy with the service i have received. the dsl internet service has been reliable and fast, and the monthly charges of $50.6 are very reasonable. i appreciate the conv",TRUE,positive,0.984114408,2
8908-nmqtx,i have been a loyal customer with this company for 6 years now and i have been very satisfied with the service. the,TRUE,positive,0.9711612462997437,2
2187-lzgpl,"i recently decided to switch internet providers after being with this company for 7 months. while the monthly charges were reasonable at $40.1, i found that the dsl internet service was not as reliable or fast as i had hoped for. addi",TRUE,negative,0.9000129103660583,0
1431-aidjq,i have been a customer with this company for over two and a half years now and i have been very satisfied with the service. the dsl internet service has been reliable and the monthly charges are reasonable at $82.1. i appreciate the convenience of auto,TRUE,positive,0.9784632325172424,2
6288-lbear,,FALSE,,,
4597-nucqv,,FALSE,,,
9019-qvlzd,,FALSE,,,
8413-ynhnv,"i have been a customer with this company for almost six years now and i have been very satisfied with the service. the dsl internet is reliable and the monthly charges are reasonable. i appreciate being able to pay by mailing a check, as it is convenient for me. overall, i have no complaints and have no intentions of switching providers.",TRUE,positive,0.9648193120956421,2
5808-totxo,,FALSE,,,
4369-nyscf,,FALSE,,,
6333-ydvlt,,FALSE,,,
5324-ktgcg,i have been a customer with this company for over 6 years and have consistently had a positive experience. the monthly charges are reasonable at $20.85 and i appreciate the opt,TRUE,positive,0.9587097764015198,2
5599-hvltw,,FALSE,,,
7394-lwlyn,,FALSE,,,
3707-lrwzd,,FALSE,,,
6873-udnld,,FALSE,,,
2700-lueva,,FALSE,,,
1455-esiqh,,FALSE,,,
0958-yhxgp,,FALSE,,,
1101-sswag,,FALSE,,,
2979-sxese,,FALSE,,,
4013-tldhq,,FALSE,,,
5743-khmna,,FALSE,,,
4194-fjarj,,FALSE,,,
5325-uwtwj,,FALSE,,,
3969-gyxel,,FALSE,,,
9208-olgaq,"i have been with this internet service provider for 18 months now and i am extremely satisfied with the service. the fiber optic internet is fast and reliable, and i have not experienced any issues with connectivity. the monthly charges of $84.95 are reasonable for the quality of se",TRUE,positive,0.9773502349853516,2
3244-cqphu,,FALSE,,,
2674-mlxmn,,FALSE,,,
9708-hpxwz,"i have been a customer with this dsl internet service provider for 5 months now on a month-to-month contract. i have had no issues with churn and my monthly charges are reasonable at $45.4. the automatic credit card payment method is convenient and hassle-free. overall, i am satisfied with the service and plan to continue using it in the future.",TRUE,positive,0.9297025203704834,2
6992-tknyo,"i have been a customer with this dsl internet service provider for 38 months now and i am overall satisfied with the service. the monthly charges of $69.0 are reasonable for the speed and reliability of the internet connection. i appreciate the convenience of the automatic credit card payment method, as it ensures that my bill is always paid on time. i have not experienced any issues with the service that would make me consider churning to another provider. overall, i would recommend this provider to others looking for a reliable and affordable dsl internet service.",TRUE,positive,0.9613258242607117,2
4468-ydovk,,FALSE,,,
3754-dxmrt,,FALSE,,,
5792-jalqc,i have been a customer with this dsl service provider for 52 months now and i am extremely satisfied with the service. the automatic bank transfer payment method is convenient and hassle-free. the monthly charges of $59.85 are reasonable for the quality of,TRUE,positive,0.9794427752494812,2
7130-vtewq,,FALSE,,,
2200-dsaal,,FALSE,,,
4302-zyfel,,FALSE,,,
9351-lzygf,,FALSE,,,
4366-ctouz,,FALSE,,,
6121-vznqb,"i recently signed up for internet service with this provider, but unfortunately had to cancel after only 1 month. the monthly charges were affordable at $19.1, but i was disappo",TRUE,negative,0.828200102,0
7903-cmpey,,FALSE,,,
1518-omdik,,FALSE,,,
6671-ngwon,,FALSE,,,
0595-itudf,,FALSE,,,
6996-knsml,,FALSE,,,
1955-ibmmb,,FALSE,,,
0096-bxers,i have been a customer with this dsl internet service provider for 6 months now and i am very satisfied with the service. the monthly charges of $50.35 are reasonable for the reliabl,TRUE,positive,0.9697543382644653,2
3806-yazov,"i have been a customer with this company for 3 months now and i am pleased to say that i have had no issues with churning. the month-to-month contract option works well for me and the monthly charges are affordable at $18.8. however, i do not use their internet service so i cannot speak to its quality. i prefer to pay by mailed check and have had no problems with this payment method. overall, i am satisfied with my experience so far.",TRUE,positive,0.9044027924537659,2
7998-zlxwn,,FALSE,,,
6253-wrfhy,,FALSE,,,
9133-ayjzg,,FALSE,,,
2675-otvvj,"i have been a customer with this company for over 2 and a half years now and i am extremely satisfied with the service i have received. the fiber optic internet service is fast and reliable, allowing me to stream videos and work from home without any issues. the monthly charges are reasonable for the quality of service i am receiving. i appreciate the convenience of being able to pay with an electronic check each month. overall, i have had a great experience with this company and have no plans to switch providers anytime soon.",TRUE,positive,0.9743544459342957,2
8680-cgltp,"i have been a customer with this dsl provider for almost 2 and a half years now and i have been very satisfied with the service. the monthly charges are reasonable at $58.75 and i have had no issues with the internet service. i like that i can pay with an electronic check, it makes the process convenient and hassle-free. overall, i have had a positive experience with this provider and would recommend them to others.",TRUE,positive,0.9586344957351685,2
8430-twcbx,,FALSE,,,
5018-gwuro,,FALSE,,,
6741-qrlup,,FALSE,,,
4737-hobax,,FALSE,,,
0537-qyzzn,i have been a customer with this company for 24 months now and i am very satisfied with the fiber optic internet service they provide. the monthly charges of $,TRUE,positive,0.9702323079109192,2
3340-qbbfm,,FALSE,,,
1704-nrwye,,FALSE,,,
2592-seifq,,FALSE,,,
8200-klnyw,"i have been a customer with this dsl internet service provider for 21 months now and have been satisfied with the service overall. the monthly charges of $80.9 are reasonable for the internet speed and reliability that i receive. i appreciate being able to pay by mailing a check, as it is a convenient payment method for me. i have not experienced any issues with the service that would make me consider switching providers, so i am happy to continue with my current contract.",TRUE,positive,0.9529659152030945,2
3372-cdxfj,,FALSE,,,
4781-zxygu,i have been a customer with this company for 1 month now and i am happy to say that i have had no issues with my service. the automatic bank transfer payment method is convenient for me and i appreciate the affordable mon,TRUE,positive,0.9652426242828369,2
7632-yutxb,,FALSE,,,
2718-yskcs,,FALSE,,,
9896-uymie,,FALSE,,,
0853-nwifk,,FALSE,,,
8212-crqxp,,FALSE,,,
6980-cdgfc,"i have been a customer with this company for 67 months now and i have been very satisfied with their services. the monthly charges are very reasonable at $20.85 and i appreciate the convenience of automatic bank transfer for payment. even though i do not have internet service with them,",TRUE,positive,0.9683388471603394,2
7691-xvtzh,,FALSE,,,
7481-atqqs,"i recently decided to cancel my service after being a customer for almost four years. while the fiber optic internet service was fast and reliable, i found that i could no longer justify the monthly cost of $90.85, especially since i was only on a month-to-month contract. the automatic credit card payments were convenient, but ultimately, i felt that i could find a more affordable option with similar speeds. overall, i was satisfied with the service provided, but the price point ultimately led me to churn.",TRUE,negative,0.7817066311836243,0
2277-vwcni,,FALSE,,,
1088-cnnkb,i have been a customer with this company for 63 months and have been satisfied with my dsl internet service. the monthly charges of $80 are reasonable for the quality of service i receive. i appreciate the conve,TRUE,positive,0.9548601508140564,2
8642-gvwrf,,FALSE,,,
1930-bzlhi,,FALSE,,,
3400-esfuw,"i have been a customer with this dsl internet service provider for over four and a half years now. i recently decided to churn due to finding a better deal with another provider. the monthly charges were reasonable at $57.55, and the automatic bank transfer payment method made it convenient to pay my bills on time. overall, i had a positive experience with the service during my tenure.",TRUE,positive,0.8330203294754028,2
5868-ytyks,,FALSE,,,
3525-dvkfn,i have been a customer with this company for 17 months now and i am overall satisfied with their service. the monthly charges are reasonab,TRUE,positive,0.9414496421813965,2
1482-oxzsy,"i have been a customer with this company for 30 months now and i am extremely satisfied with the service. the fiber optic internet service is fast and reliable, and i have had no issues with connectivity. the automatic bank transfer for payment makes it convenient and hassle-free. the monthly charges of $100.4 are reasonable for the quality of service i receive. overall, i have no complaints and would highly recommend this company to others.",TRUE,positive,0.9746701717376709,2
0377-jbkkt,,FALSE,,,
5778-bvofb,,FALSE,,,
3373-yzzym,"i have been a customer with this company for 1 month now and so far i am pleased with the service. even though i do not have internet service with them, i appreciate the affordable monthly charges of $19.2 for my month-to-month contract. i also prefer paying by mailed check, and the process has been smooth and hassle-free. overall, i have had a positive experience with this company and would recommend them to others.",TRUE,positive,0.9573544859886169,2
2057-zblpd,,FALSE,,,
0228-mauwc,,FALSE,,,
5502-rluyv,,FALSE,,,
0023-hghwl,"i recently signed up for dsl internet service with this provider on a month-to-month contract. unfortunately, after just one month, i decided to cancel due to slow and unreliable connection. the monthly charges were reasonable at $25.1, but the service did not meet my expectations. i paid through electronic check, which was convenient. overall, i was disappointed with the service and ultimately decided to switch to a different provider.",TRUE,negative,0.9130098223686218,0
7663-yjhsn,,FALSE,,,
4915-bfsxl,,FALSE,,,
3086-rucrn,"i have been with this internet service provider for over 5 years now and i am extremely satisfied with their service. the fiber optic connection is fast and reliable, and i have never",TRUE,positive,0.9818076491355896,2
5215-lnldj,,FALSE,,,
7576-jmywv,,FALSE,,,
9039-rbeee,,FALSE,,,
0257-kxzgu,,FALSE,,,
1307-atkgb,,FALSE,,,
8417-fmlzi,"i recently canceled my service with this provider after being a customer for 6 months. the monthly charges of $83.55 for fiber optic internet were reasonable, but i decided to switch to a different provider for a better deal. the automatic credit card pay",TRUE,negative,0.7841598987579346,0
3714-xpxbw,,FALSE,,,
1850-akqep,,FALSE,,,
2824-dxnkn,,FALSE,,,
5227-jscfe,i have been a loyal customer with this company for over 6 years now and i have been very satisfied with the dsl internet service they provide. the monthly charges are reasonable at $46.35 and i appreciate the convenience of automati,TRUE,positive,0.9775306582450867,2
0848-zgqij,,FALSE,,,
3621-chyvb,,FALSE,,,
8042-rnlko,,FALSE,,,
1792-uxafy,,FALSE,,,
5372-fbkbn,,FALSE,,,
0420-txvsg,,FALSE,,,
6217-towgs,,FALSE,,,
0515-ypmcw,,FALSE,,,
0378-xszpu,,FALSE,,,
1045-ltcyt,"i have been a customer with this company for 8 months now and i have been satisfied with the service. the month-to-month contract and automatic credit card payment make it convenient for me to manage my account. the monthly charges of $21.05 are affordable and reasonable for the service provided. although i do not have internet service with this company, i have had no issues with the other services i receive. overall, i have had a positive experience as a customer and would recommend this company to others.",TRUE,positive,0.9489357471466064,2
1544-jjmyl,,FALSE,,,
4636-jgaai,"i have been a customer with this company for 34 months now and have been very satisfied with the service. the fiber optic internet is fast and reliable, and i have nev",TRUE,positive,0.9726032614707947,2
6874-sglhu,,FALSE,,,
5951-aofih,"i have been a customer with this dsl internet service provider for over 2 and a half years now and i have been very satisfied with the service. the automatic credit card payment method makes it convenient for me to pay my bill each month without any hassle. the monthly charges of $66.4 are reasonable for the reliable internet service i receive. i appreciate the flexibility of the month-to-month contract type as it allows me to make changes to my plan if needed. overall, i have had a positive experience with this provider and would recommend them to others.",TRUE,positive,0.9570792317390442,2
4729-xkasr,,FALSE,,,
3059-ngmxb,,FALSE,,,
8652-yhiyu,,FALSE,,,
5278-pnyox,,FALSE,,,
5449-fibxj,,FALSE,,,
3486-hoogq,i have been a customer with this company for over 5 years now and i have been very satisfied with the service. the automatic bank transfer payment method makes it convenient for me to pay my bill on time every month. the dsl internet service has been reliable and the monthly charges are reasonable at $79.7. i have not experienced any,TRUE,positive,0.9533126354217529,2
5061-pbxfw,,FALSE,,,
8630-fjlib,,FALSE,,,
3891-nlxjb,,FALSE,,,
4749-ojkqu,,FALSE,,,
0577-whmev,,FALSE,,,
5453-axepf,,FALSE,,,
3639-xjhkq,,FALSE,,,
3716-lrgxk,i have been a customer with this company for 5 years now and have been very satisfied with the fiber optic internet service. the automatic credit card payment method makes it convenient for me to pay my monthly charges of $101.15. i have not experienced any issues with the servic,TRUE,positive,0.9367830157279968,2
2263-sfsqz,i have been a loyal customer for over four years and have never experienced any issues with my service. the monthly charges are very reasonable at $24.95 and i appreciate the option to pay by mailed check. i do not have internet servi,TRUE,positive,0.8433887958526611,2
9950-mtgyx,,FALSE,,,
3397-avtku,,FALSE,,,
4825-furez,,FALSE,,,
9837-bmclm,"""i recently switched to this fiber optic internet service provider three months ago with a month-to-month contract. the monthly charges of $78.5 were reasonable compared to other providers in the area. however, i experienced frequent outages and slow speeds which led me to ultimately cancel my service. the pa",TRUE,negative,0.5155753493309021,0
2672-ojqzp,,FALSE,,,
0137-udeuo,"i recently cancelled my service with this company after only 3 months of being a customer. the monthly charges were reasonable at $19.85, but i was disappointed to find out that internet service was not included in my plan. additionally, having to pay by mailing a check was inconvenient and outdated. i ultimately decided to switch to a different provider that offered a more comprehensive package with easier payment options.",TRUE,negative,0.9052727818489075,0
3134-dshvc,,FALSE,,,
6161-uuuta,,FALSE,,,
7821-dprqe,"i have been a customer with this company for almost 6 years now and i have been extremely satisfied with the service provided. the fiber optic internet service is fast and reliable, allowing me to stream movies, work from home, and video chat with no issues. the monthly charges are reasonable for the quality of service i receive. i appreciate the convenience of the electronic check payment method as well. overall, i have no complaints and would highly recommend this company to others.",TRUE,positive,0.9715024828910828,2
6543-xrmyr,,FALSE,,,
2001-ewbqu,"i have been a loyal customer of this fiber optic internet service provider for the past five years and have been extremely satisfied with the service. the speed and reliability of the connection have been consistently excellent, allo",TRUE,positive,0.9834492802619934,2
4925-lmhok,,FALSE,,,
1608-gmewb,,FALSE,,,
6695-amzuf,,FALSE,,,
1455-ugqvh,"i recently cancelled my service after being a customer for 10 months with the month-to-month contract. the monthly charges of $98.5 were a bit on the higher side for me, especially considering i could find cheaper options elsewhere. the fiber optic internet service itself was reliable and fast, but ultimately i decided to switch",TRUE,negative,0.6705578565597534,0
8410-bgqxn,i have been a customer with this company for 4 months now and have been satisfied with the service so far. the month-to-month contract option works well for me as i appreciate the flexibility it offers. the monthly charges ar,TRUE,positive,0.963196337,2
8280-mqrqn,"i recently signed up for dsl internet service with this company on a month-to-month contract. unfortunately, after just one month, i decided to cancel due to slow internet speeds and unreliable connection. the monthly charges of $50.45 were reasonabl",TRUE,negative,0.9222912788391113,0
1619-ywubb,,FALSE,,,
7611-ykytc,"i have been a customer with this company for 22 months now and i have been extremely satisfied with their service. the fiber optic internet service has been fast and reliable, allowing me to stream and work from home without an",TRUE,positive,0.9800311326980591,2
2037-sgxhh,"i recently decided to switch internet providers after being with this company for almost three years. while the fiber optic internet service was fast and reliable, the monthly charges kept increasing without any explanation. as a month-to-month customer, i found it frustrating to see my bill go up without any warning or justification. additionally, i had issues with the electronic check payment method, as it sometimes took longer to process than expected. overall, i was satisfied with the internet service itself, but the pricing and payment issues ultimately led me to churn and find a more affordable option.",TRUE,negative,0.8345128893852234,0
3178-feszo,,FALSE,,,
0365-gxezs,,FALSE,,,
0082-oqiqy,,FALSE,,,
6087-mvhjh,"i recently cancelled my service with this provider after being a customer for 16 months. i was on a month-to-month contract and was paying $88.45 per month for fiber optic internet service. overall, i was satisfied with the quality of the internet service, but i ultimately decided to switch to a different provider for a better promotional offer. the payment method of electronic check was convenient and i never had any issues with billing. i would consider returning to this provider in the future if they offer competitive pricing or promotions.",TRUE,negative,0.5295767784118652,0
4603-janfb,,FALSE,,,
3018-tftsu,,FALSE,,,
3606-sbkry,,FALSE,,,
4806-kexqr,,FALSE,,,
0667-nsrgi,,FALSE,,,
7083-ynsky,,FALSE,,,
6893-odyye,,FALSE,,,
8242-jsvbo,,FALSE,,,
2479-bramr,"i have been a customer with this company for 41 months now and unfortunately, i have decided to churn. the monthly charges of $83.75 for fiber optic internet service were reasonable, but i found myself wanting to explore other options. the automatic bank transfer payment method was convenient and hassle-free. overall, my experience with this company was satisfactory, but i felt it was time for a change.",TRUE,negative,0.6312092542648315,0
9541-zpsea,,FALSE,,,
2665-nptgl,,FALSE,,,
1139-wuoah,,FALSE,,,
4693-vwvbo,i have been a customer with this company for 3 months now and have been satisfied with the service so far. the monthly charges are reasonable at $19.55 and i appreciate the convenience of the ele,TRUE,positive,0.9652917385101318,2
7434-shxls,,FALSE,,,
6937-gcdgq,,FALSE,,,
0988-jrwwp,,FALSE,,,
5075-jsdki,,FALSE,,,
7908-qcbca,,FALSE,,,
8644-xytsv,"i have been a customer with this internet service provider for over three and a half years now and i have been extremely satisfied with the service. the monthly charges are very reasonable at $40.15 and the fact that i can pay via bank transfer automatically each month is very convenient. the dsl internet service has been reliable and i have experienced very minimal downtime. overall, i have had a positive experience and would recommend this provider to others.",TRUE,positive,0.9753497838973999,2
6711-fldfb,,FALSE,,,
3873-wosbc,,FALSE,,,
7465-zzrvx,"i have been with this internet service provider for one month now and i am very satisfied with the fiber optic internet service they offer. the connection is fast and reliable, and i have not experienced any issues s",TRUE,positive,0.9729861617088318,2
7975-jmznt,,FALSE,,,
7251-xfoil,,FALSE,,,
4116-iqrfr,i have been a customer with this company for 4 months now and so far i am satisfied with the service. the monthly charges are reasonable at $24.1 and the automatic credit card payment method is convenient for me. although i do not have internet service with t,TRUE,positive,0.9381456971168518,2
3714-jtvov,,FALSE,,,
8259-dzliz,,FALSE,,,
0442-zxkvs,,FALSE,,,
7853-wnzsy,,FALSE,,,
3120-fazkd,"i have been a customer with this company for over 4 years now and i have been very satisfied with the service. the automatic bank transfer payment method makes it convenient for me to pay my bill on time every month. even though i do not have internet service with this company, the monthl",TRUE,positive,0.9585847854614258,2
8606-oegqz,,FALSE,,,
0225-zorzp,,FALSE,,,
4702-ioqdc,,FALSE,,,
9489-jmttn,,FALSE,,,
0575-cuqov,,FALSE,,,
0967-bmlbd,,FALSE,,,
6178-kfnhs,,FALSE,,,
